receita;codigo_reduzido;exercicio;cod_empresa;empresa;tipo_economia;codigo_orgao_vinculado;descricao_orgao_vinculado;sigla_orgao_vinculado;codigo_unidade_vinculada;descricao_unidade_vinculada;sigla_unidade_vinculada;legislacao_receita;aplicacao_receita;descricao_receita;descricao_resumida;categoria_economica;desc_categoria_economica;fonte;especificacao;rubrica;alinea;sub_alinea;detalhamento;desdobramento;tipo_conta;receita_orcamentaria;receita_educacao;receita_saude;utiliza_drd;fonte_recurso;descricao_fonte_recurso;dedutora;receita_prevista;janeiro_receita_atualizada;fevereiro_receita_atualizada;marco_receita_atualizada;abril_receita_atualizada;maio_receita_atualizada;junho_receita_atualizada;julho_receita_atualizada;agosto_receita_atualizada;setembro_receita_atualizada;outubro_receita_atualizada;novembro_receita_atualizada;dezembro_receita_atualizada;total_receita_atualizada;data_extracao
1,11303110100000e+24;23523;2025;1;PREFEITURA DO MUNICÍPIO DE SÃO PAULO;Direta;NA;NA;NA;NA;NA;NA;NA;NA;Imposto sobre a Renda - Retido na Fonte - Trabalho  - PF;Imposto sobre a Renda - Retido na Fonte - Trabalho  - PF;1;Receita Corrente;1;1;3;3;1;1;1;A;S;P;P;S;00.1.500.9003;Tesouro Municipal;N;146107774;141077358,30;-128293801,90;12023702,44;7850641,76;35467237,55;9345426,33;35417090,09;37480960,08;27023542,08;5445406,91;4505107,13;5770956,42;193113627,20;16/01/2026
1,11303110100000e+24;23525;2025;1;PREFEITURA DO MUNICÍPIO DE SÃO PAULO;Direta;NA;NA;NA;NA;NA;NA;NA;NA;Deduções do Imposto sobre a Renda - Retido na Fonte - Trabalho - PF;Deduções do Imposto sobre a Renda - Retido na Fonte - Trabalho - PF;1;Receita Corrente;1;1;3;3;1;1;1;A;S;P;P;S;00.1.500.9003;Tesouro Municipal;S;0;0,00;0,00;-53,22;0,00;-184,32;0,00;-476,95;0,00;0,00;-239337,27;0,00;-872752,27;-1112804,03;16/01/2026
1,11303310100000e+24;23537;2025;1;PREFEITURA DO MUNICÍPIO DE SÃO PAULO;Direta;NA;NA;NA;NA;NA;NA;NA;NA;Imposto sobre a Renda - Retido na Fonte - Remessa ao Exterior - PF;Imposto sobre a Renda - Retido na Fonte - Remessa ao Exterior - PF;1;Receita Corrente;1;1;3;3;3;1;1;A;S;P;P;S;00.1.500.9003;Tesouro Municipal;N;160136;0,00;0,00;0,00;0,00;0,00;0,00;0,00;0,00;8102,11;881,34;965,27;930,72;10879,44;16/01/2026
1,11303310200000e+24;23542;2025;1;PREFEITURA DO MUNICÍPIO DE SÃO PAULO;Direta;NA;NA;NA;NA;NA;NA;NA;NA;Imposto sobre a Renda - Retido na Fonte - Remessa ao Exterior - PJ;Imposto sobre a Renda - Retido na Fonte - Remessa ao Exterior - PJ;1;Receita Corrente;1;1;3;3;3;1;2;A;S;P;P;S;00.1.500.9003;Tesouro Municipal;N;27638451;0,00;0,00;3377,13;36548,74;8091,97;29625824,52;8974,80;18142,67;0,00;0,00;0,00;44098,33;29745058,16;16/01/2026
1,11303320200000e+24;23553;2025;1;PREFEITURA DO MUNICÍPIO DE SÃO PAULO;Direta;NA;NA;NA;NA;NA;NA;NA;NA;Imposto sobre a Renda - Retido na Fonte - Remessa ao Exterior - PJ - Multas e Juros;IRRF - Remessa ao Exterior - PJ - Multas e Juros;1;Receita Corrente;1;1;3;3;3;2;2;A;S;P;P;S;00.1.500.9003;Tesouro Municipal;N;0;0,00;0,00;0,00;0,00;0,00;0,00;0,00;0,00;0,00;0,00;0,00;0,00;0,00;16/01/2026
1,11303410100000e+24;23560;2025;1;PREFEITURA DO MUNICÍPIO DE SÃO PAULO;Direta;NA;NA;NA;NA;NA;NA;NA;NA;Imposto sobre a Renda - Retido na Fonte - Outros Rendimentos - PF;Imposto sobre a Renda - Retido na Fonte - Outros Rendimentos - PF;1;Receita Corrente;1;1;3;3;4;1;1;A;S;P;P;S;00.1.500.9003;Tesouro Municipal;N;7409553;5399,03;5399,03;862561,73;862541,87;440940,05;547394,55;857142,84;428571,42;428571,42;428571,42;0,00;428571,42;5295664,78;16/01/2026
1,11303410100000e+24;23562;2025;1;PREFEITURA DO MUNICÍPIO DE SÃO PAULO;Direta;NA;NA;NA;NA;NA;NA;NA;NA;Deduções do Imposto sobre a Renda - Retido na Fonte - Outros Rendimentos - PF;Deduções do IRRF - Outros Rendimentos - PF;1;Receita Corrente;1;1;3;3;4;1;1;A;S;P;P;S;00.1.500.9003;Tesouro Municipal;S;0;0,00;0,00;-1376,47;0,00;0,00;0,00;0,00;0,00;0,00;0,00;0,00;0,00;-1376,47;16/01/2026
1,11303410200000e+24;23565;2025;1;PREFEITURA DO MUNICÍPIO DE SÃO PAULO;Direta;NA;NA;NA;NA;NA;NA;NA;NA;Imposto sobre a Renda - Retido na Fonte - Outros Rendimentos - PJ;Imposto sobre a Renda - Retido na Fonte - Outros Rendimentos - PJ;1;Receita Corrente;1;1;3;3;4;1;2;A;S;P;P;S;00.1.500.9003;Tesouro Municipal;N;788111976;42296888,27;57541666,62;42570880,05;62509532,02;63098937,65;55910291,62;50462590,43;44186762,71;53316754,13;44008553,50;45972835,60;84544900,70;646420593,30;16/01/2026
1,11303410200000e+24;23567;2025;1;PREFEITURA DO MUNICÍPIO DE SÃO PAULO;Direta;NA;NA;NA;NA;NA;NA;NA;NA;Deduções do Imposto sobre a Renda - Retido na Fonte - Outros Rendimentos - PJ;Deduções do IRRF - Outros Rendimentos - PJ;1;Receita Corrente;1;1;3;3;4;1;2;A;S;P;P;S;00.1.500.9003;Tesouro Municipal;S;0;-264,00;-63942,57;-506,08;0,00;-87,19;-97675,66;-2980,61;0,00;-14695,45;-1872231,90;-5188,14;-27815,40;-2085387,00;16/01/2026
1,11303420200000e+24;23576;2025;1;PREFEITURA DO MUNICÍPIO DE SÃO PAULO;Direta;NA;NA;NA;NA;NA;NA;NA;NA;Imposto sobre a Renda - Retido na Fonte - Outros Rendimentos - PJ - Multas e Juros;IRRF - Outros Rendimentos - PJ - Multas e Juros;1;Receita Corrente;1;1;3;3;4;2;2;A;S;P;P;S;00.1.500.9003;Tesouro Municipal;N;0;0,00;0,00;0,00;0,00;0,00;0,00;0,00;0,00;0,00;0,00;0,00;0,00;0,00;16/01/2026
1,92201110100000e+24;28705;2025;1;PREFEITURA DO MUNICÍPIO DE SÃO PAULO;Direta;NA;NA;NA;NA;NA;NA;NA;NA;Restituições de valores não utilizados em convênios;Restituições de valores não utilizados em convênios;1;Receita Corrente;9;2;2;1;1;1;1;A;S;N;N;S;00.1.501.9001;Tesouro Municipal;N;16875565;1948030,96;1027128,04;670581,14;1389195,13;2253638,76;1094201,12;1740566,94;846415,46;3430231,35;901198,64;781585,40;430036,06;16512809,00;16/01/2026
1,92201110100000e+24;28707;2025;1;PREFEITURA DO MUNICÍPIO DE SÃO PAULO;Direta;NA;NA;NA;NA;NA;NA;NA;NA;Deduções Restituições de valores não utilizados em convênios;Deduções Restituições de valores não utilizados em convênios;1;Receita Corrente;9;2;2;1;1;1;1;A;S;N;N;N;00.1.501.9001;Tesouro Municipal;S;0;0,00;-14,50;-5425,93;0,00;-1060,50;0,00;-4219,44;0,00;0,00;-66917,22;-85630,44;0,00;-163268,03;16/01/2026
1,92206110100000e+24;28727;2025;1;PREFEITURA DO MUNICÍPIO DE SÃO PAULO;Direta;NA;NA;NA;NA;NA;NA;NA;Processo nº 8110.2020/0000847-7 - Reativado pela demanda [D21938];Restituição de Despesas de Exercícios Anteriores;Restituição de Despesas de Exercícios Anteriores;1;Receita Corrente;9;2;2;6;1;1;1;A;S;N;N;S;00.1.501.9001;Tesouro Municipal;N;24461690;87259,38;328015,10;70022,45;107854,05;93313,17;102477,98;92900,43;55586,87;33463,01;2041668,46;3533157,58;128137,88;6673856,36;16/01/2026
1,92206110100000e+24;28727;2025;8;FUNDO PREVIDENCIÁRIO - FUNPREV;Indireta;3;Fundo Previdenciário - FUNPREV;FUNPREV;NA;NA;NA;NA;Processo nº 8110.2020/0000847-7 - Reativado pela demanda [D21938];Restituição de Despesas de Exercícios Anteriores;Restituição de Despesas de Exercícios Anteriores;1;Receita Corrente;9;2;2;6;1;1;1;A;S;N;N;S;20.1.800.9001;Recursos Vinculados à Previdência Social;N;0;0,00;0,00;0,00;0,00;0,00;0,00;0,00;0,00;0,00;0,00;0,00;13938858,71;13938858,71;16/01/2026
1,92206110100000e+24;28727;2025;83;COMPANHIA METROPOLITANA DE HABITAÇÃO DE SÃO PAULO;Indireta;83;Companhia Metropolitana de Habitação de São Paulo;COHAB;NA;NA;NA;NA;Processo nº 8110.2020/0000847-7 - Reativado pela demanda [D21938];Restituição de Despesas de Exercícios Anteriores;Restituição de Despesas de Exercícios Anteriores;1;Receita Corrente;9;2;2;6;1;1;1;A;S;N;N;S;09.1.501.9001;Recursos Próprios da Empresa Dependente;N;1000;9613,73;85318,19;374127,89;85175,12;429047,04;47296,73;44257,52;0,00;19697,75;239472,27;4387,35;183870,01;1522263,60;16/01/2026
1,92206110100000e+24;28727;2025;9;FUNDO FINANCEIRO - FUNFIN;Indireta;3;Fundo Financeiro - FUNFIN;FUNFIN;NA;NA;NA;NA;Processo nº 8110.2020/0000847-7 - Reativado pela demanda [D21938];Restituição de Despesas de Exercícios Anteriores;Restituição de Despesas de Exercícios Anteriores;1;Receita Corrente;9;2;2;6;1;1;1;A;S;N;N;S;20.1.801.9001;Recursos Vinculados à Previdência Social;N;0;0,00;0,00;0,00;0,00;0,00;0,00;0,00;0,00;0,00;0,00;0,00;7229747,63;7229747,63;16/01/2026
1,11303210100000e+24;31989;2025;1;PREFEITURA DO MUNICÍPIO DE SÃO PAULO;Direta;NA;NA;NA;NA;NA;NA;NA;NA;Imposto sobre a Renda - Retido na Fonte - Capital - PF;Imposto sobre a Renda - Retido na Fonte - Capital - PF;1;Receita Corrente;1;1;3;3;2;1;1;A;S;P;P;S;00.1.500.9003;Tesouro Municipal;N;8206016;516318,56;412346,22;1005821,44;781391,83;733634,56;702795,46;730629,40;740275,44;717316,95;861313,55;724792,60;1005455,06;8932091,07;16/01/2026
1,92206110300000e+24;33674;2025;1;PREFEITURA DO MUNICÍPIO DE SÃO PAULO;Direta;NA;NA;NA;NA;NA;NA;Processo SEI 6017.2018/0054400-5;Restituição de Despesas de Exercícios Anteriores é destinada ao registro do valor de receitas decorrentes de recuperação de despesas efetuadas em exercícios anteriores e canceladas no exercício corrente, provenientes do recebimento de disponibilidades referentes a devoluções de recursos pagos a maior a Agentes Públicos Falecidos. - Reativado pela demanda [D21938];Restituição de Despesas de Exercícios Anteriores - Agentes Públicos Falecidos;Restituição Desp Exerc Anteriores - Agentes Públicos Falecidos;1;Receita Corrente;9;2;2;6;1;1;3;A;S;N;N;S;00.1.501.9001;Tesouro Municipal;N;15386;2236,15;287140,24;102275,85;9756,44;3508,54;6899,28;3681,90;6198,90;6223,72;74024,76;679,93;4500,53;507126,24;16/01/2026
1,92206110500000e+24;34219;2025;23;FUNDO ESPECIAL DE DESPESAS DO TCMSP;Legislativo;77;Fundo Especial de Despesas do Tribunal de Contas;FTCMSP;NA;NA;NA;NA;- Reativado pela demanda [D21938] - Reativado pela demanda [D21938];Restituição de Despesas de Exercícios Anteriores - Saldo Não Utilizado de Adiantamento;Restituição Despesas Exerc Anteriores-Saldo Não Utilizado Adiantamento;1;Receita Corrente;9;2;2;6;1;1;5;A;S;N;N;N;08.1.759.8005;Tesouro Municipal - Recursos Vinculados;N;1800;0,00;0,00;0,00;0,00;0,00;0,00;0,00;0,00;0,00;0,00;0,00;0,00;0,00;16/01/2026
1,92206110500000e+24;34219;2025;1;PREFEITURA DO MUNICÍPIO DE SÃO PAULO;Direta;NA;NA;NA;NA;NA;NA;NA;- Reativado pela demanda [D21938] - Reativado pela demanda [D21938];Restituição de Despesas de Exercícios Anteriores - Saldo Não Utilizado de Adiantamento;Restituição Despesas Exerc Anteriores-Saldo Não Utilizado Adiantamento;1;Receita Corrente;9;2;2;6;1;1;5;A;S;N;N;N;00.1.501.9001;Tesouro Municipal;N;111061;11573,78;11978,04;8339,76;25965,84;3909,84;2195,76;4917,64;5000,00;1147,54;63,03;19297,41;8418,99;102807,63;16/01/2026
1,92206110500000e+24;34219;2025;8;FUNDO PREVIDENCIÁRIO - FUNPREV;Indireta;3;Fundo Previdenciário - FUNPREV;FUNPREV;NA;NA;NA;NA;- Reativado pela demanda [D21938] - Reativado pela demanda [D21938];Restituição de Despesas de Exercícios Anteriores - Saldo Não Utilizado de Adiantamento;Restituição Despesas Exerc Anteriores-Saldo Não Utilizado Adiantamento;1;Receita Corrente;9;2;2;6;1;1;5;A;S;N;N;N;20.1.800.9001;Recursos Vinculados à Previdência Social;N;1020;0,00;0,00;0,00;0,00;0,00;0,00;0,00;0,00;0,00;0,00;0,00;0,00;0,00;16/01/2026
1,92206110500000e+24;34219;2025;4;HOSPITAL DO SERVIDOR PÚBLICO MUNICIPAL;Indireta;2;Hospital do Servidor Público Municipal;HSPM;NA;NA;NA;NA;- Reativado pela demanda [D21938] - Reativado pela demanda [D21938];Restituição de Despesas de Exercícios Anteriores - Saldo Não Utilizado de Adiantamento;Restituição Despesas Exerc Anteriores-Saldo Não Utilizado Adiantamento;1;Receita Corrente;9;2;2;6;1;1;5;A;S;N;N;N;06.1.501.9001;Recursos Próprios da Administração Indireta;N;2600;383,82;0,00;0,00;0,00;0,00;0,00;0,00;0,00;0,00;0,00;0,00;0,00;383,82;16/01/2026
1,92206110500000e+24;34219;2025;5;INSTITUTO DE PREVIDÊNCIA MUNICIPAL DE SÃO PAULO;Indireta;3;Instituto de Previdência Municipal de São Paulo;IPREM;NA;NA;NA;NA;- Reativado pela demanda [D21938] - Reativado pela demanda [D21938];Restituição de Despesas de Exercícios Anteriores - Saldo Não Utilizado de Adiantamento;Restituição Despesas Exerc Anteriores-Saldo Não Utilizado Adiantamento;1;Receita Corrente;9;2;2;6;1;1;5;A;S;N;N;N;00.1.501.9001;Tesouro Municipal;N;0;0,00;0,00;1000,00;0,00;0,00;0,00;0,00;0,00;0,00;0,00;0,00;0,00;1000,00;16/01/2026
1,92206110500000e+24;34219;2025;30;SÃO PAULO URBANISMO;Indireta;5;São Paulo Urbanismo;SPU;NA;NA;NA;NA;- Reativado pela demanda [D21938] - Reativado pela demanda [D21938];Restituição de Despesas de Exercícios Anteriores - Saldo Não Utilizado de Adiantamento;Restituição Despesas Exerc Anteriores-Saldo Não Utilizado Adiantamento;1;Receita Corrente;9;2;2;6;1;1;5;A;S;N;N;N;09.1.501.9001;Recursos Próprios da Empresa Dependente;N;1000;0,00;0,00;0,00;0,00;0,00;0,00;0,00;0,00;0,00;0,00;0,00;0,00;0,00;16/01/2026
1,92206110600000e+24;34895;2025;1;PREFEITURA DO MUNICÍPIO DE SÃO PAULO;Direta;NA;NA;NA;NA;NA;NA;NA;Processo nº 6017.2019/0058782-2 - Reativado pela demanda [D21938];Restituição de Despesas de Exercícios Anteriores - Saldo decorrentes da revisão de cálculo de precatórios;Restit Desp Exerc Anteriores - Saldo dec revisão cálculo precatórios;1;Receita Corrente;9;2;2;6;1;1;6;A;S;N;N;S;00.1.501.9001;Tesouro Municipal;N;369090;274,34;0,00;22378,73;274,34;0,00;0,00;0,00;280,92;280,92;0,00;280,92;280,92;24051,09;16/01/2026
1,92206110700000e+24;34957;2025;1;PREFEITURA DO MUNICÍPIO DE SÃO PAULO;Direta;84;Fundo Municipal de Saúde;FMS/SMS;NA;NA;NA;NA;Processo SEI 6017.2019/0068743-6 - Reativado pela demanda [D21938];Restituição de Despesas de Exercícios Anteriores - Saldo Não Utilizado de Adiantamento - FMS;Restituição Desp Exerc Anteriores - Saldo Não Utiliz Adiantamento -FMS;1;Receita Corrente;9;2;2;6;1;1;7;A;S;N;S;S;08.1.659.1265;Tesouro Municipal - Recursos Vinculados;N;3000;9980,38;0,00;0,00;0,00;0,00;0,00;0,00;0,00;0,00;0,00;0,00;0,00;9980,38;16/01/2026
1,92201110500000e+24;34961;2025;1;PREFEITURA DO MUNICÍPIO DE SÃO PAULO;Direta;84;Fundo Municipal de Saúde;FMS/SMS;NA;NA;NA;NA;Processo SEI 6018.2019/0084759-5;Restituição Oriunda de Entidades Parceiras - Recursos União;Restituição Oriunda de Entidades Parceiras - Recursos União;1;Receita Corrente;9;2;2;1;1;1;5;A;S;N;S;S;02.1.600.1168;Transferências Federais;N;4800000;485363,82;1047474,87;482012,41;455893,82;451177,77;663619,23;555134,55;506058,76;558001,11;466304,03;780288,05;697015,01;7148343,43;16/01/2026
1,92201110600000e+24;34964;2025;1;PREFEITURA DO MUNICÍPIO DE SÃO PAULO;Direta;84;Fundo Municipal de Saúde;FMS/SMS;NA;NA;NA;NA;Processo nº 6018.2019/0084759-5;Restituição Oriunda de Entidades Parceiras - Recursos Estado;Restituição Oriunda de Entidades Parceiras - Recursos Estado;1;Receita Corrente;9;2;2;1;1;1;6;A;S;N;S;S;03.1.621.0730;Transferências Estaduais;N;2400;0,00;0,00;0,00;0,00;0,00;265,57;1667,83;0,00;0,00;0,00;0,00;0,00;1933,40;16/01/2026
6,11100113001000e+24;35030;2025;1;PREFEITURA DO MUNICÍPIO DE SÃO PAULO;Direta;NA;NA;NA;NA;NA;NA;NA;NA;Recursos Arrecadados - Barras Não-FEBRABAN;Recursos Arrecadados - Barras Não-FEBRABAN;6;Receita Extraorçamentária;1;1;1;0;1;1;30;A;N;N;N;S;12.1.869.9001;Recursos Extraorçamentários;N;0;-189073485,60;-19556904,20;-9186749,92;9645611,09;-1863528,41;-22680254,74;47346991,59;-6350533,61;-12891767,95;150717528,70;-136545402,70;196357611,90;5919116,24;16/01/2026
6,11100113002000e+24;35031;2025;1;PREFEITURA DO MUNICÍPIO DE SÃO PAULO;Direta;NA;NA;NA;NA;NA;NA;NA;NA;Recursos Arrecadados - Barras FEBRABAN;Recursos Arrecadados - Barras FEBRABAN;6;Receita Extraorçamentária;1;1;1;0;1;1;30;A;N;N;N;S;12.1.869.9001;Recursos Extraorçamentários;N;0;-156529281,50;-32099713,01;88927093,24;17828836,08;-12644141,66;-45941776,58;80635401,21;-27138825,18;-5745453,00;47102631,77;-46010634,07;93103948,90;1488086,17;16/01/2026
6,11100113003000e+24;35032;2025;1;PREFEITURA DO MUNICÍPIO DE SÃO PAULO;Direta;NA;NA;NA;NA;NA;NA;NA;NA;Recursos Arrecadados - RENAINF;Recursos Arrecadados - RENAINF;6;Receita Extraorçamentária;1;1;1;0;1;1;30;A;N;N;N;S;12.1.869.9001;Recursos Extraorçamentários;N;0;0,00;0,00;0,00;-46010,50;46010,50;-124145,80;124145,80;-2808184,94;2808184,94;0,00;0,00;0,00;0,00;16/01/2026
6,11100113004000e+24;35033;2025;1;PREFEITURA DO MUNICÍPIO DE SÃO PAULO;Direta;NA;NA;NA;NA;NA;NA;NA;NA;Recursos Arrecadados - FUMCAD;Recursos Arrecadados - FUMCAD;6;Receita Extraorçamentária;1;1;1;0;1;1;30;A;N;N;N;S;12.1.869.9001;Recursos Extraorçamentários;N;0;568702,66;3381,35;-79563,95;74960,50;4390,00;-328773,00;331773,00;-352,09;-87395,25;46826,78;36832,59;-1469030,45;-898247,86;16/01/2026
6,11100113005000e+24;35034;2025;1;PREFEITURA DO MUNICÍPIO DE SÃO PAULO;Direta;NA;NA;NA;NA;NA;NA;NA;NA;Recursos Arrecadados - Levantamentos Judiciais - FISC;Recursos Arrecadados - Levantamentos Judiciais - FISC;6;Receita Extraorçamentária;1;1;1;0;1;1;30;A;N;N;N;S;12.1.869.9001;Recursos Extraorçamentários;N;0;-1575785,40;1337300,67;-131501,45;383777,53;-238961,98;-923815,98;1162777,96;-576236,99;548872,37;-1916892,17;878995,06;1064677,76;13207,38;16/01/2026
6,11100113006000e+24;35035;2025;1;PREFEITURA DO MUNICÍPIO DE SÃO PAULO;Direta;NA;NA;NA;NA;NA;NA;NA;NA;Recursos Arrecadados - Levantamentos Judiciais - JUD;Recursos Arrecadados - Levantamentos Judiciais - JUD;6;Receita Extraorçamentária;1;1;1;0;1;1;30;A;N;N;N;S;12.1.869.9001;Recursos Extraorçamentários;N;0;-907,73;907,73;-42185,83;41785,83;-5171,12;4871,12;58,65;641,35;-645,14;-4109,35;-27535,21;32289,70;0,00;16/01/2026
6,11100113007000e+24;35036;2025;1;PREFEITURA DO MUNICÍPIO DE SÃO PAULO;Direta;NA;NA;NA;NA;NA;NA;NA;NA;Recursos Arrecadados - Simples Nacional;Recursos Arrecadados - Simples Nacional;6;Receita Extraorçamentária;1;1;1;0;1;1;30;A;N;N;N;S;12.1.869.9001;Recursos Extraorçamentários;N;0;-2897306,40;1782582,47;183755,50;-268048,28;520084,55;-280419,87;-803534,72;385679,83;-437537,81;-591009,84;700593,50;-5898288,32;-7603449,39;16/01/2026
6,11100113008000e+24;35037;2025;1;PREFEITURA DO MUNICÍPIO DE SÃO PAULO;Direta;NA;NA;NA;NA;NA;NA;NA;NA;Recursos Arrecadados - ISS-STN;Recursos Arrecadados - ISS-STN;6;Receita Extraorçamentária;1;1;1;0;1;1;30;A;N;N;N;S;12.1.869.9001;Recursos Extraorçamentários;N;0;0,00;0,00;0,00;0,00;0,00;0,00;0,00;-342481,36;342481,36;0,00;-418483,72;418483,72;0,00;16/01/2026
6,11100113009000e+24;35038;2025;1;PREFEITURA DO MUNICÍPIO DE SÃO PAULO;Direta;NA;NA;NA;NA;NA;NA;NA;NA;Recursos Arrecadados - Multa de Trânsito;Recursos Arrecadados - Multa de Trânsito;6;Receita Extraorçamentária;1;1;1;0;1;1;30;A;N;N;N;S;12.1.869.9001;Recursos Extraorçamentários;N;0;-1772860,62;-379353,80;-2692533,61;2663003,96;17953,82;-2719539,46;586836,28;731172,46;-2770927,43;2151488,54;579867,24;4200702,49;595809,87;16/01/2026
6,11300810602002e+24;35066;2025;1;PREFEITURA DO MUNICÍPIO DE SÃO PAULO;Direta;NA;NA;NA;NA;NA;NA;NA;NA;DAT - OP;DAT - OP;6;Receita Extraorçamentária;1;1;3;0;8;1;6;A;N;N;N;S;12.1.869.9001;Recursos Extraorçamentários;N;0;0,00;0,00;0,00;-1102957,75;1102957,75;0,00;-2476391,12;2476391,12;0,00;0,00;0,00;0,00;0,00;16/01/2026
6,11300819937000e+24;35075;2025;91;Fundo Municipal de Habitação - COHAB;Indireta;91;Fundo Municipal de Habitação;FMH;NA;NA;NA;NA;NA;COHAB-Movtos Divs à Realizar - Valores à Compensar;COHAB-Movtos Divs à Realizar - Valores à Compensar;6;Receita Extraorçamentária;1;1;3;0;8;1;99;A;N;N;N;S;12.1.869.9001;Recursos Extraorçamentários;N;0;-27397,95;-36245,05;-509417,70;-72614,73;-271455,09;-20340,57;-31726,64;-43212,06;-268543,04;-65886,40;-366562,56;-28991,89;-1742393,68;16/01/2026
6,11300819937000e+24;35075;2025;83;COMPANHIA METROPOLITANA DE HABITAÇÃO DE SÃO PAULO;Indireta;83;Companhia Metropolitana de Habitação de São Paulo;COHAB;NA;NA;NA;NA;NA;COHAB-Movtos Divs à Realizar - Valores à Compensar;COHAB-Movtos Divs à Realizar - Valores à Compensar;6;Receita Extraorçamentária;1;1;3;0;8;1;99;A;N;N;N;S;12.1.869.9001;Recursos Extraorçamentários;N;0;-89929,28;-87950,90;-51929,56;-46884,73;-696846,35;-116606,33;-47890,58;-72125,56;-85588,75;-203230,78;-2324956,33;-115580,46;-3939519,61;16/01/2026
6,11300819955005e+24;35089;2025;1;PREFEITURA DO MUNICÍPIO DE SÃO PAULO;Direta;NA;NA;NA;NA;NA;NA;NA;NA;Secretaria Municipal de Assistência e Desenvolvimento Social;Secretaria Municipal de Assistência e Desenvolvimento Social;6;Receita Extraorçamentária;1;1;3;0;8;1;99;A;N;N;N;S;12.1.869.9001;Recursos Extraorçamentários;N;0;0,00;0,00;154474,12;0,00;0,00;0,00;0,00;0,00;0,00;0,00;0,00;0,00;154474,12;16/01/2026
6,11300819955006e+24;35090;2025;1;PREFEITURA DO MUNICÍPIO DE SÃO PAULO;Direta;NA;NA;NA;NA;NA;NA;NA;NA;Secretaria Municipal de Cultura;Secretaria Municipal de Cultura;6;Receita Extraorçamentária;1;1;3;0;8;1;99;A;N;N;N;S;12.1.869.9001;Recursos Extraorçamentários;N;0;13160,96;0,00;0,00;0,00;0,00;0,00;0,00;0,00;0,00;0,00;0,00;0,00;13160,96;16/01/2026
6,11300819963000e+24;35094;2025;18;CÂMARA MUNICIPAL;Legislativo;9;Câmara Municipal de São Paulo;CMSP;NA;NA;NA;NA;NA;Débitos Pagos a Regularizar;Débitos Pagos a Regularizar;6;Receita Extraorçamentária;1;1;3;0;8;1;99;A;N;N;N;S;12.1.869.9001;Recursos Extraorçamentários;N;0;4770,28;0,00;0,00;12,69;12,69;0,00;0,00;0,00;0,00;0,00;0,00;0,00;4795,66;16/01/2026
6,11300819963000e+24;35094;2025;22;Fundo Especial de Despesas da Câmara;Legislativo;76;Fundo Especial de Despesas da Câmara Municipal de São Paulo;FECAM;NA;NA;NA;NA;NA;Débitos Pagos a Regularizar;Débitos Pagos a Regularizar;6;Receita Extraorçamentária;1;1;3;0;8;1;99;A;N;N;N;S;12.1.869.9001;Recursos Extraorçamentários;N;0;0,00;0,00;0,00;0,00;0,00;0,00;0,00;0,00;0,00;9,76;0,00;0,00;9,76;16/01/2026
6,11300819963000e+24;35094;2025;5;INSTITUTO DE PREVIDÊNCIA MUNICIPAL DE SÃO PAULO;Indireta;3;Instituto de Previdência Municipal de São Paulo;IPREM;NA;NA;NA;NA;NA;Débitos Pagos a Regularizar;Débitos Pagos a Regularizar;6;Receita Extraorçamentária;1;1;3;0;8;1;99;A;N;N;N;S;12.1.869.9001;Recursos Extraorçamentários;N;0;332,17;-11,11;3,63;1,67;1,67;1,67;1,67;2,57;1,67;1,67;1,75;1,75;340,78;16/01/2026
6,11300819963000e+24;35094;2025;8;FUNDO PREVIDENCIÁRIO - FUNPREV;Indireta;3;Fundo Previdenciário - FUNPREV;FUNPREV;NA;NA;NA;NA;NA;Débitos Pagos a Regularizar;Débitos Pagos a Regularizar;6;Receita Extraorçamentária;1;1;3;0;8;1;99;A;N;N;N;S;12.1.869.9001;Recursos Extraorçamentários;N;0;8258365,21;5821166,85;19762456,98;0,00;10549544,21;6965762,88;6964639,38;29826492,27;10427360,57;6876245,82;10511800,11;14437867,64;130401701,90;16/01/2026
6,11300819963000e+24;35094;2025;91;Fundo Municipal de Habitação - COHAB;Indireta;91;Fundo Municipal de Habitação;FMH;NA;NA;NA;NA;NA;Débitos Pagos a Regularizar;Débitos Pagos a Regularizar;6;Receita Extraorçamentária;1;1;3;0;8;1;99;A;N;N;N;S;12.1.869.9001;Recursos Extraorçamentários;N;0;0,00;192,99;71,64;7,53;19934,09;69,00;2696,56;25,52;69,00;417,59;69,00;99,12;23652,04;16/01/2026
6,11300819963000e+24;35094;2025;9;FUNDO FINANCEIRO - FUNFIN;Indireta;3;Fundo Financeiro - FUNFIN;FUNFIN;NA;NA;NA;NA;NA;Débitos Pagos a Regularizar;Débitos Pagos a Regularizar;6;Receita Extraorçamentária;1;1;3;0;8;1;99;A;N;N;N;S;12.1.869.9001;Recursos Extraorçamentários;N;0;4852673,36;2869714,16;13727054,05;0,00;2365139,47;2300797,80;2299660,52;22185563,97;4547411,26;2300870,87;4569513,70;6913775,01;68932174,17;16/01/2026
6,11300819963000e+24;35094;2025;4;HOSPITAL DO SERVIDOR PÚBLICO MUNICIPAL;Indireta;2;Hospital do Servidor Público Municipal;HSPM;NA;NA;NA;NA;NA;Débitos Pagos a Regularizar;Débitos Pagos a Regularizar;6;Receita Extraorçamentária;1;1;3;0;8;1;99;A;N;N;N;S;12.1.869.9001;Recursos Extraorçamentários;N;0;0,00;0,00;0,00;29513,19;0,00;0,00;0,00;0,00;0,00;0,00;0,00;0,00;29513,19;16/01/2026
6,11300819963000e+24;35094;2025;83;COMPANHIA METROPOLITANA DE HABITAÇÃO DE SÃO PAULO;Indireta;83;Companhia Metropolitana de Habitação de São Paulo;COHAB;NA;NA;NA;NA;NA;Débitos Pagos a Regularizar;Débitos Pagos a Regularizar;6;Receita Extraorçamentária;1;1;3;0;8;1;99;A;N;N;N;S;12.1.869.9001;Recursos Extraorçamentários;N;0;0,00;0,00;11,81;586,18;0,00;69,00;0,00;223635,39;0,00;38579,70;0,40;0,00;262882,48;16/01/2026
6,11300822904001e+24;35098;2025;1;PREFEITURA DO MUNICÍPIO DE SÃO PAULO;Direta;NA;NA;NA;NA;NA;NA;NA;NA;Tribunal de Contas do Município de São Paulo;Tribunal de Contas do Município de São Paulo;6;Receita Extraorçamentária;1;1;3;0;8;2;29;A;N;N;N;S;12.1.869.9001;Recursos Extraorçamentários;N;0;116008,17;5757025,83;858181,27;198405,03;0,00;746671,13;0,00;4703,15;0,00;0,00;0,00;31614,89;7712609,47;16/01/2026
6,11300822904002e+24;35099;2025;1;PREFEITURA DO MUNICÍPIO DE SÃO PAULO;Direta;NA;NA;NA;NA;NA;NA;NA;NA;Câmara Municipal de São Paulo;Câmara Municipal de São Paulo;6;Receita Extraorçamentária;1;1;3;0;8;2;29;A;N;N;N;S;12.1.869.9001;Recursos Extraorçamentários;N;0;6627844,03;687712,61;273982,46;789648,06;641392,71;156522,84;838600,01;0,00;10136,36;0,00;0,00;0,00;10025839,08;16/01/2026
6,11300829901000e+24;35101;2025;22;Fundo Especial de Despesas da Câmara;Legislativo;76;Fundo Especial de Despesas da Câmara Municipal de São Paulo;FECAM;NA;NA;NA;NA;NA;Valores a receber - CMSP;Valores a receber - CMSP;6;Receita Extraorçamentária;1;1;3;0;8;2;99;A;N;N;N;S;12.1.869.9001;Recursos Extraorçamentários;N;0;-204482,63;257039,27;-102673,11;-25943,95;-112663,60;-117291,35;-59099,52;211488,94;11927,25;-33474,81;112623,24;-217591,33;-280141,60;16/01/2026
6,11300829904001e+24;35103;2025;81;FUNDO MUNICIPAL DE LIMPEZA URBANA;Indireta;81;Fundo Municipal Limpeza Urbana;FMLU;NA;NA;NA;NA;NA;FMLU Arrecadações Diversas;FMLU Arrecadações Diversas;6;Receita Extraorçamentária;1;1;3;0;8;2;99;A;N;N;N;S;12.1.869.9001;Recursos Extraorçamentários;N;0;-28442530,56;-58551,11;22964723,39;-31140633,34;-2108379,91;8805071,42;459394,63;-3944077,15;-4703269,76;-33114255,15;-2766155,06;43162099,80;-30886562,80;16/01/2026
6,11300829905000e+24;35104;2025;91;Fundo Municipal de Habitação - COHAB;Indireta;91;Fundo Municipal de Habitação;FMH;NA;NA;NA;NA;NA;Movts Divs a Realizar-Valores da COHAB - Responsabilidade FMH;Movts Divs a Realizar-Valores da COHAB - Responsabilidade FMH;6;Receita Extraorçamentária;1;1;3;0;8;2;99;A;N;N;N;S;12.1.869.9001;Recursos Extraorçamentários;N;0;0,00;0,00;0,00;0,00;0,00;0,00;0,00;0,00;0,00;0,00;0,00;0,00;0,00;16/01/2026
6,11300829905000e+24;35104;2025;83;COMPANHIA METROPOLITANA DE HABITAÇÃO DE SÃO PAULO;Indireta;83;Companhia Metropolitana de Habitação de São Paulo;COHAB;NA;NA;NA;NA;NA;Movts Divs a Realizar-Valores da COHAB - Responsabilidade FMH;Movts Divs a Realizar-Valores da COHAB - Responsabilidade FMH;6;Receita Extraorçamentária;1;1;3;0;8;2;99;A;N;N;N;S;12.1.869.9001;Recursos Extraorçamentários;N;0;1261612,15;432672,52;2097247,46;977884,17;0,00;1400443,74;342827,87;799389,13;349495,57;353141,72;0,00;717976,25;8732690,58;16/01/2026
6,11300829906000e+24;35105;2025;91;Fundo Municipal de Habitação - COHAB;Indireta;91;Fundo Municipal de Habitação;FMH;NA;NA;NA;NA;NA;Movts Divs a Realizar-Valores da FMH - Responsabilidade COHAB;Movts Divs a Realizar-Valores da FMH - Responsabilidade COHAB;6;Receita Extraorçamentária;1;1;3;0;8;2;99;A;N;N;N;S;12.1.869.9001;Recursos Extraorçamentários;N;0;0,00;0,00;0,00;2804,12;0,00;0,00;-2804,12;0,00;448,30;0,00;0,00;77,25;525,55;16/01/2026
6,11300830901000e+24;35107;2025;1;PREFEITURA DO MUNICÍPIO DE SÃO PAULO;Direta;NA;NA;NA;NA;NA;NA;NA;NA;Créditos a Receber por Reembolso de Sálário-maternidade Pago - RGPS;Créditos a Receber por Reembolso de Sálário-maternidade Pago - RGPS;6;Receita Extraorçamentária;1;1;3;0;8;3;9;A;N;N;N;S;12.1.869.9001;Recursos Extraorçamentários;N;0;0,00;0,00;0,00;0,00;-4346,27;-7851,33;-8692,54;-8692,54;-6449,30;-13219,08;-4346,27;-289,75;-53887,08;16/01/2026
6,11300830901000e+24;35107;2025;5;INSTITUTO DE PREVIDÊNCIA MUNICIPAL DE SÃO PAULO;Indireta;3;Instituto de Previdência Municipal de São Paulo;IPREM;NA;NA;NA;NA;NA;Créditos a Receber por Reembolso de Sálário-maternidade Pago - RGPS;Créditos a Receber por Reembolso de Sálário-maternidade Pago - RGPS;6;Receita Extraorçamentária;1;1;3;0;8;3;9;A;N;N;N;S;12.1.869.9001;Recursos Extraorçamentários;N;0;0,00;0,00;0,00;0,00;0,00;0,00;0,00;0,00;0,00;0,00;-14264,78;-11887,32;-26152,10;16/01/2026
6,11300830901000e+24;35107;2025;7;AGÊNCIA REG. DE SERV. PÚBLICOS DE SÃO PAULO;Indireta;33;Agência Reg. de Serv. Públicos do Mun de São Paulo;SPREGULA;NA;NA;NA;NA;NA;Créditos a Receber por Reembolso de Sálário-maternidade Pago - RGPS;Créditos a Receber por Reembolso de Sálário-maternidade Pago - RGPS;6;Receita Extraorçamentária;1;1;3;0;8;3;9;A;N;N;N;S;12.1.869.9001;Recursos Extraorçamentários;N;0;0,00;0,00;2145,57;8045,90;13068,13;8255,09;5503,40;0,00;0,00;0,00;0,00;2751,70;39769,79;16/01/2026
6,12100210605001e+24;35120;2025;83;COMPANHIA METROPOLITANA DE HABITAÇÃO DE SÃO PAULO;Indireta;83;Companhia Metropolitana de Habitação de São Paulo;COHAB;NA;NA;NA;NA;NA;Retenções Judiciais - Administração Indireta;Retenções Judiciais - Administração Indireta;6;Receita Extraorçamentária;1;2;1;0;2;1;6;A;N;N;N;S;12.1.869.9001;Recursos Extraorçamentários;N;0;0,00;5423,92;562,51;0,00;0,00;0,00;0,00;0,00;17171,43;0,00;0,00;-245581,31;-222423,45;16/01/2026
6,12100210605002e+24;35121;2025;1;PREFEITURA DO MUNICÍPIO DE SÃO PAULO;Direta;NA;NA;NA;NA;NA;NA;NA;NA;Bloqueios Judiciais;Bloqueios Judiciais;6;Receita Extraorçamentária;1;2;1;0;2;1;6;A;N;N;N;S;12.1.869.9001;Recursos Extraorçamentários;N;0;516673,38;254866,43;0,00;48342,34;36987,35;180342,58;0,00;0,00;29613,16;14832,97;0,00;0,00;1081658,21;16/01/2026
6,12100210605002e+24;35121;2025;85;FUNDAÇÃO THEATRO MUNICIPAL DE SÃO PAULO;Indireta;85;Fundação Theatro Municipal de São Paulo;FTMSP;NA;NA;NA;NA;NA;Bloqueios Judiciais;Bloqueios Judiciais;6;Receita Extraorçamentária;1;2;1;0;2;1;6;A;N;N;N;S;12.1.869.9001;Recursos Extraorçamentários;N;0;0,00;0,00;0,00;300000,00;0,00;0,00;0,00;0,00;0,00;0,00;0,00;0,00;300000,00;16/01/2026
6,21100110101002e+24;35132;2025;1;PREFEITURA DO MUNICÍPIO DE SÃO PAULO;Direta;NA;NA;NA;NA;NA;NA;NA;NA;Credores por Folha de Pagamento;Credores por Folha de Pagamento;6;Receita Extraorçamentária;2;1;1;0;1;1;1;A;N;N;N;S;12.1.869.9001;Recursos Extraorçamentários;N;0;-149519183,10;-152364967,50;307610,71;-158971934,00;-161291090,70;-222790090,20;-163146773,30;-223436857,30;-163161381,90;-160832383,90;-167273243,40;-325184375,80;-2047664670,00;16/01/2026
6,21100110101002e+24;35132;2025;4;HOSPITAL DO SERVIDOR PÚBLICO MUNICIPAL;Indireta;2;Hospital do Servidor Público Municipal;HSPM;NA;NA;NA;NA;NA;Credores por Folha de Pagamento;Credores por Folha de Pagamento;6;Receita Extraorçamentária;2;1;1;0;1;1;1;A;N;N;N;S;12.1.869.9001;Recursos Extraorçamentários;N;0;0,00;0,00;0,00;0,00;0,00;0,00;0,00;0,00;0,00;0,00;0,00;0,00;0,00;16/01/2026
6,21300110399002e+24;35139;2025;83;COMPANHIA METROPOLITANA DE HABITAÇÃO DE SÃO PAULO;Indireta;83;Companhia Metropolitana de Habitação de São Paulo;COHAB;NA;NA;NA;NA;NA;Devolução de Valor Credor;Devolução de Valor Credor;6;Receita Extraorçamentária;2;1;3;0;1;1;3;A;N;N;N;S;12.1.869.9001;Recursos Extraorçamentários;N;0;0,00;35277,24;130,00;3772,23;3062,24;8191,83;250,00;469,65;287,55;142,84;0,00;0,00;51583,58;16/01/2026
6,21300110399002e+24;35139;2025;91;Fundo Municipal de Habitação - COHAB;Indireta;91;Fundo Municipal de Habitação;FMH;NA;NA;NA;NA;NA;Devolução de Valor Credor;Devolução de Valor Credor;6;Receita Extraorçamentária;2;1;3;0;1;1;3;A;N;N;N;S;12.1.869.9001;Recursos Extraorçamentários;N;0;0,00;966,82;0,00;1636,20;543,54;8509,53;5322,46;1908,10;1217,10;3043,07;1552,45;0,00;24699,27;16/01/2026
6,21300110399003e+24;35140;2025;1;PREFEITURA DO MUNICÍPIO DE SÃO PAULO;Direta;NA;NA;NA;NA;NA;NA;NA;NA;Inconsistência de Pagamentos a Fornecedores;Inconsistência de Pagamentos a Fornecedores;6;Receita Extraorçamentária;2;1;3;0;1;1;3;A;N;N;N;S;12.1.869.9001;Recursos Extraorçamentários;N;0;11118573,48;423041,97;-1411,07;1312020,23;-876380,14;112107,90;-618210,42;5285521,15;-5294163,08;198468,37;7620,09;5708851,37;17376039,85;16/01/2026
6,21300110399005e+24;35141;2025;83;COMPANHIA METROPOLITANA DE HABITAÇÃO DE SÃO PAULO;Indireta;83;Companhia Metropolitana de Habitação de São Paulo;COHAB;NA;NA;NA;NA;NA;Valores do FMH - Responsabilidade COHAB;Valores do FMH - Responsabilidade COHAB;6;Receita Extraorçamentária;2;1;3;0;1;1;3;A;N;N;N;S;12.1.869.9001;Recursos Extraorçamentários;N;0;415555,40;424492,20;487274,67;422781,85;311723,30;406276,97;422825,61;373611,79;402525,20;384596,45;365386,05;338308,74;4755358,23;16/01/2026
6,21300110399007e+24;35142;2025;91;Fundo Municipal de Habitação - COHAB;Indireta;91;Fundo Municipal de Habitação;FMH;NA;NA;NA;NA;NA;Valores da COHAB - Responsabilidade FMH;Valores da COHAB - Responsabilidade FMH;6;Receita Extraorçamentária;2;1;3;0;1;1;3;A;N;N;N;S;12.1.869.9001;Recursos Extraorçamentários;N;0;354,55;11,81;1913,23;1064,41;774,09;2488,90;222806,12;3652,01;40690,18;89405,69;3924,68;2638,98;369724,65;16/01/2026
6,21800810110001e+24;35169;2025;1;PREFEITURA DO MUNICÍPIO DE SÃO PAULO;Direta;NA;NA;NA;NA;NA;NA;NA;NA;Pensão Alimentícia;Pensão Alimentícia;6;Receita Extraorçamentária;2;1;8;0;8;1;1;A;N;N;N;S;12.1.869.9001;Recursos Extraorçamentários;N;0;30926,85;56202,04;39992,57;40212,20;21786,08;74704,49;51227,75;10081,65;42533,18;48253,53;36638,53;56475,25;509034,12;16/01/2026
6,21800810110001e+24;35169;2025;8;FUNDO PREVIDENCIÁRIO - FUNPREV;Indireta;3;Fundo Previdenciário - FUNPREV;FUNPREV;NA;NA;NA;NA;NA;Pensão Alimentícia;Pensão Alimentícia;6;Receita Extraorçamentária;2;1;8;0;8;1;1;A;N;N;N;S;12.1.869.9001;Recursos Extraorçamentários;N;0;265934,04;324116,80;39724,04;117953,96;420248,61;444636,34;350200,58;351648,57;0,00;0,00;37515,83;0,00;2351978,77;16/01/2026
6,21800810110001e+24;35169;2025;4;HOSPITAL DO SERVIDOR PÚBLICO MUNICIPAL;Indireta;2;Hospital do Servidor Público Municipal;HSPM;NA;NA;NA;NA;NA;Pensão Alimentícia;Pensão Alimentícia;6;Receita Extraorçamentária;2;1;8;0;8;1;1;A;N;N;N;S;12.1.869.9001;Recursos Extraorçamentários;N;0;0,00;0,00;0,00;0,00;0,00;5198,72;0,00;0,00;0,00;0,00;0,00;0,00;5198,72;16/01/2026
6,21800810110001e+24;35169;2025;9;FUNDO FINANCEIRO - FUNFIN;Indireta;3;Fundo Financeiro - FUNFIN;FUNFIN;NA;NA;NA;NA;NA;Pensão Alimentícia;Pensão Alimentícia;6;Receita Extraorçamentária;2;1;8;0;8;1;1;A;N;N;N;S;12.1.869.9001;Recursos Extraorçamentários;N;0;332616,19;330449,02;1490,78;0,00;248732,46;250587,57;250134,54;249950,03;0,00;0,00;0,00;0,00;1663960,59;16/01/2026
6,21800810111008e+24;35176;2025;83;COMPANHIA METROPOLITANA DE HABITAÇÃO DE SÃO PAULO;Indireta;83;Companhia Metropolitana de Habitação de São Paulo;COHAB;NA;NA;NA;NA;NA;AMIL Assistência Médica Internacional S/A;AMIL Assistência Médica Internacional S/A;6;Receita Extraorçamentária;2;1;8;0;8;1;1;A;N;N;N;S;12.1.869.9001;Recursos Extraorçamentários;N;0;825,40;768,05;3256,11;1157,52;1742,33;2120,63;2232,64;2372,99;1966,35;2273,35;1521,55;1840,39;22077,31;16/01/2026
6,21800810113001e+24;35193;2025;4;HOSPITAL DO SERVIDOR PÚBLICO MUNICIPAL;Indireta;2;Hospital do Servidor Público Municipal;HSPM;NA;NA;NA;NA;NA;Associação dos Médicos Residentes;Associação dos Médicos Residentes;6;Receita Extraorçamentária;2;1;8;0;8;1;1;A;N;N;N;S;12.1.869.9001;Recursos Extraorçamentários;N;0;0,00;3715,60;0,00;0,00;0,00;0,00;0,00;0,00;0,00;0,00;0,00;0,00;3715,60;16/01/2026
6,21800810113001e+24;35220;2025;4;HOSPITAL DO SERVIDOR PÚBLICO MUNICIPAL;Indireta;2;Hospital do Servidor Público Municipal;HSPM;NA;NA;NA;NA;NA;Sindicato dos Técnicos e Auxiliares em Radiologia de São Paulo;Sindicato dos Técnicos e Auxiliares em Radiologia de São Paulo;6;Receita Extraorçamentária;2;1;8;0;8;1;1;A;N;N;N;S;12.1.869.9001;Recursos Extraorçamentários;N;0;0,00;0,00;0,00;0,00;0,00;5,23;0,00;0,00;0,00;0,00;0,00;0,00;5,23;16/01/2026
6,21800810114003e+24;35229;2025;18;CÂMARA MUNICIPAL;Legislativo;9;Câmara Municipal de São Paulo;CMSP;NA;NA;NA;NA;NA;CAPEMISA Seguradora de Vida e Previdência S/A;CAPEMISA Seguradora de Vida e Previdência S/A;6;Receita Extraorçamentária;2;1;8;0;8;1;1;A;N;N;N;S;12.1.869.9001;Recursos Extraorçamentários;N;0;-13,91;-28,38;-14,47;-14,47;-15,64;-15,64;-15,64;-15,64;-15,64;-14,53;-14,53;-14,53;-193,02;16/01/2026
6,21800810115053e+24;35275;2025;5;INSTITUTO DE PREVIDÊNCIA MUNICIPAL DE SÃO PAULO;Indireta;3;Instituto de Previdência Municipal de São Paulo;IPREM;NA;NA;NA;NA;NA;Empréstimos Pessoais - IPREM;Empréstimos Pessoais - IPREM;6;Receita Extraorçamentária;2;1;8;0;8;1;1;A;N;N;N;S;12.1.869.9001;Recursos Extraorçamentários;N;0;0,00;2635,42;0,00;8719,44;39824,96;0,00;0,00;0,00;0,00;0,00;0,00;121,87;51301,69;16/01/2026
6,21800810115053e+24;35275;2025;8;FUNDO PREVIDENCIÁRIO - FUNPREV;Indireta;3;Fundo Previdenciário - FUNPREV;FUNPREV;NA;NA;NA;NA;NA;Empréstimos Pessoais - IPREM;Empréstimos Pessoais - IPREM;6;Receita Extraorçamentária;2;1;8;0;8;1;1;A;N;N;N;S;12.1.869.9001;Recursos Extraorçamentários;N;0;0,00;90,00;12549,70;90,00;234265,37;9039,30;21943,11;6455,42;6418,01;100,00;90,00;205616,09;496657,00;16/01/2026
6,21800810115053e+24;35275;2025;9;FUNDO FINANCEIRO - FUNFIN;Indireta;3;Fundo Financeiro - FUNFIN;FUNFIN;NA;NA;NA;NA;NA;Empréstimos Pessoais - IPREM;Empréstimos Pessoais - IPREM;6;Receita Extraorçamentária;2;1;8;0;8;1;1;A;N;N;N;S;12.1.869.9001;Recursos Extraorçamentários;N;0;0,00;723,70;309196,18;690,81;144115,07;10505,60;12593,86;2480239,07;3731,06;0,00;0,00;644669,89;3606465,24;16/01/2026
6,21800810199002e+24;35284;2025;1;PREFEITURA DO MUNICÍPIO DE SÃO PAULO;Direta;NA;NA;NA;NA;NA;NA;NA;NA;Retenção HSPM - Precatório EC 62/2009;Retenção HSPM - Precatório EC 62/2009;6;Receita Extraorçamentária;2;1;8;0;8;1;1;A;N;N;N;S;12.1.869.9001;Recursos Extraorçamentários;N;0;315535,68;720156,35;335179,62;487435,05;2244394,85;1183039,46;1567647,22;2252392,02;1913172,18;492050,17;459186,03;636752,70;12606941,33;16/01/2026
6,21800810199003e+24;35285;2025;1;PREFEITURA DO MUNICÍPIO DE SÃO PAULO;Direta;NA;NA;NA;NA;NA;NA;NA;NA;IPREM - Instituto de Previdência Municipal de São Paulo - 5% Anterior L.13 973/2005.;IPREM - Instituto de Previdência Municipal de São Paulo - 5% Anterior;6;Receita Extraorçamentária;2;1;8;0;8;1;1;A;N;N;N;S;12.1.869.9001;Recursos Extraorçamentários;N;0;0,00;0,00;0,00;0,00;0,00;0,00;0,00;0,00;0,00;0,00;0,00;0,00;0,00;16/01/2026
6,21800810199004e+24;35286;2025;1;PREFEITURA DO MUNICÍPIO DE SÃO PAULO;Direta;NA;NA;NA;NA;NA;NA;NA;NA;Retenção IPREM - Precatório EC 62/2009;Retenção IPREM - Precatório EC 62/2009;6;Receita Extraorçamentária;2;1;8;0;8;1;1;A;N;N;N;S;12.1.869.9001;Recursos Extraorçamentários;N;0;4500703,53;8089069,69;11888859,13;6585580,52;11723740,72;5723851,77;9484361,36;12313301,59;8574790,60;2136153,74;2363252,65;2512291,08;85895956,38;16/01/2026
6,21800810199006e+24;35288;2025;4;HOSPITAL DO SERVIDOR PÚBLICO MUNICIPAL;Indireta;2;Hospital do Servidor Público Municipal;HSPM;NA;NA;NA;NA;NA;Ações Judiciais;Ações Judiciais;6;Receita Extraorçamentária;2;1;8;0;8;1;1;A;N;N;N;S;12.1.869.9001;Recursos Extraorçamentários;N;0;0,00;0,00;0,00;0,00;0,00;0,00;0,00;0,00;0,00;-419,09;0,00;-406,36;-825,45;16/01/2026
6,21800810301007e+24;35295;2025;1;PREFEITURA DO MUNICÍPIO DE SÃO PAULO;Direta;NA;NA;NA;NA;NA;NA;NA;NA;Depósitos Judiciais - Lei Complementar 151/2015 - Fundo de Reserva - BB;Depósitos Judiciais - Lei Complementar 151/2015 - Fundo de Reserva - B;6;Receita Extraorçamentária;2;1;8;0;8;1;3;A;N;N;N;S;12.1.869.9996;Recursos Extraorçamentários;N;0;123174712,80;114641074,90;215925554,80;98387196,52;145385857,80;110551961,90;575083617,90;111551734,80;167419477,00;171744093,80;152682904,20;183574884,40;2170123071,00;16/01/2026
6,21800810301007e+24;35297;2025;1;PREFEITURA DO MUNICÍPIO DE SÃO PAULO;Direta;NA;NA;NA;NA;NA;NA;NA;NA;Depósitos Judiciais - LC 151/2015 - Fundo de Reserva - CEF;Depósitos Judiciais - LC 151/2015 - Fundo de Reserva - CEF;6;Receita Extraorçamentária;2;1;8;0;8;1;3;A;N;N;N;S;12.1.869.9996;Recursos Extraorçamentários;N;0;793154,36;770679,73;757119,38;843866,63;912407,05;992925,01;2134304,44;980700,83;1119750,74;1096048,65;914553,72;15031138,47;26346649,01;16/01/2026
6,21800810301099e+24;35299;2025;18;CÂMARA MUNICIPAL;Legislativo;9;Câmara Municipal de São Paulo;CMSP;NA;NA;NA;NA;NA;Depósitos Judiciais Diversos;Depósitos Judiciais Diversos;6;Receita Extraorçamentária;2;1;8;0;8;1;3;A;N;N;N;S;12.1.869.9001;Recursos Extraorçamentários;N;0;0,00;0,00;0,00;0,00;0,00;0,00;0,00;0,00;15904,82;0,00;0,00;0,00;15904,82;16/01/2026
6,21800810401001e+24;35304;2025;1;PREFEITURA DO MUNICÍPIO DE SÃO PAULO;Direta;NA;NA;NA;NA;NA;NA;NA;NA;Créditos a regularizar - 2019 e anteriores;Créditos a regularizar - 2019 e anteriores;6;Receita Extraorçamentária;2;1;8;0;8;1;4;A;N;N;N;N;12.1.869.9994;Recursos Extraorçamentários;N;0;0,00;-3553375,51;0,00;0,00;-4499,20;0,00;0,00;0,00;-4356,94;0,00;0,00;0,00;-3562231,65;16/01/2026
6,21800810401001e+24;35304;2025;91;Fundo Municipal de Habitação - COHAB;Indireta;91;Fundo Municipal de Habitação;FMH;NA;NA;NA;NA;NA;Créditos a regularizar - 2019 e anteriores;Créditos a regularizar - 2019 e anteriores;6;Receita Extraorçamentária;2;1;8;0;8;1;4;A;N;N;N;N;12.1.869.9994;Recursos Extraorçamentários;N;0;0,00;0,00;0,00;0,00;0,00;0,00;0,00;0,00;0,00;0,00;0,00;0,00;0,00;16/01/2026
6,21800810401001e+24;35307;2025;1;PREFEITURA DO MUNICÍPIO DE SÃO PAULO;Direta;NA;NA;NA;NA;NA;NA;NA;NA;Averbação por Processo;Averbação por Processo;6;Receita Extraorçamentária;2;1;8;0;8;1;4;A;N;N;N;S;12.1.869.9001;Recursos Extraorçamentários;N;0;38912,60;1675038,34;-34202,81;98493,84;-42334,58;20275,18;90893,81;18531,46;378998,30;5666,07;20073,25;444090,10;2714435,56;16/01/2026
6,21800810401001e+24;35307;2025;7;AGÊNCIA REG. DE SERV. PÚBLICOS DE SÃO PAULO;Indireta;33;Agência Reg. de Serv. Públicos do Mun de São Paulo;SPREGULA;NA;NA;NA;NA;NA;Averbação por Processo;Averbação por Processo;6;Receita Extraorçamentária;2;1;8;0;8;1;4;A;N;N;N;S;12.1.869.9001;Recursos Extraorçamentários;N;0;0,00;0,00;0,00;0,00;0,00;0,00;0,00;0,00;0,00;0,00;0,00;3018,52;3018,52;16/01/2026
6,21800810401001e+24;35308;2025;1;PREFEITURA DO MUNICÍPIO DE SÃO PAULO;Direta;NA;NA;NA;NA;NA;NA;NA;NA;Averbação DAT;Averbação DAT;6;Receita Extraorçamentária;2;1;8;0;8;1;4;A;N;N;N;S;12.1.869.9001;Recursos Extraorçamentários;N;0;10234754,49;11506676,19;6399442,25;10505887,59;13614584,84;14133172,40;768765,72;7760519,22;14904144,10;34753624,66;7295888,78;4794691,46;136672151,70;16/01/2026
6,21800810401001e+24;35311;2025;30;SÃO PAULO URBANISMO;Indireta;5;São Paulo Urbanismo;SPU;NA;NA;NA;NA;NA;Valores à Regularizar;Valores à Regularizar;6;Receita Extraorçamentária;2;1;8;0;8;1;4;A;N;N;N;N;12.1.869.9001;Recursos Extraorçamentários;N;0;5906,97;5906,97;5906,97;5906,97;5906,97;5906,97;5906,97;5906,97;5664,93;6065,28;742713,41;6509,70;808209,08;16/01/2026
6,21800810401001e+24;35311;2025;83;COMPANHIA METROPOLITANA DE HABITAÇÃO DE SÃO PAULO;Indireta;83;Companhia Metropolitana de Habitação de São Paulo;COHAB;NA;NA;NA;NA;NA;Valores à Regularizar;Valores à Regularizar;6;Receita Extraorçamentária;2;1;8;0;8;1;4;A;N;N;N;N;12.1.869.9001;Recursos Extraorçamentários;N;0;0,00;9056,93;86,70;416,25;590,89;7637,42;41011,10;41461,62;902,32;110,15;969,96;1256,65;103499,99;16/01/2026
6,21800810401001e+24;35312;2025;1;PREFEITURA DO MUNICÍPIO DE SÃO PAULO;Direta;NA;NA;NA;NA;NA;NA;NA;NA;Prêmios NF Paulistana;Prêmios NF Paulistana;6;Receita Extraorçamentária;2;1;8;0;8;1;4;A;N;N;N;S;12.1.869.9001;Recursos Extraorçamentários;N;0;2000000,00;0,00;0,00;2000000,00;1000000,00;1000000,00;2000000,00;1000000,00;1000000,00;1000000,00;0,00;1000000,00;12000000,00;16/01/2026
6,21800810401001e+24;35313;2025;1;PREFEITURA DO MUNICÍPIO DE SÃO PAULO;Direta;NA;NA;NA;NA;NA;NA;NA;NA;Créditos NF Paulistana;Créditos NF Paulistana;6;Receita Extraorçamentária;2;1;8;0;8;1;4;A;N;N;N;S;12.1.869.9001;Recursos Extraorçamentários;N;0;2010812,21;1070975,34;1544250,53;2235120,34;2246820,91;2108175,35;1820619,08;2578983,56;2182550,03;2596882,28;2733021,99;1373224,09;24501435,71;16/01/2026
6,21800810401001e+24;35314;2025;4;HOSPITAL DO SERVIDOR PÚBLICO MUNICIPAL;Indireta;2;Hospital do Servidor Público Municipal;HSPM;NA;NA;NA;NA;NA;Créditos à Regularizar;Créditos à Regularizar;6;Receita Extraorçamentária;2;1;8;0;8;1;4;A;N;N;N;N;12.1.869.9994;Recursos Extraorçamentários;N;0;9741,20;14774,19;234821,19;0,13;137233,20;0,00;-0,13;666506,00;0,00;71101,80;0,00;0,00;1134177,58;16/01/2026
6,21800810401001e+24;35315;2025;1;PREFEITURA DO MUNICÍPIO DE SÃO PAULO;Direta;NA;NA;NA;NA;NA;NA;NA;NA;Crédito de DAMSPs Complementares - Recolhimentos Caixa PMSP;Crédito de DAMSPs Complementares - Recolhimentos Caixa PMSP;6;Receita Extraorçamentária;2;1;8;0;8;1;4;A;N;N;N;S;12.1.869.9994;Recursos Extraorçamentários;N;0;523488,15;3522426,02;-3741375,75;-421285,76;-403070,16;26882,92;377743,37;-6644,00;686490,27;-434902,17;-28500,00;-109700,00;-8447,11;16/01/2026
6,21800810401005e+24;35336;2025;1;PREFEITURA DO MUNICÍPIO DE SÃO PAULO;Direta;NA;NA;NA;NA;NA;NA;NA;NA;Garantia de Contratos;Garantia de Contratos;6;Receita Extraorçamentária;2;1;8;0;8;1;4;A;N;N;N;S;12.1.862.9997;Recursos Extraorçamentários;N;0;5164,70;-310019,40;105215,81;-12499,19;5072,57;66682,31;-55606,62;19622,76;302399,40;14935,61;-586938,94;-20449,12;-466420,11;16/01/2026
6,21800810401005e+24;35336;2025;83;COMPANHIA METROPOLITANA DE HABITAÇÃO DE SÃO PAULO;Indireta;83;Companhia Metropolitana de Habitação de São Paulo;COHAB;NA;NA;NA;NA;NA;Garantia de Contratos;Garantia de Contratos;6;Receita Extraorçamentária;2;1;8;0;8;1;4;A;N;N;N;S;12.1.862.9997;Recursos Extraorçamentários;N;0;0,00;0,00;0,00;0,00;0,00;0,00;0,00;0,00;6254,98;0,00;0,00;0,00;6254,98;16/01/2026
6,21800810401005e+24;35337;2025;1;PREFEITURA DO MUNICÍPIO DE SÃO PAULO;Direta;NA;NA;NA;NA;NA;NA;NA;NA;Caução de Termo de Permissão de Uso de Vias Públicas;Caução de Termo de Permissão de Uso de Vias Públicas;6;Receita Extraorçamentária;2;1;8;0;8;1;4;A;N;N;N;S;12.1.862.9997;Recursos Extraorçamentários;N;0;411644,37;369621,65;393096,85;162672,11;428287,30;399117,38;512465,28;336706,89;256975,01;118558,98;468568,36;402253,58;4259967,76;16/01/2026
6,21800810401005e+24;35338;2025;83;COMPANHIA METROPOLITANA DE HABITAÇÃO DE SÃO PAULO;Indireta;83;Companhia Metropolitana de Habitação de São Paulo;COHAB;NA;NA;NA;NA;NA;Taxa de Escrituras;Taxa de Escrituras;6;Receita Extraorçamentária;2;1;8;0;8;1;4;A;N;N;N;S;12.1.869.9001;Recursos Extraorçamentários;N;0;4833,90;825,27;20122,17;33248,46;6594,87;6941,03;14580,12;3050,39;4433,46;11308,26;3989,36;182008,13;291935,42;16/01/2026
6,21800810401005e+24;35338;2025;91;Fundo Municipal de Habitação - COHAB;Indireta;91;Fundo Municipal de Habitação;FMH;NA;NA;NA;NA;NA;Taxa de Escrituras;Taxa de Escrituras;6;Receita Extraorçamentária;2;1;8;0;8;1;4;A;N;N;N;S;12.1.869.9001;Recursos Extraorçamentários;N;0;17517,11;11431,42;-61316,31;-371,09;0,00;0,00;0,00;0,00;0,00;0,00;0,00;0,00;-32738,87;16/01/2026
6,21800810401005e+24;35339;2025;18;CÂMARA MUNICIPAL;Legislativo;9;Câmara Municipal de São Paulo;CMSP;NA;NA;NA;NA;NA;Caução em Dinheiro - Contratos;Caução em Dinheiro - Contratos;6;Receita Extraorçamentária;2;1;8;0;8;1;4;A;N;N;N;N;12.1.862.9997;Recursos Extraorçamentários;N;0;0,00;0,00;0,00;25000,00;0,00;0,00;0,00;19225,00;0,00;6600,00;0,00;92,97;50917,97;16/01/2026
6,21800810401005e+24;35339;2025;4;HOSPITAL DO SERVIDOR PÚBLICO MUNICIPAL;Indireta;2;Hospital do Servidor Público Municipal;HSPM;NA;NA;NA;NA;NA;Caução em Dinheiro - Contratos;Caução em Dinheiro - Contratos;6;Receita Extraorçamentária;2;1;8;0;8;1;4;A;N;N;N;N;12.1.862.9997;Recursos Extraorçamentários;N;0;0,00;0,00;0,00;0,00;0,00;0,00;0,00;313499,85;0,00;8,09;0,00;0,00;313507,94;16/01/2026
6,21800810401005e+24;35340;2025;19;TRIBUNAL DE CONTAS DO MUNICÍPIO DE SÃO PAULO;Legislativo;10;Tribunal de Contas do Município de São Paulo;TCMSP;NA;NA;NA;NA;NA;Atualização Monetária - Caução em Dinheiro;Atualização Monetária - Caução em Dinheiro;6;Receita Extraorçamentária;2;1;8;0;8;1;4;A;N;N;N;N;12.1.862.9997;Recursos Extraorçamentários;N;0;24,62;7,61;62,47;27,05;20,88;12,68;11,73;12,73;-5,41;23,57;4,43;8,88;211,24;16/01/2026
6,21800810401005e+24;35340;2025;18;CÂMARA MUNICIPAL;Legislativo;9;Câmara Municipal de São Paulo;CMSP;NA;NA;NA;NA;NA;Atualização Monetária - Caução em Dinheiro;Atualização Monetária - Caução em Dinheiro;6;Receita Extraorçamentária;2;1;8;0;8;1;4;A;N;N;N;N;12.1.862.9997;Recursos Extraorçamentários;N;0;1831,58;1314,38;2757,53;3381,89;2589,60;1553,90;-472,35;1642,78;232,90;3710,53;82,32;-32,99;18592,07;16/01/2026
6,21800810401007e+24;35355;2025;1;PREFEITURA DO MUNICÍPIO DE SÃO PAULO;Direta;NA;NA;NA;NA;NA;NA;NA;NA;Documentos Rejeitados - Tributos Não Identificados;Documentos Rejeitados - Tributos Não Identificados;6;Receita Extraorçamentária;2;1;8;0;8;1;4;A;N;N;N;S;12.1.869.9994;Recursos Extraorçamentários;N;0;-387680,75;269688,68;18837,24;771735,31;-551581,20;51968,11;-389947,71;235241,03;-474,26;-748597,83;84192,31;-53046,81;-699665,88;16/01/2026
6,21800810401007e+24;35357;2025;1;PREFEITURA DO MUNICÍPIO DE SÃO PAULO;Direta;NA;NA;NA;NA;NA;NA;NA;NA;Créditos de Repasse FUMCAD;Créditos de Repasse FUMCAD;6;Receita Extraorçamentária;2;1;8;0;8;1;4;A;N;N;N;S;12.1.869.9001;Recursos Extraorçamentários;N;0;0,00;-161000,00;0,00;0,00;0,00;0,00;0,00;0,00;0,00;0,00;0,00;100,00;-160900,00;16/01/2026
6,21800810401007e+24;35359;2025;1;PREFEITURA DO MUNICÍPIO DE SÃO PAULO;Direta;NA;NA;NA;NA;NA;NA;NA;NA;Documentos Rejeitados - Multa de Trânsito;Documentos Rejeitados - Multa de Trânsito;6;Receita Extraorçamentária;2;1;8;0;8;1;4;A;N;N;N;S;12.1.869.9994;Recursos Extraorçamentários;N;0;12217,90;-11672,13;13386,91;-2198,71;-4125,40;876,93;310,40;1978,51;2531,44;745,43;260,33;1622,14;15933,75;16/01/2026
6,21800810402001e+24;35364;2025;1;PREFEITURA DO MUNICÍPIO DE SÃO PAULO;Direta;NA;NA;NA;NA;NA;NA;NA;NA;Diversos;Diversos;6;Receita Extraorçamentária;2;1;8;0;8;1;4;A;N;N;N;S;12.1.869.9994;Recursos Extraorçamentários;N;0;0,00;0,00;0,00;0,00;0,00;0,00;0,00;351,05;0,00;0,00;0,00;0,00;351,05;16/01/2026
6,21800810403001e+24;35371;2025;8;FUNDO PREVIDENCIÁRIO - FUNPREV;Indireta;3;Fundo Previdenciário - FUNPREV;FUNPREV;NA;NA;NA;NA;NA;Diversos Credores - Seguros Emp. Hipot.;Diversos Credores - Seguros Emp. Hipot.;6;Receita Extraorçamentária;2;1;8;0;8;1;4;A;N;N;N;S;12.1.869.9001;Recursos Extraorçamentários;N;0;0,00;0,00;0,00;17,58;0,00;0,00;0,00;0,00;0,00;0,00;0,00;0,00;17,58;16/01/2026
6,21800810403002e+24;35372;2025;9;FUNDO FINANCEIRO - FUNFIN;Indireta;3;Fundo Financeiro - FUNFIN;FUNFIN;NA;NA;NA;NA;NA;Diversos Credores - Outros;Diversos Credores - Outros;6;Receita Extraorçamentária;2;1;8;0;8;1;4;A;N;N;N;S;12.1.869.9001;Recursos Extraorçamentários;N;0;0,00;1335,78;0,00;1335,78;2348,40;0,00;2163,50;1322555,66;2163,50;4447,58;0,00;0,00;1336350,20;16/01/2026
6,21800810403002e+24;35372;2025;8;FUNDO PREVIDENCIÁRIO - FUNPREV;Indireta;3;Fundo Previdenciário - FUNPREV;FUNPREV;NA;NA;NA;NA;NA;Diversos Credores - Outros;Diversos Credores - Outros;6;Receita Extraorçamentária;2;1;8;0;8;1;4;A;N;N;N;S;12.1.869.9001;Recursos Extraorçamentários;N;0;0,00;3455,78;0,00;-31509,80;7203,77;0,00;7605,26;0,00;7605,26;7605,26;-9035,96;36340,17;29269,74;16/01/2026
6,21800810403002e+24;35372;2025;5;INSTITUTO DE PREVIDÊNCIA MUNICIPAL DE SÃO PAULO;Indireta;3;Instituto de Previdência Municipal de São Paulo;IPREM;NA;NA;NA;NA;NA;Diversos Credores - Outros;Diversos Credores - Outros;6;Receita Extraorçamentária;2;1;8;0;8;1;4;A;N;N;N;S;12.1.869.9001;Recursos Extraorçamentários;N;0;0,00;0,00;0,00;48,80;0,00;0,00;0,00;0,00;0,51;0,00;0,00;0,00;49,31;16/01/2026
6,21800810403006e+24;35375;2025;91;Fundo Municipal de Habitação - COHAB;Indireta;91;Fundo Municipal de Habitação;FMH;NA;NA;NA;NA;NA;Créditos à Regularizar;Créditos à Regularizar;6;Receita Extraorçamentária;2;1;8;0;8;1;4;A;N;N;N;S;12.1.869.9994;Recursos Extraorçamentários;N;0;57384,47;41051,97;0,00;0,00;0,00;0,00;0,00;1302696,09;65042,02;0,00;0,00;0,00;1466174,55;16/01/2026
6,21800810403006e+24;35375;2025;22;Fundo Especial de Despesas da Câmara;Legislativo;76;Fundo Especial de Despesas da Câmara Municipal de São Paulo;FECAM;NA;NA;NA;NA;NA;Créditos à Regularizar;Créditos à Regularizar;6;Receita Extraorçamentária;2;1;8;0;8;1;4;A;N;N;N;S;12.1.869.9994;Recursos Extraorçamentários;N;0;0,00;0,00;0,00;0,00;0,00;0,00;0,00;1575,29;-1575,29;0,00;47,58;0,00;47,58;16/01/2026
6,21800810403006e+24;35375;2025;83;COMPANHIA METROPOLITANA DE HABITAÇÃO DE SÃO PAULO;Indireta;83;Companhia Metropolitana de Habitação de São Paulo;COHAB;NA;NA;NA;NA;NA;Créditos à Regularizar;Créditos à Regularizar;6;Receita Extraorçamentária;2;1;8;0;8;1;4;A;N;N;N;S;12.1.869.9994;Recursos Extraorçamentários;N;0;71723,30;29409,12;28826,09;31697,89;34930,72;34118,54;39240,49;36746,50;38857,49;49910,81;34525,92;39440,53;469427,40;16/01/2026
6,21800810403008e+24;35376;2025;18;CÂMARA MUNICIPAL;Legislativo;9;Câmara Municipal de São Paulo;CMSP;NA;NA;NA;NA;NA;Pendências de Fornecedores à Regularizar;Pendências de Fornecedores à Regularizar;6;Receita Extraorçamentária;2;1;8;0;8;1;4;A;N;N;N;N;12.1.869.9001;Recursos Extraorçamentários;N;0;-48900,00;0,00;-5124,71;0,00;-23208,28;-575,26;0,00;0,00;-15904,82;-412,10;0,00;-16342,52;-110467,69;16/01/2026
6,21800810403008e+24;35376;2025;85;FUNDAÇÃO THEATRO MUNICIPAL DE SÃO PAULO;Indireta;85;Fundação Theatro Municipal de São Paulo;FTMSP;NA;NA;NA;NA;NA;Pendências de Fornecedores à Regularizar;Pendências de Fornecedores à Regularizar;6;Receita Extraorçamentária;2;1;8;0;8;1;4;A;N;N;N;N;12.1.869.9001;Recursos Extraorçamentários;N;0;7,45;0,00;0,00;0,00;0,00;0,00;0,00;0,00;0,00;0,00;0,00;0,00;7,45;16/01/2026
6,21800810403009e+24;35377;2025;18;CÂMARA MUNICIPAL;Legislativo;9;Câmara Municipal de São Paulo;CMSP;NA;NA;NA;NA;NA;Folha de Pagamento Pendente à Regularizar;Folha de Pagamento Pendente à Regularizar;6;Receita Extraorçamentária;2;1;8;0;8;1;4;A;N;N;N;N;12.1.869.9001;Recursos Extraorçamentários;N;0;438760,25;0,00;6200,77;0,00;2626,87;3140,00;0,00;20807,47;0,00;0,00;0,00;0,00;471535,36;16/01/2026
6,21800810403010e+24;35378;2025;18;CÂMARA MUNICIPAL;Legislativo;9;Câmara Municipal de São Paulo;CMSP;NA;NA;NA;NA;NA;Honorários De Sucumbência - Principal;Honorários De Sucumbência - Principal;6;Receita Extraorçamentária;2;1;8;0;8;1;4;A;N;N;N;S;12.1.869.9001;Recursos Extraorçamentários;N;0;0,00;0,00;0,00;38582,98;0,00;0,00;0,00;0,00;0,00;4546,61;0,00;0,00;43129,59;16/01/2026
6,21800810403011e+24;35379;2025;18;CÂMARA MUNICIPAL;Legislativo;9;Câmara Municipal de São Paulo;CMSP;NA;NA;NA;NA;NA;Honorários De Sucumbência - Atualização Monetária;Honorários De Sucumbência - Atualização Monetária;6;Receita Extraorçamentária;2;1;8;0;8;1;4;A;N;N;N;S;12.1.869.9001;Recursos Extraorçamentários;N;0;1795,61;1302,11;2730,85;3330,14;2621,40;1566,73;-463,66;1658,83;220,82;3824,69;1636,56;1196,41;21420,49;16/01/2026
6,21800810403099e+24;35380;2025;19;TRIBUNAL DE CONTAS DO MUNICÍPIO DE SÃO PAULO;Legislativo;10;Tribunal de Contas do Município de São Paulo;TCMSP;NA;NA;NA;NA;NA;Credores Diversos;Credores Diversos;6;Receita Extraorçamentária;2;1;8;0;8;1;4;A;N;N;N;S;12.1.869.9001;Recursos Extraorçamentários;N;0;0,02;949,11;0,00;0,00;-14052,03;14052,03;969,10;0,00;0,00;24433,94;1359,99;0,00;27712,16;16/01/2026
6,21800810403099e+24;35380;2025;23;FUNDO ESPECIAL DE DESPESAS DO TCMSP;Legislativo;77;Fundo Especial de Despesas do Tribunal de Contas;FTCMSP;NA;NA;NA;NA;NA;Credores Diversos;Credores Diversos;6;Receita Extraorçamentária;2;1;8;0;8;1;4;A;N;N;N;S;12.1.869.9001;Recursos Extraorçamentários;N;0;0,00;0,00;0,00;0,00;0,00;0,00;0,00;0,00;0,00;0,00;0,46;0,00;0,46;16/01/2026
6,21800810403099e+24;35380;2025;1;PREFEITURA DO MUNICÍPIO DE SÃO PAULO;Direta;NA;NA;NA;NA;NA;NA;NA;NA;Credores Diversos;Credores Diversos;6;Receita Extraorçamentária;2;1;8;0;8;1;4;A;N;N;N;S;12.1.869.9001;Recursos Extraorçamentários;N;0;1890854,32;12521800,87;1203149,60;5311591,56;2423652,20;1016346,94;818962,37;2579741,89;1062012,87;9927647,03;6897509,70;7413384,40;53066653,75;16/01/2026
6,21800810499006e+24;35383;2025;9;FUNDO FINANCEIRO - FUNFIN;Indireta;3;Fundo Financeiro - FUNFIN;FUNFIN;NA;NA;NA;NA;NA;Outros Depósitos;Outros Depósitos;6;Receita Extraorçamentária;2;1;8;0;8;1;4;A;N;N;N;S;12.1.869.9001;Recursos Extraorçamentários;N;0;387359,39;67064,16;124690,91;222711,21;96771,72;85360,00;102955,43;655992,04;2676,26;1681,63;7206,13;-7216507,00;-5462038,12;16/01/2026
6,21800810499006e+24;35383;2025;8;FUNDO PREVIDENCIÁRIO - FUNPREV;Indireta;3;Fundo Previdenciário - FUNPREV;FUNPREV;NA;NA;NA;NA;NA;Outros Depósitos;Outros Depósitos;6;Receita Extraorçamentária;2;1;8;0;8;1;4;A;N;N;N;S;12.1.869.9001;Recursos Extraorçamentários;N;0;295206,87;304412,63;358217,59;381382,65;393879,84;545953,72;485366,36;606423,91;32269,52;14889,46;153428,77;-10630507,12;-7059075,80;16/01/2026
6,21800810499006e+24;35383;2025;5;INSTITUTO DE PREVIDÊNCIA MUNICIPAL DE SÃO PAULO;Indireta;3;Instituto de Previdência Municipal de São Paulo;IPREM;NA;NA;NA;NA;NA;Outros Depósitos;Outros Depósitos;6;Receita Extraorçamentária;2;1;8;0;8;1;4;A;N;N;N;S;12.1.869.9001;Recursos Extraorçamentários;N;0;8884547,34;5399313,33;8403098,13;12895040,85;7753153,55;12280659,62;6414604,22;10377598,55;13066979,34;9626595,87;2609075,80;4586166,33;102296832,90;16/01/2026
6,21800810499007e+24;35385;2025;1;PREFEITURA DO MUNICÍPIO DE SÃO PAULO;Direta;NA;NA;NA;NA;NA;NA;NA;NA;Tributos;Tributos;6;Receita Extraorçamentária;2;1;8;0;8;1;4;A;N;N;N;S;12.1.862.9993;Recursos Extraorçamentários;N;0;0,00;11803953,55;0,00;0,00;0,00;0,00;0,00;0,00;0,00;-845959,40;0,00;0,00;10957994,15;16/01/2026
6,21800819902000e+24;35389;2025;83;COMPANHIA METROPOLITANA DE HABITAÇÃO DE SÃO PAULO;Indireta;83;Companhia Metropolitana de Habitação de São Paulo;COHAB;NA;NA;NA;NA;NA;Levantamentos Judiciais à Regularizar;Levantamentos Judiciais à Regularizar;6;Receita Extraorçamentária;2;1;8;0;8;1;99;A;N;N;N;N;12.1.869.9994;Recursos Extraorçamentários;N;0;-481,34;-2076,18;-318,55;-274,42;-551,68;-719,07;0,00;0,00;-132,40;-1909,04;-247,67;239949,88;233239,53;16/01/2026
6,21800819903000e+24;35390;2025;1;PREFEITURA DO MUNICÍPIO DE SÃO PAULO;Direta;NA;NA;NA;NA;NA;NA;NA;NA;Créditos de Levantamentos Judiciais;Créditos de Levantamentos Judiciais;6;Receita Extraorçamentária;2;1;8;0;8;1;99;A;N;N;N;S;12.1.869.9994;Recursos Extraorçamentários;N;0;-46310946,85;50825327,21;70937225,64;99187,57;10265865,05;-4129707,53;49641979,80;-37774703,13;129530605,10;202138742,80;15320658,76;-602278177,60;-161733943,20;16/01/2026
6,21800819905000e+24;35392;2025;91;Fundo Municipal de Habitação - COHAB;Indireta;91;Fundo Municipal de Habitação;FMH;NA;NA;NA;NA;NA;Valores à Repassar - Seguros;Valores à Repassar - Seguros;6;Receita Extraorçamentária;2;1;8;0;8;1;99;A;N;N;N;S;12.1.869.9001;Recursos Extraorçamentários;N;0;119383,24;98122,73;112665,43;110978,18;115716,66;104858,22;108837,89;103863,44;231750,67;115639,60;102288,35;100883,27;1424987,68;16/01/2026
6,21800819905000e+24;35392;2025;83;COMPANHIA METROPOLITANA DE HABITAÇÃO DE SÃO PAULO;Indireta;83;Companhia Metropolitana de Habitação de São Paulo;COHAB;NA;NA;NA;NA;NA;Valores à Repassar - Seguros;Valores à Repassar - Seguros;6;Receita Extraorçamentária;2;1;8;0;8;1;99;A;N;N;N;S;12.1.869.9001;Recursos Extraorçamentários;N;0;60603,80;50345,76;49179,03;64006,82;62221,01;49119,61;60777,51;56626,93;46115,80;54869,44;43813,91;65064,20;662743,82;16/01/2026
6,21800819906000e+24;35393;2025;83;COMPANHIA METROPOLITANA DE HABITAÇÃO DE SÃO PAULO;Indireta;83;Companhia Metropolitana de Habitação de São Paulo;COHAB;NA;NA;NA;NA;NA;Valores à Repassar - FCVS;Valores à Repassar - FCVS;6;Receita Extraorçamentária;2;1;8;0;8;1;99;A;N;N;N;S;12.1.869.9001;Recursos Extraorçamentários;N;0;208,25;208,15;207,85;207,55;207,45;207,34;207,23;433390,69;1360,66;115687040,70;304840,87;304665,63;116732752,40;16/01/2026
6,21800819910000e+24;35396;2025;1;PREFEITURA DO MUNICÍPIO DE SÃO PAULO;Direta;NA;NA;NA;NA;NA;NA;NA;NA;Valores A Repassar Iprem - Restituição Débito Servidores Folha Aposentados;Valores A Repassar Iprem - Restituição Débito Servidores Folha Aposent;6;Receita Extraorçamentária;2;1;8;0;8;1;99;A;N;N;N;S;12.1.869.9001;Recursos Extraorçamentários;N;0;785,05;1521,28;732,64;0,00;2430,61;839,81;1717,00;0,00;1757,56;1027,28;1796,10;906,90;13514,23;16/01/2026
6,21800819922002e+24;35399;2025;83;COMPANHIA METROPOLITANA DE HABITAÇÃO DE SÃO PAULO;Indireta;83;Companhia Metropolitana de Habitação de São Paulo;COHAB;NA;NA;NA;NA;NA;Prestações Recebidas - PPG/SEHAB;Prestações Recebidas - PPG/SEHAB;6;Receita Extraorçamentária;2;1;8;0;8;1;99;A;N;N;N;S;12.1.869.9001;Recursos Extraorçamentários;N;0;2367884,31;2155307,71;2278032,27;2183347,97;2334258,83;2127346,40;2249699,28;2234529,79;2322076,89;2246855,63;2010486,18;2111487,98;26621313,24;16/01/2026
6,21800819922002e+24;35400;2025;83;COMPANHIA METROPOLITANA DE HABITAÇÃO DE SÃO PAULO;Indireta;83;Companhia Metropolitana de Habitação de São Paulo;COHAB;NA;NA;NA;NA;NA;Prestações Recebidas - CDHU;Prestações Recebidas - CDHU;6;Receita Extraorçamentária;2;1;8;0;8;1;99;A;N;N;N;S;12.1.869.9001;Recursos Extraorçamentários;N;0;136880,77;206094,98;143851,96;166573,38;201466,75;151779,72;147525,42;138998,76;153987,63;147128,95;118251,19;157415,50;1869955,01;16/01/2026
6,21800819922002e+24;35402;2025;83;COMPANHIA METROPOLITANA DE HABITAÇÃO DE SÃO PAULO;Indireta;83;Companhia Metropolitana de Habitação de São Paulo;COHAB;NA;NA;NA;NA;NA;PMSP/Carteira Cedida;PMSP/Carteira Cedida;6;Receita Extraorçamentária;2;1;8;0;8;1;99;A;N;N;N;S;12.1.869.9001;Recursos Extraorçamentários;N;0;119031,52;112966,15;110277,50;129978,35;130289,23;136110,85;129556,62;115720,06;106188,49;120302,08;104281,76;119739,84;1434442,45;16/01/2026
6,21800819922002e+24;35403;2025;83;COMPANHIA METROPOLITANA DE HABITAÇÃO DE SÃO PAULO;Indireta;83;Companhia Metropolitana de Habitação de São Paulo;COHAB;NA;NA;NA;NA;NA;Amortizações Extraordinárias SPDA;Amortizações Extraordinárias SPDA;6;Receita Extraorçamentária;2;1;8;0;8;1;99;A;N;N;N;S;12.1.869.9001;Recursos Extraorçamentários;N;0;0,00;0,00;88553,35;-88553,35;0,00;0,00;0,00;0,00;0,00;0,00;0,00;0,00;0,00;16/01/2026
6,21800819922003e+24;35405;2025;83;COMPANHIA METROPOLITANA DE HABITAÇÃO DE SÃO PAULO;Indireta;83;Companhia Metropolitana de Habitação de São Paulo;COHAB;NA;NA;NA;NA;NA;SPDA/RCB;SPDA/RCB;6;Receita Extraorçamentária;2;1;8;0;8;1;99;A;N;N;N;S;12.1.869.9001;Recursos Extraorçamentários;N;0;1922,05;1850,31;1818,15;2760,71;3132,60;3038,25;3584,61;3292,00;3484,99;3687,62;3080,12;3566,12;35217,53;16/01/2026
6,21800819922003e+24;35406;2025;83;COMPANHIA METROPOLITANA DE HABITAÇÃO DE SÃO PAULO;Indireta;83;Companhia Metropolitana de Habitação de São Paulo;COHAB;NA;NA;NA;NA;NA;SEHAB;SEHAB;6;Receita Extraorçamentária;2;1;8;0;8;1;99;A;N;N;N;S;12.1.869.9001;Recursos Extraorçamentários;N;0;27794,71;27576,02;27709,12;30087,79;31522,79;36148,53;35629,78;34683,45;35997,14;37489,48;31479,90;33816,05;389934,76;16/01/2026
6,21800819922004e+24;35408;2025;91;Fundo Municipal de Habitação - COHAB;Indireta;91;Fundo Municipal de Habitação;FMH;NA;NA;NA;NA;NA;Arrecadação Locação Social;Arrecadação Locação Social;6;Receita Extraorçamentária;2;1;8;0;8;1;99;A;N;N;N;S;12.1.869.9001;Recursos Extraorçamentários;N;0;19683,27;23811,49;21650,38;23418,34;21784,47;21101,75;21497,59;27411,91;26592,33;23143,26;33319,07;35597,51;299011,37;16/01/2026
6,21800820199008e+24;35421;2025;81;FUNDO MUNICIPAL DE LIMPEZA URBANA;Indireta;81;Fundo Municipal Limpeza Urbana;FMLU;NA;NA;NA;NA;NA;ISS;ISS;6;Receita Extraorçamentária;2;1;8;0;8;2;1;A;N;N;N;S;12.1.869.9001;Recursos Extraorçamentários;N;0;0,00;0,00;0,00;0,01;0,00;0,00;0,00;0,00;0,00;0,00;0,00;0,00;0,01;16/01/2026
6,21800820199008e+24;35421;2025;4;HOSPITAL DO SERVIDOR PÚBLICO MUNICIPAL;Indireta;2;Hospital do Servidor Público Municipal;HSPM;NA;NA;NA;NA;NA;ISS;ISS;6;Receita Extraorçamentária;2;1;8;0;8;2;1;A;N;N;N;S;12.1.869.9001;Recursos Extraorçamentários;N;0;0,00;0,00;0,00;0,00;0,00;0,00;0,00;0,00;1199,16;0,00;0,00;0,00;1199,16;16/01/2026
6,21800829902001e+24;35424;2025;18;CÂMARA MUNICIPAL;Legislativo;9;Câmara Municipal de São Paulo;CMSP;NA;NA;NA;NA;NA;Receitas Eventuais;Receitas Eventuais;6;Receita Extraorçamentária;2;1;8;0;8;2;99;A;N;N;N;S;12.1.869.9001;Recursos Extraorçamentários;N;0;0,00;138,49;0,00;0,00;0,00;45,29;544,81;0,00;3769,03;7134,70;0,00;7134,70;18767,02;16/01/2026
6,21800829902005e+24;35428;2025;18;CÂMARA MUNICIPAL;Legislativo;9;Câmara Municipal de São Paulo;CMSP;NA;NA;NA;NA;NA;Rend. Aplic. Financeira;Rend. Aplic. Financeira;6;Receita Extraorçamentária;2;1;8;0;8;2;99;A;N;N;N;S;12.1.869.9001;Recursos Extraorçamentários;N;0;503482,91;304062,39;401233,89;429823,92;515551,55;520539,82;643204,20;510699,00;495566,89;520685,09;423860,73;620298,78;5889009,17;16/01/2026
6,21800829902006e+24;35429;2025;18;CÂMARA MUNICIPAL;Legislativo;9;Câmara Municipal de São Paulo;CMSP;NA;NA;NA;NA;NA;Atualização Monetária;Atualização Monetária;6;Receita Extraorçamentária;2;1;8;0;8;2;99;A;N;N;N;S;12.1.869.9001;Recursos Extraorçamentários;N;0;170,60;149,07;222,24;194,49;529,42;406,44;445,06;398,75;201,57;376,12;539,97;291,87;3925,60;16/01/2026
6,21800829902007e+24;35430;2025;18;CÂMARA MUNICIPAL;Legislativo;9;Câmara Municipal de São Paulo;CMSP;NA;NA;NA;NA;NA;FOPAG - Devol Imp. Rec. Maior Em Exerc. Anteriores;FOPAG - Devol Imp. Rec. Maior Em Exerc. Anteriores;6;Receita Extraorçamentária;2;1;8;0;8;2;99;A;N;N;N;S;12.1.869.9001;Recursos Extraorçamentários;N;0;16263,97;14806,99;11614,84;10001,08;16156,71;19809,02;10830,38;9581,88;8622,95;8458,30;9320,72;9561,17;145028,01;16/01/2026
6,21800829902008e+24;35431;2025;18;CÂMARA MUNICIPAL;Legislativo;9;Câmara Municipal de São Paulo;CMSP;NA;NA;NA;NA;NA;Taxas Remuneratórias;Taxas Remuneratórias;6;Receita Extraorçamentária;2;1;8;0;8;2;99;A;N;N;N;S;12.1.869.9001;Recursos Extraorçamentários;N;0;95,63;112,71;101,06;101,06;102,23;121,51;121,51;61,31;61,31;60,20;60,20;60,20;1058,93;16/01/2026
6,21800829902009e+24;35432;2025;18;CÂMARA MUNICIPAL;Legislativo;9;Câmara Municipal de São Paulo;CMSP;NA;NA;NA;NA;NA;Multa Contratual - CMSP;Multa Contratual - CMSP;6;Receita Extraorçamentária;2;1;8;0;8;2;99;A;N;N;N;S;12.1.869.9001;Recursos Extraorçamentários;N;0;48900,00;0,00;5124,71;0,00;23208,28;987,45;77443,33;0,00;0,00;0,00;0,00;16342,52;172006,29;16/01/2026
6,21800829902010e+24;35433;2025;18;CÂMARA MUNICIPAL;Legislativo;9;Câmara Municipal de São Paulo;CMSP;NA;NA;NA;NA;NA;Ressarcimento de indenizações de Seguradoras;Ressarcimento de indenizações de Seguradoras;6;Receita Extraorçamentária;2;1;8;0;8;2;99;A;N;N;N;S;12.1.869.9001;Recursos Extraorçamentários;N;0;0,00;0,00;0,00;0,00;0,00;124825,00;0,00;0,00;0,00;0,00;0,00;0,00;124825,00;16/01/2026
6,21800829902014e+24;35437;2025;18;CÂMARA MUNICIPAL;Legislativo;9;Câmara Municipal de São Paulo;CMSP;NA;NA;NA;NA;NA;Ressarcimento De Despesas Com Água, Luz, Gás E Telefone;Ressarcimento De Despesas Com Água, Luz, Gás E Telefone;6;Receita Extraorçamentária;2;1;8;0;8;2;99;A;N;N;N;S;12.1.869.9001;Recursos Extraorçamentários;N;0;6689,30;1956,37;4993,54;6285,16;6828,09;5625,26;5962,06;5090,86;6788,25;6943,18;2630,82;0,00;59792,89;16/01/2026
6,21800829902015e+24;35438;2025;18;CÂMARA MUNICIPAL;Legislativo;9;Câmara Municipal de São Paulo;CMSP;NA;NA;NA;NA;NA;Ressarcimento De Multas De Trânsito;Ressarcimento De Multas De Trânsito;6;Receita Extraorçamentária;2;1;8;0;8;2;99;A;N;N;N;S;12.1.869.9001;Recursos Extraorçamentários;N;0;0,00;0,00;0,00;0,00;0,00;0,00;0,00;0,00;352,18;117,14;0,00;78,10;547,42;16/01/2026
6,21800829905000e+24;35442;2025;1;PREFEITURA DO MUNICÍPIO DE SÃO PAULO;Direta;NA;NA;NA;NA;NA;NA;NA;NA;FMLU Taxa de Fiscalização dos Serviços de Limpeza Urbana;FMLU Taxa de Fiscalização dos Serviços de Limpeza Urbana;6;Receita Extraorçamentária;2;1;8;0;8;2;99;A;N;N;N;N;12.1.869.9001;Recursos Extraorçamentários;N;0;11410,71;59916,50;2046034,60;44619,21;37692,67;34896,77;22392,57;21151,01;7756,68;13959,82;7070,00;14140,00;2321040,54;16/01/2026
6,21800829909000e+24;35446;2025;1;PREFEITURA DO MUNICÍPIO DE SÃO PAULO;Direta;NA;NA;NA;NA;NA;NA;NA;NA;FMLU Taxa de Resíduos Sólidos Domiciliares;FMLU Taxa de Resíduos Sólidos Domiciliares;6;Receita Extraorçamentária;2;1;8;0;8;2;99;A;N;N;N;N;12.1.869.9001;Recursos Extraorçamentários;N;0;146,82;89,85;84,15;91,45;126,44;495,30;137,96;60,98;83,08;84,11;85,10;86,05;1571,29;16/01/2026
6,21800829910000e+24;35447;2025;1;PREFEITURA DO MUNICÍPIO DE SÃO PAULO;Direta;NA;NA;NA;NA;NA;NA;NA;NA;Divida ativa - FMLU Taxa de Resíduos Sólidos Domiciliares;Divida ativa - FMLU Taxa de Resíduos Sólidos Domiciliares;6;Receita Extraorçamentária;2;1;8;0;8;2;99;A;N;N;N;N;12.1.869.9001;Recursos Extraorçamentários;N;0;65133,83;63654,23;78316,56;75580,99;51537,94;45862,63;118462,81;74982,24;124167,28;85952,40;65859,63;38974,12;888484,66;16/01/2026
6,21800829911000e+24;35448;2025;1;PREFEITURA DO MUNICÍPIO DE SÃO PAULO;Direta;NA;NA;NA;NA;NA;NA;NA;NA;Multas e Juros - FMLU Taxa de Resíduos Sólidos Domiciliares;Multas e Juros - FMLU Taxa de Resíduos Sólidos Domiciliares;6;Receita Extraorçamentária;2;1;8;0;8;2;99;A;N;N;N;N;12.1.869.9001;Recursos Extraorçamentários;N;0;169,76;116,77;90,46;122,46;178,38;468,58;175,69;64,76;105,31;104,60;107,35;109,77;1813,89;16/01/2026
6,21800829912000e+24;35449;2025;1;PREFEITURA DO MUNICÍPIO DE SÃO PAULO;Direta;NA;NA;NA;NA;NA;NA;NA;NA;Multas e Juros da Divida ativa - FMLU Taxa de Resíduos Sólidos Domiciliares;Multas e Juros da Divida ativa - FMLU Taxa de Resíduos Sólido;6;Receita Extraorçamentária;2;1;8;0;8;2;99;A;N;N;N;N;12.1.869.9001;Recursos Extraorçamentários;N;0;62285,17;60252,39;63150,96;101010,90;49382,54;46068,74;46988,31;82312,43;55600,40;51461,81;39678,56;41449,28;699641,49;16/01/2026
6,21800829913000e+24;35450;2025;1;PREFEITURA DO MUNICÍPIO DE SÃO PAULO;Direta;NA;NA;NA;NA;NA;NA;NA;NA;FMLU Taxa de Resíduos Sólidos de Serviços de Saúde;FMLU Taxa de Resíduos Sólidos de Serviços de Saúde;6;Receita Extraorçamentária;2;1;8;0;8;2;99;A;N;N;N;N;12.1.869.9001;Recursos Extraorçamentários;N;0;27914318,09;2266515,48;5198615,91;28470413,48;216242,55;5387979,12;29543596,11;2027870,19;3559281,69;31484758,69;1210799,79;4551791,91;141832183,00;16/01/2026
6,21800829914000e+24;35451;2025;1;PREFEITURA DO MUNICÍPIO DE SÃO PAULO;Direta;NA;NA;NA;NA;NA;NA;NA;NA;Divida Ativa - FMLU Taxa de Resíduos Sólidos de Serviços de Saúde;Divida Ativa - FMLU Taxa de Resíduos Sólidos de Serviços de S;6;Receita Extraorçamentária;2;1;8;0;8;2;99;A;N;N;N;N;12.1.869.9001;Recursos Extraorçamentários;N;0;2617632,82;3886995,08;576100,13;615663,42;464852,82;511057,27;411223,51;646689,79;465828,06;386863,85;520356,34;636073,88;11739336,97;16/01/2026
6,21800829915000e+24;35452;2025;1;PREFEITURA DO MUNICÍPIO DE SÃO PAULO;Direta;NA;NA;NA;NA;NA;NA;NA;NA;Multas e Juros - FMLU Taxa de Resíduos Sólidos de Serviços de Saúde;Multas e Juros - FMLU Taxa de Resíduos Sólidos de Serviços de;6;Receita Extraorçamentária;2;1;8;0;8;2;99;A;N;N;N;N;12.1.869.9001;Recursos Extraorçamentários;N;0;536731,50;445946,27;332000,52;346151,66;336546,59;370347,06;448060,07;331366,72;353781,27;414280,30;343638,58;396052,32;4654902,86;16/01/2026
6,21800829916000e+24;35453;2025;1;PREFEITURA DO MUNICÍPIO DE SÃO PAULO;Direta;NA;NA;NA;NA;NA;NA;NA;NA;Multas e Juros da Divida Ativa - FMLU Taxa de Res. Sólidos de Serv. de Saúde;Multas e Juros da Divida Ativa - FMLU Taxa de Resíduos Sólido;6;Receita Extraorçamentária;2;1;8;0;8;2;99;A;N;N;N;N;12.1.869.9001;Recursos Extraorçamentários;N;0;519773,42;807476,91;360972,55;392477,05;305623,08;370677,22;316240,69;286079,91;327417,26;265293,08;287916,23;295631,95;4535579,35;16/01/2026
6,21800829919000e+24;35456;2025;1;PREFEITURA DO MUNICÍPIO DE SÃO PAULO;Direta;NA;NA;NA;NA;NA;NA;NA;NA;FMLU Coleta de Resíduos Sólidos - Saúde;FMLU Coleta de Resíduos Sólidos - Saúde;6;Receita Extraorçamentária;2;1;8;0;8;2;99;A;N;N;N;N;12.1.869.9001;Recursos Extraorçamentários;N;0;178220,70;192913,10;285733,59;460706,12;646196,90;512229,44;611460,73;473499,12;452045,33;411939,35;290643,48;220461,04;4736048,90;16/01/2026
6,21800829935001e+24;35460;2025;19;TRIBUNAL DE CONTAS DO MUNICÍPIO DE SÃO PAULO;Legislativo;10;Tribunal de Contas do Município de São Paulo;TCMSP;NA;NA;NA;NA;NA;FED - Multas Contratuais;FED - Multas Contratuais;6;Receita Extraorçamentária;2;1;8;0;8;2;99;A;N;N;N;S;12.1.869.9001;Recursos Extraorçamentários;N;0;0,00;0,00;1360,00;0,00;0,00;0,00;15552,99;18712,50;0,00;0,00;0,00;0,00;35625,49;16/01/2026
6,21800829935004e+24;35463;2025;23;FUNDO ESPECIAL DE DESPESAS DO TCMSP;Legislativo;77;Fundo Especial de Despesas do Tribunal de Contas;FTCMSP;NA;NA;NA;NA;NA;FED - Taxa de Serviços Prestados (certidões, atestados, contrato);FED - Taxa de Serviços Prestados (certidões, atestados, contrato);6;Receita Extraorçamentária;2;1;8;0;8;2;99;A;N;N;N;S;12.1.869.9001;Recursos Extraorçamentários;N;0;0,00;0,00;0,00;0,00;0,00;0,00;0,00;0,00;0,00;0,00;0,00;0,00;0,00;16/01/2026
6,21800829935008e+24;35467;2025;19;TRIBUNAL DE CONTAS DO MUNICÍPIO DE SÃO PAULO;Legislativo;10;Tribunal de Contas do Município de São Paulo;TCMSP;NA;NA;NA;NA;NA;PMSP - Restituições;PMSP - Restituições;6;Receita Extraorçamentária;2;1;8;0;8;2;99;A;N;N;N;S;12.1.869.9001;Recursos Extraorçamentários;N;0;0,00;0,00;0,00;0,00;0,00;0,00;2032,25;0,00;0,00;0,00;0,00;0,00;2032,25;16/01/2026
6,21800829935009e+24;35468;2025;19;TRIBUNAL DE CONTAS DO MUNICÍPIO DE SÃO PAULO;Legislativo;10;Tribunal de Contas do Município de São Paulo;TCMSP;NA;NA;NA;NA;NA;PMSP - Reversão de Despesas;PMSP - Reversão de Despesas;6;Receita Extraorçamentária;2;1;8;0;8;2;99;A;N;N;N;S;12.1.869.9001;Recursos Extraorçamentários;N;0;278249,83;95958,14;0,00;813,26;0,00;0,01;0,00;0,00;0,01;0,01;0,01;0,01;375021,28;16/01/2026
6,21800829935010e+24;35469;2025;19;TRIBUNAL DE CONTAS DO MUNICÍPIO DE SÃO PAULO;Legislativo;10;Tribunal de Contas do Município de São Paulo;TCMSP;NA;NA;NA;NA;NA;FED - Aplicações Financeiras - FI;FED - Aplicações Financeiras - FI;6;Receita Extraorçamentária;2;1;8;0;8;2;99;A;N;N;N;S;12.1.869.9001;Recursos Extraorçamentários;N;0;323407,75;348241,02;383545,78;441594,26;559915,61;524841,10;479410,58;460718,72;440329,54;452224,96;329745,02;493197,92;5237172,26;16/01/2026
6,21800829937001e+24;35471;2025;1;PREFEITURA DO MUNICÍPIO DE SÃO PAULO;Direta;NA;NA;NA;NA;NA;NA;NA;NA;FMLU - Multas e Juros de Contratos;FMLU - Multas e Juros de Contratos;6;Receita Extraorçamentária;2;1;8;0;8;2;99;A;N;N;N;N;12.1.869.9001;Recursos Extraorçamentários;N;0;0,00;0,00;0,00;0,00;0,00;639822,46;637083,57;0,00;1267593,20;0,00;0,00;0,00;2544499,23;16/01/2026
6,21800830102001e+24;35475;2025;30;SÃO PAULO URBANISMO;Indireta;5;São Paulo Urbanismo;SPU;NA;NA;NA;NA;NA;INSS;INSS;6;Receita Extraorçamentária;2;1;8;0;8;3;1;A;N;N;N;S;12.1.869.9001;Recursos Extraorçamentários;N;0;0,00;0,00;0,00;0,00;0,00;0,00;0,00;0,01;0,00;0,00;0,00;0,00;0,01;16/01/2026
6,21800830102003e+24;35477;2025;1;PREFEITURA DO MUNICÍPIO DE SÃO PAULO;Direta;NA;NA;NA;NA;NA;NA;NA;NA;INSS - Contribuinte Individual;INSS - Contribuinte Individual;6;Receita Extraorçamentária;2;1;8;0;8;3;1;A;N;N;N;S;12.1.869.9001;Recursos Extraorçamentários;N;0;2200269,21;1553404,15;3131768,66;1804522,67;1503057,53;1618100,08;1622138,12;1967600,37;2408611,83;1684745,36;1424771,87;1676973,18;22595963,03;16/01/2026
6,21800830102003e+24;35477;2025;4;HOSPITAL DO SERVIDOR PÚBLICO MUNICIPAL;Indireta;2;Hospital do Servidor Público Municipal;HSPM;NA;NA;NA;NA;NA;INSS - Contribuinte Individual;INSS - Contribuinte Individual;6;Receita Extraorçamentária;2;1;8;0;8;3;1;A;N;N;N;S;12.1.869.9001;Recursos Extraorçamentários;N;0;0,00;82032,20;0,00;0,00;0,00;0,00;0,00;0,00;0,00;0,00;0,00;0,00;82032,20;16/01/2026
6,21800830102003e+24;35477;2025;7;AGÊNCIA REG. DE SERV. PÚBLICOS DE SÃO PAULO;Indireta;33;Agência Reg. de Serv. Públicos do Mun de São Paulo;SPREGULA;NA;NA;NA;NA;NA;INSS - Contribuinte Individual;INSS - Contribuinte Individual;6;Receita Extraorçamentária;2;1;8;0;8;3;1;A;N;N;N;S;12.1.869.9001;Recursos Extraorçamentários;N;0;0,00;0,00;0,00;0,00;64,17;0,00;0,00;0,00;0,00;0,00;0,00;0,00;64,17;16/01/2026
6,21800830102004e+24;35478;2025;83;COMPANHIA METROPOLITANA DE HABITAÇÃO DE SÃO PAULO;Indireta;83;Companhia Metropolitana de Habitação de São Paulo;COHAB;NA;NA;NA;NA;NA;INSS - Empresas - CEI;INSS - Empresas - CEI;6;Receita Extraorçamentária;2;1;8;0;8;3;1;A;N;N;N;N;12.1.869.9001;Recursos Extraorçamentários;N;0;41,80;0,00;0,00;0,00;0,00;0,00;0,00;0,00;0,00;0,00;0,00;0,00;41,80;16/01/2026
6,21800830102006e+24;35480;2025;1;PREFEITURA DO MUNICÍPIO DE SÃO PAULO;Direta;NA;NA;NA;NA;NA;NA;NA;NA;INSS Transportador Rodoviário Autônomo - SEST E SENAT;INSS Transportador Rodoviário Autônomo - SEST E SENAT;6;Receita Extraorçamentária;2;1;8;0;8;3;1;A;N;N;N;S;12.1.869.9001;Recursos Extraorçamentários;N;0;0,00;0,00;0,00;95,38;0,00;0,00;0,00;0,00;0,00;0,00;0,00;0,00;95,38;16/01/2026
6,21800830102007e+24;35481;2025;1;PREFEITURA DO MUNICÍPIO DE SÃO PAULO;Direta;NA;NA;NA;NA;NA;NA;NA;NA;INSS - Contribuinte Individual - SMS/Gratif. Municipal;INSS - Contribuinte Individual - SMS/Gratif. Municipal;6;Receita Extraorçamentária;2;1;8;0;8;3;1;A;N;N;N;N;12.1.869.9001;Recursos Extraorçamentários;N;0;20,00;0,00;0,00;0,00;0,00;0,00;0,00;0,00;0,00;0,00;0,00;0,00;20,00;16/01/2026
6,21800830102009e+24;35483;2025;1;PREFEITURA DO MUNICÍPIO DE SÃO PAULO;Direta;NA;NA;NA;NA;NA;NA;NA;NA;Instituto Nacional do Seguro Social - INSS/EMPRESAS/CNPJ/MF;Instituto Nacional do Seguro Social - INSS/EMPRESAS/CNPJ/MF;6;Receita Extraorçamentária;2;1;8;0;8;3;1;A;N;N;N;S;12.1.869.9001;Recursos Extraorçamentários;N;0;383299,17;0,00;338528,78;244,85;0,00;0,00;0,00;0,00;0,00;0,00;0,00;6000,00;728072,80;16/01/2026
6,21800830102009e+24;35483;2025;5;INSTITUTO DE PREVIDÊNCIA MUNICIPAL DE SÃO PAULO;Indireta;3;Instituto de Previdência Municipal de São Paulo;IPREM;NA;NA;NA;NA;NA;Instituto Nacional do Seguro Social - INSS/EMPRESAS/CNPJ/MF;Instituto Nacional do Seguro Social - INSS/EMPRESAS/CNPJ/MF;6;Receita Extraorçamentária;2;1;8;0;8;3;1;A;N;N;N;S;12.1.869.9001;Recursos Extraorçamentários;N;0;0,00;14,74;0,00;0,00;0,00;0,00;0,00;0,00;0,00;0,00;0,00;0,00;14,74;16/01/2026
6,21800830102009e+24;35483;2025;18;CÂMARA MUNICIPAL;Legislativo;9;Câmara Municipal de São Paulo;CMSP;NA;NA;NA;NA;NA;Instituto Nacional do Seguro Social - INSS/EMPRESAS/CNPJ/MF;Instituto Nacional do Seguro Social - INSS/EMPRESAS/CNPJ/MF;6;Receita Extraorçamentária;2;1;8;0;8;3;1;A;N;N;N;S;12.1.869.9001;Recursos Extraorçamentários;N;0;0,00;28,37;0,00;0,00;0,00;0,00;0,00;0,00;0,00;0,00;0,00;249,40;277,77;16/01/2026
6,21800910302000e+24;35509;2025;1;PREFEITURA DO MUNICÍPIO DE SÃO PAULO;Direta;NA;NA;NA;NA;NA;NA;NA;NA;Suprimento de Fundos a Pagar - Cartão Corporativo;Suprimento de Fundos a Pagar - Cartão Corporativo;6;Receita Extraorçamentária;2;1;8;0;9;1;3;A;N;N;N;S;12.1.869.9998;Recursos Extraorçamentários;N;0;35941,82;540150,98;455391,40;514775,29;512117,64;530841,66;403920,63;469102,32;463095,94;544540,97;582000,61;279536,25;5331415,51;16/01/2026
6,21800910302000e+24;35509;2025;30;SÃO PAULO URBANISMO;Indireta;5;São Paulo Urbanismo;SPU;NA;NA;NA;NA;NA;Suprimento de Fundos a Pagar - Cartão Corporativo;Suprimento de Fundos a Pagar - Cartão Corporativo;6;Receita Extraorçamentária;2;1;8;0;9;1;3;A;N;N;N;S;12.1.869.9998;Recursos Extraorçamentários;N;0;0,00;3000,00;46,15;3000,00;0,00;3000,00;3000,00;3000,00;3000,00;3000,00;3000,00;3000,00;27046,15;16/01/2026
6,21800910302000e+24;35509;2025;85;FUNDAÇÃO THEATRO MUNICIPAL DE SÃO PAULO;Indireta;85;Fundação Theatro Municipal de São Paulo;FTMSP;NA;NA;NA;NA;NA;Suprimento de Fundos a Pagar - Cartão Corporativo;Suprimento de Fundos a Pagar - Cartão Corporativo;6;Receita Extraorçamentária;2;1;8;0;9;1;3;A;N;N;N;S;12.1.869.9998;Recursos Extraorçamentários;N;0;0,00;2000,00;2000,00;2000,00;2000,00;2000,00;2000,00;2000,00;2000,00;2000,00;2000,00;2000,00;22000,00;16/01/2026
6,21800911001000e+24;35511;2025;1;PREFEITURA DO MUNICÍPIO DE SÃO PAULO;Direta;NA;NA;NA;NA;NA;NA;NA;NA;Termo de Compromisso Cartão PTRF;Termo de Compromisso Cartão PTRF;6;Receita Extraorçamentária;2;1;8;0;9;1;10;A;N;N;N;S;12.1.869.9998;Recursos Extraorçamentários;N;0;300348,62;726406,81;107931605,00;687790,36;588426,69;729958,04;113054994,30;2698324,71;1211102,00;2812809,07;110505639,90;2933887,24;344181292,70;16/01/2026
6,21800919802009e+24;35517;2025;1;PREFEITURA DO MUNICÍPIO DE SÃO PAULO;Direta;NA;NA;NA;NA;NA;NA;NA;NA;Custas Judiciais;Custas Judiciais;6;Receita Extraorçamentária;2;1;8;0;9;1;98;A;N;N;N;S;12.1.869.9001;Recursos Extraorçamentários;N;0;0,00;0,00;0,00;0,00;0,00;3,67;0,02;0,00;0,00;0,00;0,00;74,40;78,09;16/01/2026
6,21800919802015e+24;35519;2025;1;PREFEITURA DO MUNICÍPIO DE SÃO PAULO;Direta;NA;NA;NA;NA;NA;NA;NA;NA;GARE;GARE;6;Receita Extraorçamentária;2;1;8;0;9;1;98;A;N;N;N;S;12.1.869.9001;Recursos Extraorçamentários;N;0;6088718,76;7598456,36;577082,41;534295,10;814113,38;621349,27;534793,49;1060154,01;1161399,85;898908,63;3141383,75;14501257,33;37531912,34;16/01/2026
6,21800919803001e+24;35521;2025;1;PREFEITURA DO MUNICÍPIO DE SÃO PAULO;Direta;NA;NA;NA;NA;NA;NA;NA;NA;Beneficiários de Programas/SEMDET;Beneficiários de Programas/SEMDET;6;Receita Extraorçamentária;2;1;8;0;9;1;98;A;N;N;N;S;12.1.869.9001;Recursos Extraorçamentários;N;0;1006987,07;696995,70;996193,02;433207,86;466127,85;372434,90;435007,07;869459,80;-350461,87;545008,28;239724,28;429817,00;6140500,96;16/01/2026
6,21800919803004e+24;35522;2025;1;PREFEITURA DO MUNICÍPIO DE SÃO PAULO;Direta;NA;NA;NA;NA;NA;NA;NA;NA;Pagamentos Devolvidos a Reapresentar;Pagamentos Devolvidos a Reapresentar;6;Receita Extraorçamentária;2;1;8;0;9;1;98;A;N;N;N;S;12.1.869.9001;Recursos Extraorçamentários;N;0;36700,00;24550,00;67750,00;86335,84;98950,00;21664,16;24627,00;14686,86;55200,00;61422,33;34627,67;38750,00;565263,86;16/01/2026
6,21800810401007e+24;35525;2025;1;PREFEITURA DO MUNICÍPIO DE SÃO PAULO;Direta;NA;NA;NA;NA;NA;NA;NA;NA;Créditos a Regularizar - Barras Não-FEBRABAN;Créditos a Regularizar - Barras Não-FEBRABAN;6;Receita Extraorçamentária;2;1;8;0;8;1;4;A;N;N;N;S;12.1.869.9994;Recursos Extraorçamentários;N;0;328646,35;-34499,20;364055,09;-268236,01;-97292,80;483815,34;-591178,30;690997,68;-1211359,78;-0,07;-0,21;625912,37;290860,46;16/01/2026
6,21800810401007e+24;35526;2025;1;PREFEITURA DO MUNICÍPIO DE SÃO PAULO;Direta;NA;NA;NA;NA;NA;NA;NA;NA;Créditos a Regularizar - Barras FEBRABAN;Créditos a Regularizar - Barras FEBRABAN;6;Receita Extraorçamentária;2;1;8;0;8;1;4;A;N;N;N;S;12.1.869.9994;Recursos Extraorçamentários;N;0;48,74;-30,87;5464,31;-5445,07;-33,74;-12,72;-46,37;101,02;-741,58;539,03;-21,71;6,30;-172,66;16/01/2026
6,21800810401007e+24;35527;2025;1;PREFEITURA DO MUNICÍPIO DE SÃO PAULO;Direta;NA;NA;NA;NA;NA;NA;NA;NA;Créditos a Regularizar- Simples Nacional;Créditos a Regularizar- Simples Nacional;6;Receita Extraorçamentária;2;1;8;0;8;1;4;A;N;N;N;S;12.1.869.9994;Recursos Extraorçamentários;N;0;-1897966,62;0,00;0,00;0,00;0,00;0,00;0,00;0,00;0,00;0,00;0,00;0,00;-1897966,62;16/01/2026
6,21800810401007e+24;35529;2025;1;PREFEITURA DO MUNICÍPIO DE SÃO PAULO;Direta;NA;NA;NA;NA;NA;NA;NA;NA;Créditos a Regularizar - Multa de Trânsito;Créditos a Regularizar - Multa de Trânsito;6;Receita Extraorçamentária;2;1;8;0;8;1;4;A;N;N;N;S;12.1.869.9994;Recursos Extraorçamentários;N;0;-25,46;0,01;0,00;603,75;-603,75;60,42;0,00;0,00;1001429,33;-969353,05;-32076,75;537931,26;537965,76;16/01/2026
6,21800820199004e+24;35530;2025;4;HOSPITAL DO SERVIDOR PÚBLICO MUNICIPAL;Indireta;2;Hospital do Servidor Público Municipal;HSPM;NA;NA;NA;NA;NA;Imposto de Renda Retido nas Fontes sobre os Rendimentos do Trabalho - Pessoa Física;Imposto de Renda Retido nas Fontes sobre os Rendimentos do Trabalho -;6;Receita Extraorçamentária;2;1;8;0;8;2;1;A;N;N;N;S;12.1.869.9001;Recursos Extraorçamentários;N;0;0,00;0,00;0,00;0,00;0,00;0,00;0,00;-20782,66;0,00;0,00;0,00;0,00;-20782,66;16/01/2026
6,21800820199004e+24;35532;2025;4;HOSPITAL DO SERVIDOR PÚBLICO MUNICIPAL;Indireta;2;Hospital do Servidor Público Municipal;HSPM;NA;NA;NA;NA;NA;Imposto de Renda Retido nas Fontes sobre Outros Rendimentos - Pessoa Física;Imposto de Renda Retido nas Fontes sobre Outros Rendimentos - Pessoa F;6;Receita Extraorçamentária;2;1;8;0;8;2;1;A;N;N;N;N;12.1.869.9001;Recursos Extraorçamentários;N;0;0,00;0,00;0,00;0,00;101,83;0,00;0,00;0,00;0,00;0,00;0,00;0,00;101,83;16/01/2026
6,21800820199004e+24;35534;2025;4;HOSPITAL DO SERVIDOR PÚBLICO MUNICIPAL;Indireta;2;Hospital do Servidor Público Municipal;HSPM;NA;NA;NA;NA;NA;Imposto de Renda Retido nas Fontes sobre Outros Rendimentos - Pessoa Jurídica;Imposto de Renda Retido nas Fontes sobre Outros Rendimentos - Pessoa J;6;Receita Extraorçamentária;2;1;8;0;8;2;1;A;N;N;N;S;12.1.869.9001;Recursos Extraorçamentários;N;0;-31,54;0,00;728,19;0,00;0,00;0,00;0,00;0,00;0,00;395,82;1104,21;37,96;2234,64;16/01/2026
6,21800820199004e+24;35534;2025;18;CÂMARA MUNICIPAL;Legislativo;9;Câmara Municipal de São Paulo;CMSP;NA;NA;NA;NA;NA;Imposto de Renda Retido nas Fontes sobre Outros Rendimentos - Pessoa Jurídica;Imposto de Renda Retido nas Fontes sobre Outros Rendimentos - Pessoa J;6;Receita Extraorçamentária;2;1;8;0;8;2;1;A;N;N;N;S;12.1.869.9001;Recursos Extraorçamentários;N;0;0,00;0,00;0,00;0,00;0,00;-412,19;0,00;0,00;0,00;412,10;0,00;0,00;-0,09;16/01/2026
6,11300819903001e+24;35547;2025;1;PREFEITURA DO MUNICÍPIO DE SÃO PAULO;Direta;NA;NA;NA;NA;NA;NA;NA;NA;Créditos a Receber do Fundo de Reserva - BB;Créditos a Receber do Fundo de Reserva - BB;6;Receita Extraorçamentária;1;1;3;0;8;1;99;A;N;N;N;S;12.1.869.9001;Recursos Extraorçamentários;N;0;-14217976,76;33818703,69;33873621,36;146315123,00;22760204,53;57532641,58;23980195,42;456772445,90;25336950,94;79889751,87;87440171,88;130989008,20;1084490842,00;16/01/2026
6,11300819903002e+24;35548;2025;1;PREFEITURA DO MUNICÍPIO DE SÃO PAULO;Direta;NA;NA;NA;NA;NA;NA;NA;NA;Créditos a Receber do Fundo de Reserva - CEF;Créditos a Receber do Fundo de Reserva - CEF;6;Receita Extraorçamentária;1;1;3;0;8;1;99;A;N;N;N;S;12.1.869.9001;Recursos Extraorçamentários;N;0;-546164,64;-523495,66;-525610,71;-586039,82;-632018,05;-621430,02;-1387105,02;-681215,70;-720476,99;-681255,82;-638513,63;13323288,89;5779962,83;16/01/2026
6,21800819923003e+24;35558;2025;1;PREFEITURA DO MUNICÍPIO DE SÃO PAULO;Direta;NA;NA;NA;NA;NA;NA;NA;NA;Valores a Restituir relativos a Novos Depósitos - BB;Valores a Restituir relativos a Novos Depósitos - BB;6;Receita Extraorçamentária;2;1;8;0;8;1;99;A;N;N;N;S;12.1.869.9996;Recursos Extraorçamentários;N;0;38407177,31;20968797,38;14682335,06;13561491,35;23540072,39;17087461,74;46481593,37;18001436,99;15359681,23;18759469,67;27743299,06;66109758,68;320702574,20;16/01/2026
6,11300510802001e+24;35616;2025;1;PREFEITURA DO MUNICÍPIO DE SÃO PAULO;Direta;NA;NA;NA;NA;NA;NA;NA;NA;Conta Especial - Precatórios Ec 62/09 Bco Brasil;Conta Especial - Precatórios Ec 62/09 Bco Brasil;6;Receita Extraorçamentária;1;1;3;0;5;1;8;A;N;N;N;S;12.1.869.9001;Recursos Extraorçamentários;N;0;-407613995,00;-407829288,50;-409210704,30;-418150266,60;-402490151,20;-441110269,60;-425780143,80;-422430261,10;-223636937,60;-217788137,00;-221309043,20;-217704940,90;-4215054139,00;16/01/2026
6,21800829938000e+24;35620;2025;18;CÂMARA MUNICIPAL;Legislativo;9;Câmara Municipal de São Paulo;CMSP;NA;NA;NA;NA;NA;Impostos lançados pela PMSP sobre imóveis locados pela Administração- Autarquia e Fundações;Impostos lançados pela PMSP sobre imóveis locados pela Adm- Aut e Fund;6;Receita Extraorçamentária;2;1;8;0;8;2;99;A;N;N;N;N;12.1.869.9001;Recursos Extraorçamentários;N;0;0,00;0,00;0,00;0,00;0,00;0,00;0,00;0,00;0,00;0,00;0,00;0,00;0,00;16/01/2026
1,92206111000000e+24;35661;2025;1;PREFEITURA DO MUNICÍPIO DE SÃO PAULO;Direta;87;Fundo Municipal de Desenvolvimento de Trânsito;FMDT;NA;NA;NA;NA;7910.2019/0000150-7 - Reativado pela demanda [D21938];Restituição de Despesas de Exercícios Anteriores- FMDT;Restituição de Despesas de Exercícios Anteriores- FMDT;1;Receita Corrente;9;2;2;6;1;1;10;A;S;N;N;S;08.1.752.0626;Tesouro Municipal - Recursos Vinculados;N;1200;0,00;0,00;0,00;0,00;0,00;0,00;0,00;0,00;0,00;0,00;0,00;0,00;0,00;16/01/2026
6,21800810401001e+24;35705;2025;1;PREFEITURA DO MUNICÍPIO DE SÃO PAULO;Direta;NA;NA;NA;NA;NA;NA;NA;Processo nº 6017.2020/0015498-7;Créditos a Regularizar - PGM;Créditos a Regularizar - PGM;6;Receita Extraorçamentária;2;1;8;0;8;1;4;A;N;N;N;S;12.1.869.9001;Recursos Extraorçamentários;N;0;-89591,87;1765358,80;3892732,36;-11006553,83;-9366182,25;-976022,78;4928420,46;20660716,99;-7578051,61;-30634381,84;6081353,58;232763508,40;210441306,40;16/01/2026
6,21800810401001e+24;35706;2025;1;PREFEITURA DO MUNICÍPIO DE SÃO PAULO;Direta;NA;NA;NA;NA;NA;NA;NA;(Não permite drd) Acordo DEFIN, DICON e DIGIR, a fim de evitar uso indiscriminado pelas unidades.;Créditos a Regularizar - Exercício 2020 e posteriores;Créditos a Regularizar - Exercício 2020 e posteriores;6;Receita Extraorçamentária;2;1;8;0;8;1;4;A;N;N;N;N;12.1.869.9994;Recursos Extraorçamentários;N;0;-1800002,50;-3734730,97;0,00;-4370316,45;-15358704,40;-1409537,03;0,00;0,00;0,00;0,00;0,00;0,00;-26673291,35;16/01/2026
1,92206111200000e+24;35950;2025;1;PREFEITURA DO MUNICÍPIO DE SÃO PAULO;Direta;NA;NA;NA;NA;NA;NA;NA;Processo nº 6021.2020/0013598-4 - Reativado pela demanda [D21938];Restituição de Despesas de Exercícios Anteriores - Multas de Trânsito;Restituição de Despesas de Exercícios Anteriores - Multas de Trânsito;1;Receita Corrente;9;2;2;6;1;1;12;A;S;N;N;S;00.1.501.9001;Tesouro Municipal;N;2969;0,00;606,85;0,00;0,00;0,00;0,00;0,00;0,00;0,00;0,00;0,00;0,00;606,85;16/01/2026
1,92206111300000e+24;35952;2025;1;PREFEITURA DO MUNICÍPIO DE SÃO PAULO;Direta;NA;NA;NA;NA;NA;NA;NA;Processo nº 6021.2020/0013598-4 - Reativado pela demanda [D21938];Restituição de Despesas de Exercícios Anteriores - Débitos de Servidores Municipais;Restituição Desp Exerc Anteriores - Débitos de Servidores Municipais;1;Receita Corrente;9;2;2;6;1;1;13;A;S;N;N;S;00.1.501.9001;Tesouro Municipal;N;158442;29801,65;49999,48;19150,51;8072,91;10041,88;4799,24;4593,70;38392,46;6738,77;15083,02;6531,51;258747,61;451952,74;16/01/2026
6,21800810499009e+24;35993;2025;85;FUNDAÇÃO THEATRO MUNICIPAL DE SÃO PAULO;Indireta;85;Fundação Theatro Municipal de São Paulo;FTMSP;NA;NA;NA;NA;NA;Depósitos De Saldo Não Utilizado - Adiantamentos;Depósitos De Saldo Não Utilizado - Adiantamentos;6;Receita Extraorçamentária;2;1;8;0;8;1;4;A;N;N;N;S;12.1.869.9001;Recursos Extraorçamentários;N;0;1081,51;0,00;0,00;0,00;0,00;0,00;0,00;0,00;0,00;0,00;0,00;0,00;1081,51;16/01/2026
6,21800810499009e+24;35993;2025;1;PREFEITURA DO MUNICÍPIO DE SÃO PAULO;Direta;NA;NA;NA;NA;NA;NA;NA;NA;Depósitos De Saldo Não Utilizado - Adiantamentos;Depósitos De Saldo Não Utilizado - Adiantamentos;6;Receita Extraorçamentária;2;1;8;0;8;1;4;A;N;N;N;S;12.1.869.9001;Recursos Extraorçamentários;N;0;-1958,36;7396,46;6134,81;-3667,14;-1236,23;9616,66;-3857,33;-2889,90;4962,90;12788,18;-9038,66;20824,20;39075,59;16/01/2026
6,21800810499009e+24;35993;2025;30;SÃO PAULO URBANISMO;Indireta;5;São Paulo Urbanismo;SPU;NA;NA;NA;NA;NA;Depósitos De Saldo Não Utilizado - Adiantamentos;Depósitos De Saldo Não Utilizado - Adiantamentos;6;Receita Extraorçamentária;2;1;8;0;8;1;4;A;N;N;N;S;12.1.869.9001;Recursos Extraorçamentários;N;0;0,00;0,00;0,00;0,00;0,00;30,61;0,00;0,00;1753,92;0,00;2865,95;2351,29;7001,77;16/01/2026
6,21800829942002e+24;37460;2025;1;PREFEITURA DO MUNICÍPIO DE SÃO PAULO;Direta;NA;NA;NA;NA;NA;NA;NA;6017.2018/0055314-4;Outorga Onerosa - Lei de Anistia;Outorga Onerosa - Lei de Anistia;6;Receita Extraorçamentária;2;1;8;0;8;2;99;A;N;N;N;S;12.1.869.9001;Recursos Extraorçamentários;N;0;0,00;58777,00;0,00;0,00;0,00;0,00;0,00;0,00;224819,91;0,00;0,00;0,00;283596,91;16/01/2026
6,11300810901000e+24;37475;2025;1;PREFEITURA DO MUNICÍPIO DE SÃO PAULO;Direta;NA;NA;NA;NA;NA;NA;NA;NA;Crédito a Receber por Reembolso de Salário Maternidade Pago - RGPS;Crédito a Receber por Reembolso de Salário Maternidade Pago - RGPS;6;Receita Extraorçamentária;1;1;3;0;8;1;9;A;N;N;N;S;12.1.869.9001;Recursos Extraorçamentários;N;0;-254866,28;-248693,76;-247033,74;-226475,48;-231752,51;-288789,12;-306846,36;-375426,77;-344648,29;-362084,35;-309126,57;-281116,47;-3476859,70;16/01/2026
6,11300819967000e+24;37560;2025;1;PREFEITURA DO MUNICÍPIO DE SÃO PAULO;Direta;NA;NA;NA;NA;NA;NA;NA;NA;Débitos pagos a regularizar - DRE Campo Limpo;Débitos pagos a regularizar - DRE Campo Limpo;6;Receita Extraorçamentária;1;1;3;0;8;1;99;A;N;N;N;S;12.1.869.9001;Recursos Extraorçamentários;N;0;0,00;0,00;0,00;0,00;-58885,26;58885,26;0,00;0,00;0,00;0,00;0,00;0,00;0,00;16/01/2026
6,11300819968000e+24;37561;2025;1;PREFEITURA DO MUNICÍPIO DE SÃO PAULO;Direta;NA;NA;NA;NA;NA;NA;NA;NA;Débitos pagos a regularizar - DRE Capela do Socorro;Débitos pagos a regularizar - DRE Capela do Socorro;6;Receita Extraorçamentária;1;1;3;0;8;1;99;A;N;N;N;N;12.1.869.9001;Recursos Extraorçamentários;N;0;0,00;0,00;0,00;0,00;-108529,16;108529,16;0,00;0,00;0,00;0,00;0,00;0,00;0,00;16/01/2026
6,11300819969000e+24;37562;2025;1;PREFEITURA DO MUNICÍPIO DE SÃO PAULO;Direta;NA;NA;NA;NA;NA;NA;NA;NA;Débitos pagos a regularizar - DRE Freguesia/Brasilândia;Débitos pagos a regularizar - DRE Freguesia/Brasilândia;6;Receita Extraorçamentária;1;1;3;0;8;1;99;A;N;N;N;N;12.1.869.9001;Recursos Extraorçamentários;N;0;0,00;0,00;0,00;0,00;0,00;0,00;-28680,00;28680,00;0,00;-22506,92;22506,92;-17116,83;-17116,83;16/01/2026
6,11300819973000e+24;37566;2025;1;PREFEITURA DO MUNICÍPIO DE SÃO PAULO;Direta;NA;NA;NA;NA;NA;NA;NA;NA;Débitos pagos a regularizar - DRE Jaçanã/Tremembé;Débitos pagos a regularizar - DRE Jaçanã/Tremembé;6;Receita Extraorçamentária;1;1;3;0;8;1;99;A;N;N;N;N;12.1.869.9001;Recursos Extraorçamentários;N;0;0,00;0,00;0,00;0,00;-440372,62;437186,18;3186,44;0,00;0,00;0,00;0,00;0,00;0,00;16/01/2026
6,11300819977000e+24;37568;2025;1;PREFEITURA DO MUNICÍPIO DE SÃO PAULO;Direta;NA;NA;NA;NA;NA;NA;NA;NA;Débitos pagos a regularizar - DRE São Mateus;Débitos pagos a regularizar - DRE São Mateus;6;Receita Extraorçamentária;1;1;3;0;8;1;99;A;N;N;N;S;12.1.869.9001;Recursos Extraorçamentários;N;0;0,00;0,00;0,00;0,00;0,00;0,00;0,00;0,00;0,00;0,00;0,00;-1146,33;-1146,33;16/01/2026
6,11300819979000e+24;37570;2025;1;PREFEITURA DO MUNICÍPIO DE SÃO PAULO;Direta;NA;NA;NA;NA;NA;NA;NA;NA;Débitos pagos a regularizar - DRE Butantã;Débitos pagos a regularizar - DRE Butantã;6;Receita Extraorçamentária;1;1;3;0;8;1;99;A;N;N;N;S;12.1.869.9001;Recursos Extraorçamentários;N;0;0,00;0,00;0,00;0,00;-125730,00;125730,00;0,00;0,00;0,00;0,00;0,00;0,00;0,00;16/01/2026
6,11300819975000e+24;37572;2025;1;PREFEITURA DO MUNICÍPIO DE SÃO PAULO;Direta;NA;NA;NA;NA;NA;NA;NA;NA;Débitos pagos a regularizar -  DRE Pirituba/Jaraguá;Débitos pagos a regularizar -  DRE Pirituba/Jaraguá;6;Receita Extraorçamentária;1;1;3;0;8;1;99;A;N;N;N;S;12.1.869.9001;Recursos Extraorçamentários;N;0;0,00;0,00;0,00;0,00;-13370,20;13370,20;0,00;0,00;0,00;0,00;0,00;0,00;0,00;16/01/2026
1,92206111600000e+24;37629;2025;85;FUNDAÇÃO THEATRO MUNICIPAL DE SÃO PAULO;Indireta;85;Fundação Theatro Municipal de São Paulo;FTMSP;NA;NA;NA;NA;PROCESSO 8510.2021/0000192-4 - Reativado pela demanda [D21938];Restituição de Despesas de Exercícios Anteriores- FTMSP;Restituição de Despesas de Exercícios Anteriores- FTMSP;1;Receita Corrente;9;2;2;6;1;1;16;A;S;N;N;N;06.1.501.9001;Recursos Próprios da Administração Indireta;N;0;91,86;0,18;0,14;0,00;0,02;0,12;0,13;0,14;0,16;0,15;0,14;0,03;93,07;16/01/2026
1,11250010100000e+24;37707;2025;1;PREFEITURA DO MUNICÍPIO DE SÃO PAULO;Direta;NA;NA;NA;NA;NA;NA;NA;NA;Imposto sobre a Propriedade Predial e Territorial Urbana;Imposto sobre a Propriedade Predial e Territorial Urbana;1;Receita Corrente;1;1;2;50;0;1;1;A;S;P;P;S;00.1.500.9001;Tesouro Municipal;N;15733742456;545916309,30;3808168397,00;1405506008,00;1287149256,00;1317767411,00;1280419259,00;1264440812,00;1226848742,00;1310990955,00;1257580153,00;1164723419,00;227082576,50;16096593296,00;16/01/2026
1,11250010100000e+24;37709;2025;1;PREFEITURA DO MUNICÍPIO DE SÃO PAULO;Direta;NA;NA;NA;NA;NA;NA;NA;NA;Deduções do Imposto sobre a Propriedade Predial e Territorial Urbana;Deduções do Imposto sobre a Propriedade Predial e Territorial Urbana;1;Receita Corrente;1;1;2;50;0;1;1;A;S;P;P;S;00.1.500.9001;Tesouro Municipal;S;-170388593;-12727762,02;-12371666,02;-12454227,23;-9528504,88;-9568640,61;-4928497,65;-5329778,71;-15075865,85;-6957057,18;-6181428,52;-71736992,03;-7067898,15;-173928318,90;16/01/2026
1,11250010100000e+24;37712;2025;1;PREFEITURA DO MUNICÍPIO DE SÃO PAULO;Direta;NA;NA;NA;NA;NA;NA;NA;NA;PPI - Imposto sobre a Propriedade Predial e Territorial Urbana;PPI - Imposto sobre a Propriedade Predial e Territorial Urbana;1;Receita Corrente;1;1;2;50;0;1;1;A;S;P;P;S;00.1.500.9001;Tesouro Municipal;N;124294948;12247731,21;13837082,48;7609791,74;7507744,42;7108633,00;6894119,34;7180919,42;6607790,34;7527695,01;7025626,33;6054889,98;7479404,39;97081427,66;16/01/2026
1,11250010100000e+24;37713;2025;1;PREFEITURA DO MUNICÍPIO DE SÃO PAULO;Direta;NA;NA;NA;NA;NA;NA;NA;NA;PAT - Imposto sobre a Propriedade Predial e Territorial Urbana;PAT - Imposto sobre a Propriedade Predial e Territorial Urbana;1;Receita Corrente;1;1;2;50;0;1;1;A;S;P;P;S;00.1.500.9001;Tesouro Municipal;N;9659197;1686781,38;1760226,07;1850923,55;1860395,11;2026120,19;2274008,37;2190111,68;2368494,02;2354483,79;2373975,25;2411846,75;2527854,46;25685220,62;16/01/2026
1,11250010100000e+24;37716;2025;1;PREFEITURA DO MUNICÍPIO DE SÃO PAULO;Direta;NA;NA;NA;NA;NA;NA;NA;NA;Deduções PPI - Imposto sobre a Propriedade Predial e Territorial Urbana;Deduções PPI - Imposto sobre a Propriedade Predial e Territorial Urban;1;Receita Corrente;1;1;2;50;0;1;1;A;S;P;P;S;00.1.500.9001;Tesouro Municipal;S;0;0,00;0,00;-26040,51;0,00;-6108,36;0,00;-698,14;0,00;0,00;0,00;0,00;0,00;-32847,01;16/01/2026
1,11250010100000e+24;37717;2025;1;PREFEITURA DO MUNICÍPIO DE SÃO PAULO;Direta;NA;NA;NA;NA;NA;NA;NA;NA;Deduções PAT - Imposto sobre a Propriedade Predial e Territorial Urbana;Deduções PAT - Imposto sobre a Propriedade Predial e Territorial Urban;1;Receita Corrente;1;1;2;50;0;1;1;A;S;P;P;S;00.1.500.9001;Tesouro Municipal;S;0;0,00;0,00;0,00;0,00;-2113,06;0,00;0,00;0,00;0,00;0,00;0,00;0,00;-2113,06;16/01/2026
1,11250010200000e+24;37721;2025;1;PREFEITURA DO MUNICÍPIO DE SÃO PAULO;Direta;NA;NA;NA;NA;NA;NA;NA;NA;Autos de Infração de IPTU- Obrigações acessórias;Autos de Infração de IPTU- Obrigações acessórias;1;Receita Corrente;1;1;2;50;0;1;2;A;S;S;S;S;00.1.500.9001;Tesouro Municipal;N;0;0,00;0,00;0,00;0,00;0,00;0,00;0,00;0,00;0,00;0,00;0,00;774790,38;774790,38;16/01/2026
1,11250020100000e+24;37727;2025;1;PREFEITURA DO MUNICÍPIO DE SÃO PAULO;Direta;NA;NA;NA;NA;NA;NA;NA;NA;Imposto sobre a Propriedade Predial e Territorial Urbana - Multas e Juros;Imposto sobre a Propriedade Predial e Territorial Urbana - Multas e Ju;1;Receita Corrente;1;1;2;50;0;2;1;A;S;P;P;S;00.1.500.9001;Tesouro Municipal;N;102995058;10162860,78;9287830,98;9466851,43;7744803,24;11564597,93;10840530,24;12113907,01;13214867,22;13957099,52;13331406,43;13187309,89;16470982,85;141343047,50;16/01/2026
1,11250020100000e+24;37732;2025;1;PREFEITURA DO MUNICÍPIO DE SÃO PAULO;Direta;NA;NA;NA;NA;NA;NA;NA;NA;PPI - Imposto sobre a Propriedade Predial e Territorial Urbana - Multas e Juros;PPI - Imposto sobre a Propriedade Predial e Territorial Urbana - Multa;1;Receita Corrente;1;1;2;50;0;2;1;A;S;P;P;S;00.1.500.9001;Tesouro Municipal;N;19715385;1109305,73;1393634,37;1153329,98;1137200,65;1107314,52;1072049,91;1121555,70;1041318,89;1163621,73;1106748,87;979987,76;1160202,96;13546271,07;16/01/2026
1,11250020100000e+24;37733;2025;1;PREFEITURA DO MUNICÍPIO DE SÃO PAULO;Direta;NA;NA;NA;NA;NA;NA;NA;NA;PAT - Imposto sobre a Propriedade Predial e Territorial Urbana - Multas e Juros;PAT - Imposto sobre a Propriedade Predial e Territorial Urbana - Multa;1;Receita Corrente;1;1;2;50;0;2;1;A;S;P;P;S;00.1.500.9001;Tesouro Municipal;N;1862818;144249,64;156861,19;170956,15;160907,90;182721,48;191403,63;188242,49;227088,10;211767,10;232041,19;246364,79;232697,32;2345300,98;16/01/2026
1,11250020100000e+24;37736;2025;1;PREFEITURA DO MUNICÍPIO DE SÃO PAULO;Direta;NA;NA;NA;NA;NA;NA;NA;NA;Deduções PPI - Imposto sobre a Propriedade Predial e Territorial Urbana - Multas e Juros;Deduções PPI - Imposto sobre a Propriedade Predial e Territorial Urban;1;Receita Corrente;1;1;2;50;0;2;1;A;S;P;P;S;00.1.500.9001;Tesouro Municipal;S;0;0,00;0,00;-2128,19;0,00;-66,15;0,00;-69,93;0,00;0,00;0,00;0,00;0,00;-2264,27;16/01/2026
1,11250030100000e+24;37747;2025;1;PREFEITURA DO MUNICÍPIO DE SÃO PAULO;Direta;NA;NA;NA;NA;NA;NA;NA;NA;Imposto sobre a Propriedade Predial e Territorial Urbana - Dívida Ativa;Imposto sobre a Propriedade Predial e Territorial Urbana - Dívida Ativ;1;Receita Corrente;1;1;2;50;0;3;1;A;S;P;P;S;00.1.500.9001;Tesouro Municipal;N;481043695;30625365,49;42303632,15;35483258,11;42471474,23;63726632,31;60013751,86;54740196,64;48082313,08;64885713,96;56721468,79;31754376,47;206357542,60;737165725,70;16/01/2026
1,11250030100000e+24;37749;2025;1;PREFEITURA DO MUNICÍPIO DE SÃO PAULO;Direta;NA;NA;NA;NA;NA;NA;NA;NA;Deduções Imposto sobre a Propriedade Predial e Territorial Urbana - Dívida Ativa;Deduções Imposto sobre a Propriedade Predial e Territorial Urbana - Dí;1;Receita Corrente;1;1;2;50;0;3;1;A;S;P;P;S;00.1.500.9001;Tesouro Municipal;S;0;-39846,22;-4437430,72;-21841,70;-612217,76;-72956,22;-27317,79;-16472,02;-50590,69;-168201,84;-45870,38;-152184,30;-102460,38;-5747390,02;16/01/2026
1,11250030100000e+24;37752;2025;1;PREFEITURA DO MUNICÍPIO DE SÃO PAULO;Direta;NA;NA;NA;NA;NA;NA;NA;NA;PPI - Imposto sobre a Propriedade Predial e Territorial Urbana - Dívida Ativa;PPI - Imposto sobre a Propriedade Predial e Territorial Urbana - Dívid;1;Receita Corrente;1;1;2;50;0;3;1;A;S;P;P;S;00.1.500.9001;Tesouro Municipal;N;818913941;99586087,92;95103523,91;49283544,05;45733547,51;48986566,67;44615779,95;45822216,20;40541177,14;45765799,53;43649964,56;39803070,82;41770779,05;640662057,30;16/01/2026
1,11250030100000e+24;37753;2025;1;PREFEITURA DO MUNICÍPIO DE SÃO PAULO;Direta;NA;NA;NA;NA;NA;NA;NA;NA;PAT - Imposto sobre a Propriedade Predial e Territorial Urbana - Dívida Ativa;PAT - Imposto sobre a Propriedade Predial e Territorial Urbana - Dívid;1;Receita Corrente;1;1;2;50;0;3;1;A;S;P;P;S;00.1.500.9001;Tesouro Municipal;N;0;308,37;311,50;315,09;318,12;321,50;325,15;328,74;0,00;0,00;0,00;536,63;1038,81;3803,91;16/01/2026
1,11250030100000e+24;37754;2025;1;PREFEITURA DO MUNICÍPIO DE SÃO PAULO;Direta;NA;NA;NA;NA;NA;NA;NA;NA;PEQ - Imposto sobre a Propriedade Predial e Territorial Urbana - Dívida Ativa;PEQ - Imposto sobre a Propriedade Predial e Territorial Urbana - Dívid;1;Receita Corrente;1;1;2;50;0;3;1;A;S;P;P;S;00.1.500.9001;Tesouro Municipal;N;173052;0,00;0,00;0,00;0,00;0,00;0,00;0,00;0,00;0,00;0,00;0,00;0,00;0,00;16/01/2026
1,11250030100000e+24;37756;2025;1;PREFEITURA DO MUNICÍPIO DE SÃO PAULO;Direta;NA;NA;NA;NA;NA;NA;NA;NA;Deduções PPI - Imposto sobre a Propriedade Predial e Territorial Urbana - Dívida Ativa;Deduções PPI - Imposto sobre a Propriedade Predial e Territorial Urban;1;Receita Corrente;1;1;2;50;0;3;1;A;S;P;P;S;00.1.500.9001;Tesouro Municipal;S;0;-169003,47;0,00;-290749,20;-33718,44;-119724,94;-11276,19;-63555,31;-418098,76;-23152,88;-14307,83;-5869,42;-9513,68;-1158970,12;16/01/2026
1,11250040100000e+24;37762;2025;1;PREFEITURA DO MUNICÍPIO DE SÃO PAULO;Direta;NA;NA;NA;NA;NA;NA;NA;NA;Imposto sobre a Propriedade Predial e Territorial Urbana - Dívida Ativa - Multas e Juros;Imposto sobre a Propriedade Predial e Territorial Urbana - Dívida Ativ;1;Receita Corrente;1;1;2;50;0;4;1;A;S;P;P;S;00.1.500.9001;Tesouro Municipal;N;131721238;7190329,08;8114302,44;8506332,32;9020861,23;10035709,84;8866074,02;8757107,44;9119955,68;9622930,87;10565030,97;5192986,36;5226886,35;100218506,60;16/01/2026
1,11250040100000e+24;37767;2025;1;PREFEITURA DO MUNICÍPIO DE SÃO PAULO;Direta;NA;NA;NA;NA;NA;NA;NA;NA;PPI - Imposto sobre a Propriedade Predial e Territorial Urbana - Dívida Ativa - Multas e Juros;PPI - Imposto sobre a Propriedade Predial e Territorial Urbana - Dívid;1;Receita Corrente;1;1;2;50;0;4;1;A;S;P;P;S;00.1.500.9001;Tesouro Municipal;N;334339591;20919356,24;20235016,57;19246722,01;18297792,76;18484609,81;17820753,95;18432844,24;16137538,00;19191755,60;17663191,29;15808447,68;16671417,53;218909445,70;16/01/2026
1,11250040100000e+24;37768;2025;1;PREFEITURA DO MUNICÍPIO DE SÃO PAULO;Direta;NA;NA;NA;NA;NA;NA;NA;NA;PAT - Imposto sobre a Propriedade Predial e Territorial Urbana - Dívida Ativa - Multas e Juros;PAT - Imposto sobre a Propriedade Predial e Territorial Urbana - Dívid;1;Receita Corrente;1;1;2;50;0;4;1;A;S;P;P;S;00.1.500.9001;Tesouro Municipal;N;0;117,18;118,37;119,74;120,89;122,17;123,57;124,91;0,00;0,00;0,00;204,21;384,24;1435,28;16/01/2026
1,11250040100000e+24;37770;2025;1;PREFEITURA DO MUNICÍPIO DE SÃO PAULO;Direta;NA;NA;NA;NA;NA;NA;NA;NA;PEQ - Imposto sobre a Propriedade Predial e Territorial Urbana - Dívida Ativa - Multas e Juros;PEQ - Imposto sobre a Propriedade Predial e Territorial Urbana - Dívid;1;Receita Corrente;1;1;2;50;0;4;1;A;S;P;P;S;00.1.500.9001;Tesouro Municipal;N;173052;0,00;0,00;0,00;0,00;0,00;0,00;0,00;0,00;0,00;0,00;0,00;0,00;0,00;16/01/2026
1,11250040100000e+24;37772;2025;1;PREFEITURA DO MUNICÍPIO DE SÃO PAULO;Direta;NA;NA;NA;NA;NA;NA;NA;NA;Deduções PPI - Imposto sobre a Propriedade Predial e Territorial Urbana - Dívida Ativa - Multas e Juros;Deduções PPI - Imposto sobre a Propriedade Predial e Territorial Urban;1;Receita Corrente;1;1;2;50;0;4;1;A;S;P;P;S;00.1.500.9001;Tesouro Municipal;S;0;-83647,78;0,00;-90524,97;-13584,71;-24862,14;-2077,13;-35588,26;-114197,63;-10569,77;-1818,11;-1761,74;-2230,80;-380863,04;16/01/2026
1,11253010100000e+24;37782;2025;1;PREFEITURA DO MUNICÍPIO DE SÃO PAULO;Direta;NA;NA;NA;NA;NA;NA;NA;NA;"Imposto sobre Transmissão Inter Vivos de Bens Imóveis e de Direitos Reais sobre Imóveis""""";Imposto sobre Transmissão Inter Vivos de Bens Imóveis e de Direitos Re;1;Receita Corrente;1;1;2;53;0;1;1;A;S;P;P;S;00.1.500.9001;Tesouro Municipal;N;4331033809;284100231,90;330684661,80;296532279,40;368088950,70;357371965,20;365815118,60;379594621,20;402900878,20;391311146,80;424954141,90;419799123,30;516300503,60;4537453622,00;16/01/2026
1,11253010100000e+24;37784;2025;1;PREFEITURA DO MUNICÍPIO DE SÃO PAULO;Direta;NA;NA;NA;NA;NA;NA;NA;NA;"Deduções Imposto sobre Transmissão Inter Vivos de Bens Imóveis e de Direitos Reais sobre Imóveis""""";Deduções Imposto sobre Transmissão Inter Vivos de Bens Imóveis e de Di;1;Receita Corrente;1;1;2;53;0;1;1;A;S;P;P;S;00.1.500.9001;Tesouro Municipal;S;0;-772349,16;-348807,09;-439908,57;-1021804,32;-528018,70;-682216,91;-624483,36;-1355350,62;-478793,09;-717490,11;-443803,44;-832386,25;-8245411,62;16/01/2026
1,11253010100000e+24;37787;2025;1;PREFEITURA DO MUNICÍPIO DE SÃO PAULO;Direta;NA;NA;NA;NA;NA;NA;NA;NA;"PPI - Imposto sobre Transmissão Inter Vivos de Bens Imóveis e de Direitos Reais sobre Imóveis""""";PPI - Imposto sobre Transmissão Inter Vivos de Bens Imóveis e de Direi;1;Receita Corrente;1;1;2;53;0;1;1;A;S;P;P;S;00.1.500.9001;Tesouro Municipal;N;2211506;4484597,77;2805893,85;108450,56;109835,05;122702,40;93016,06;90616,05;106176,90;84461,73;85354,48;79070,60;79836,14;8250011,59;16/01/2026
1,11253010100000e+24;37788;2025;1;PREFEITURA DO MUNICÍPIO DE SÃO PAULO;Direta;NA;NA;NA;NA;NA;NA;NA;NA;"PAT - Imposto sobre Transmissão Inter Vivos de Bens Imóveis e de Direitos Reais sobre Imóveis""""";PAT - Imposto sobre Transmissão Inter Vivos de Bens Imóveis e de Direi;1;Receita Corrente;1;1;2;53;0;1;1;A;S;P;P;S;00.1.500.9001;Tesouro Municipal;N;977113;33016,64;32415,71;36247,47;141202,60;143903,41;150635,45;162935,37;165872,46;186374,01;183668,39;194786,89;239557,29;1670615,69;16/01/2026
1,11253020100000e+24;37799;2025;1;PREFEITURA DO MUNICÍPIO DE SÃO PAULO;Direta;NA;NA;NA;NA;NA;NA;NA;NA;"Imposto sobre Transmissão Inter Vivos de Bens Imóveis e de Direitos Reais sobre Imóveis - Multas e Juros""""";Imposto s/ Transmissão Inter Vivos de Bens Imov. e Dir. Multas e juros;1;Receita Corrente;1;1;2;53;0;2;1;A;S;P;P;S;00.1.500.9001;Tesouro Municipal;N;33357971;2380785,15;2468674,77;2152272,92;2338523,20;3120320,55;2427429,11;2768083,06;2538381,54;2661198,10;3236695,42;2193272,67;2939252,50;31224888,99;16/01/2026
1,11253020100000e+24;37804;2025;1;PREFEITURA DO MUNICÍPIO DE SÃO PAULO;Direta;NA;NA;NA;NA;NA;NA;NA;NA;"PPI - Imposto sobre Transmissão Inter Vivos de Bens Imóveis e de Direitos Reais sobre Imóveis - Multas e Juros""""";PPI - Imposto sobre Transmissão Inter Vivos de Bens Imóveis e de Direi;1;Receita Corrente;1;1;2;53;0;2;1;A;S;P;P;S;00.1.500.9001;Tesouro Municipal;N;1099125;447438,45;296216,31;54959,10;56064,25;69840,60;48166,71;49605,22;60534,13;45900,60;46768,31;43268,36;44018,28;1262780,32;16/01/2026
1,11253020100000e+24;37805;2025;1;PREFEITURA DO MUNICÍPIO DE SÃO PAULO;Direta;NA;NA;NA;NA;NA;NA;NA;NA;"PAT - Imposto sobre Transmissão Inter Vivos de Bens Imóveis e de Direitos Reais sobre Imóveis - Multas e Juros""""";PAT - Imposto sobre Transmissão Inter Vivos de Bens Imóveis e de Direi;1;Receita Corrente;1;1;2;53;0;2;1;A;S;P;P;S;00.1.500.9001;Tesouro Municipal;N;1225870;39707,42;38710,46;45480,05;145589,59;148758,27;136502,03;155804,60;155587,95;173612,03;174675,28;185694,03;232317,66;1632439,37;16/01/2026
1,11253030100000e+24;37816;2025;1;PREFEITURA DO MUNICÍPIO DE SÃO PAULO;Direta;NA;NA;NA;NA;NA;NA;NA;NA;"Imposto sobre Transmissão Inter Vivos de Bens Imóveis e de Direitos Reais sobre Imóveis - Dívida Ativa""""";Imposto sobre Transmissão Inter Vivos de Bens Imóveis e de Direitos Re;1;Receita Corrente;1;1;2;53;0;3;1;A;S;P;P;S;00.1.500.9001;Tesouro Municipal;N;9742155;160625,97;101011,64;89838,28;112415,85;630542,39;155997,34;514533,43;30013380,70;324386,55;845460,30;262055,00;246550,64;33456798,09;16/01/2026
1,11253030100000e+24;37821;2025;1;PREFEITURA DO MUNICÍPIO DE SÃO PAULO;Direta;NA;NA;NA;NA;NA;NA;NA;NA;"PPI - Imposto sobre Transmissão Inter Vivos de Bens Imóveis e de Direitos Reais sobre Imóveis - Dívida Ativa""""";PPI - Imposto sobre Transmissão Inter Vivos de Bens Imóveis e de Direi;1;Receita Corrente;1;1;2;53;0;3;1;A;S;P;P;S;00.1.500.9001;Tesouro Municipal;N;7998662;6284151,20;12363684,19;495871,66;482084,60;484786,75;550980,71;444100,20;402892,08;406974,47;471270,81;613183,53;397316,20;23397296,40;16/01/2026
1,11253040100000e+24;37832;2025;1;PREFEITURA DO MUNICÍPIO DE SÃO PAULO;Direta;NA;NA;NA;NA;NA;NA;NA;NA;"Imposto sobre Transmissão Inter Vivos de Bens Imóveis e de Direitos Reais sobre Imóveis - Dívida Ativa - Multas e Juros""""";Imposto s/ Transmissão Inter Vivos de Bens Imov. e Dir. Multas e juros;1;Receita Corrente;1;1;2;53;0;4;1;A;S;P;P;S;00.1.500.9001;Tesouro Municipal;N;4540602;137031,60;68247,67;55299,48;76743,94;223636,34;79218,97;274897,41;142700,05;242970,20;368527,40;147852,47;163496,82;1980622,35;16/01/2026
1,11253040100000e+24;37837;2025;1;PREFEITURA DO MUNICÍPIO DE SÃO PAULO;Direta;NA;NA;NA;NA;NA;NA;NA;NA;"PPI - Imposto sobre Transmissão Inter Vivos de Bens Imóveis e de Direitos Reais sobre Imóveis - Dívida Ativa - Multas e Juros""""";PPI - Imposto sobre Transmissão Inter Vivos de Bens Imóveis e de Direi;1;Receita Corrente;1;1;2;53;0;4;1;A;S;P;P;S;00.1.500.9001;Tesouro Municipal;N;7035433;931641,12;2009894,93;425074,46;411309,62;429979,29;492778,80;403159,06;349937,32;345527,35;381799,91;533823,49;360027,77;7074953,12;16/01/2026
1,11451110100000e+24;37852;2025;1;PREFEITURA DO MUNICÍPIO DE SÃO PAULO;Direta;NA;NA;NA;NA;NA;NA;NA;NA;Imposto sobre Serviços de Qualquer Natureza;Imposto sobre Serviços de Qualquer Natureza;1;Receita Corrente;1;1;4;51;1;1;1;A;S;P;P;S;00.1.500.9001;Tesouro Municipal;N;32706633433;3088836231,00;2557967065,00;2479899515,00;2753532934,00;2643337570,00;2698688353,00;2847545258,00;2901427189,00;2791322229,00;3011599265,00;2965825984,00;3067356997,00;33807338590,00;16/01/2026
1,11451110100000e+24;37854;2025;1;PREFEITURA DO MUNICÍPIO DE SÃO PAULO;Direta;NA;NA;NA;NA;NA;NA;NA;NA;Deduções Imposto sobre Serviços de Qualquer Natureza;Deduções Imposto sobre Serviços de Qualquer Natureza;1;Receita Corrente;1;1;4;51;1;1;1;A;S;P;P;S;00.1.500.9001;Tesouro Municipal;S;-61187893;-4143693,86;-4620090,39;-2611614,83;-5491064,11;-3887074,28;-3764778,16;-4807499,00;-4421465,88;-4488582,87;-5232153,66;-2854584,85;-3147807,06;-49470408,95;16/01/2026
1,11451110100000e+24;37857;2025;1;PREFEITURA DO MUNICÍPIO DE SÃO PAULO;Direta;NA;NA;NA;NA;NA;NA;NA;NA;PPI - Imposto sobre Serviços de Qualquer Natureza;PPI - Imposto sobre Serviços de Qualquer Natureza;1;Receita Corrente;1;1;4;51;1;1;1;A;S;P;P;S;00.1.500.9001;Tesouro Municipal;N;153689468;58097066,04;37411220,95;11222461,42;11193100,78;10523793,95;10439912,19;11342267,59;11940559,35;10291589,65;10204661,89;9547393,98;9933747,70;202147775,50;16/01/2026
1,11451110100000e+24;37858;2025;1;PREFEITURA DO MUNICÍPIO DE SÃO PAULO;Direta;NA;NA;NA;NA;NA;NA;NA;NA;PAT - Imposto sobre Serviços de Qualquer Natureza;PAT - Imposto sobre Serviços de Qualquer Natureza;1;Receita Corrente;1;1;4;51;1;1;1;A;S;P;P;S;00.1.500.9001;Tesouro Municipal;N;115725077;10830858,66;9615985,82;9500659,89;12032302,54;10955876,65;11168649,62;13049068,70;11160671,18;12431696,92;13030897,17;12337848,06;13880874,51;139995389,70;16/01/2026
1,11451110100000e+24;37860;2025;1;PREFEITURA DO MUNICÍPIO DE SÃO PAULO;Direta;NA;NA;NA;NA;NA;NA;NA;NA;PRD - Imposto sobre Serviços de Qualquer Natureza;PRD - Imposto sobre Serviços de Qualquer Natureza;1;Receita Corrente;1;1;4;51;1;1;1;A;S;P;P;S;00.1.500.9001;Tesouro Municipal;N;24387529;2032359,62;2092547,01;2075770,80;2115393,46;2158790,43;2127350,95;2175407,88;2220397,05;2258148,65;2228611,48;2223890,60;1989051,81;25697719,74;16/01/2026
1,11451110100000e+24;37861;2025;1;PREFEITURA DO MUNICÍPIO DE SÃO PAULO;Direta;NA;NA;NA;NA;NA;NA;NA;NA;PIME - Imposto sobre Serviços de Qualquer Natureza;PIME - Imposto sobre Serviços de Qualquer Natureza;1;Receita Corrente;1;1;4;51;1;1;1;A;S;N;N;S;00.1.500.9001;Tesouro Municipal;N;1000;67,70;68,38;69,07;69,72;70,47;71,27;72,05;72,97;73,82;74,71;75,67;76,46;862,29;16/01/2026
1,11451110100000e+24;37863;2025;1;PREFEITURA DO MUNICÍPIO DE SÃO PAULO;Direta;NA;NA;NA;NA;NA;NA;NA;NA;Deduções PPI - Imposto sobre Serviços de Qualquer Natureza;Deduções PPI - Imposto sobre Serviços de Qualquer Natureza;1;Receita Corrente;1;1;4;51;1;1;1;A;S;P;P;S;00.1.500.9001;Tesouro Municipal;S;0;0,00;0,00;0,00;-1962,59;0,00;0,00;0,00;-9839559,07;0,00;0,00;0,00;0,00;-9841521,66;16/01/2026
1,11451110100000e+24;37864;2025;1;PREFEITURA DO MUNICÍPIO DE SÃO PAULO;Direta;NA;NA;NA;NA;NA;NA;NA;NA;Deduções PAT - Imposto sobre Serviços de Qualquer Natureza;Deduções PAT - Imposto sobre Serviços de Qualquer Natureza;1;Receita Corrente;1;1;4;51;1;1;1;A;S;P;P;S;00.1.500.9001;Tesouro Municipal;S;0;0,00;0,00;0,00;0,00;0,00;-7915,58;0,00;0,00;0,00;0,00;0,00;0,00;-7915,58;16/01/2026
1,11451110100000e+24;37866;2025;1;PREFEITURA DO MUNICÍPIO DE SÃO PAULO;Direta;NA;NA;NA;NA;NA;NA;NA;NA;Deduções PRD - Imposto sobre Serviços de Qualquer Natureza;Deduções PRD - Imposto sobre Serviços de Qualquer Natureza;1;Receita Corrente;1;1;4;51;1;1;1;A;S;P;P;S;00.1.500.9001;Tesouro Municipal;S;0;0,00;0,00;0,00;0,00;0,00;0,00;0,00;-867,71;0,00;0,00;0,00;0,00;-867,71;16/01/2026
1,11451110300000e+24;37875;2025;1;PREFEITURA DO MUNICÍPIO DE SÃO PAULO;Direta;NA;NA;NA;NA;NA;NA;NA;NA;ISS - Simples Nacional;ISS - Simples Nacional;1;Receita Corrente;1;1;4;51;1;1;3;A;S;P;P;S;00.1.500.9001;Tesouro Municipal;N;3526986663;331306183,80;263000163,20;278197087,30;281026650,60;298906344,80;295316178,10;303902308,20;309817181,70;315740134,50;329633860,00;327387955,10;353314928,50;3687548976,00;16/01/2026
1,11451110300000e+24;37877;2025;1;PREFEITURA DO MUNICÍPIO DE SÃO PAULO;Direta;NA;NA;NA;NA;NA;NA;NA;NA;Deduções ISS - Simples Nacional;Deduções ISS - Simples Nacional;1;Receita Corrente;1;1;4;51;1;1;3;A;S;P;P;S;00.1.500.9001;Tesouro Municipal;S;0;-10833,15;-19561,15;-13472,63;-15831,60;-32709,43;-39159,61;-5752,90;-119259,24;-33437,08;-88294,82;-15196,23;-62845,67;-456353,51;16/01/2026
1,11451120100000e+24;37881;2025;1;PREFEITURA DO MUNICÍPIO DE SÃO PAULO;Direta;NA;NA;NA;NA;NA;NA;NA;NA;Imposto sobre Serviços de Qualquer Natureza - Multas e Juros;Imposto sobre Serviços de Qualquer Natureza - Multas e Juros;1;Receita Corrente;1;1;4;51;1;2;1;A;S;P;P;S;00.1.500.9001;Tesouro Municipal;N;128964455;12685703,54;10030242,38;9061222,48;13877771,69;11579219,64;12982182,68;13414525,68;17071468,10;12564420,40;9530873,81;11106066,41;8944070,09;142847766,90;16/01/2026
1,11451120100000e+24;37886;2025;1;PREFEITURA DO MUNICÍPIO DE SÃO PAULO;Direta;NA;NA;NA;NA;NA;NA;NA;NA;PPI - Imposto sobre Serviços de Qualquer Natureza - Multas e Juros;PPI - Imposto sobre Serviços de Qualquer Natureza - Multas e Juros;1;Receita Corrente;1;1;4;51;1;2;1;A;S;P;P;S;00.1.500.9001;Tesouro Municipal;N;66285739;7260109,34;10166635,64;4353754,33;3949024,53;4032136,49;3960373,47;4463473,57;4497010,74;4063489,22;3891040,72;3631624,00;3942193,01;58210865,06;16/01/2026
1,11451120100000e+24;37887;2025;1;PREFEITURA DO MUNICÍPIO DE SÃO PAULO;Direta;NA;NA;NA;NA;NA;NA;NA;NA;PAT - Imposto sobre Serviços de Qualquer Natureza - Multas e Juros;PAT - Imposto sobre Serviços de Qualquer Natureza - Multas e Juros;1;Receita Corrente;1;1;4;51;1;2;1;A;S;P;P;S;00.1.500.9001;Tesouro Municipal;N;48104029;3817607,27;3311670,80;3256519,69;4224231,24;3731847,24;3807317,61;4942253,63;4152289,86;4711206,26;4837549,39;4066728,00;4662999,46;49522220,45;16/01/2026
1,11451120100000e+24;37889;2025;1;PREFEITURA DO MUNICÍPIO DE SÃO PAULO;Direta;NA;NA;NA;NA;NA;NA;NA;NA;PRD - Imposto sobre Serviços de Qualquer Natureza - Multas e Juros;PRD - Imposto sobre Serviços de Qualquer Natureza - Multas e Juros;1;Receita Corrente;1;1;4;51;1;2;1;A;S;P;P;S;00.1.500.9001;Tesouro Municipal;N;8380639;798718,53;819586,87;814773,48;837286,16;850743,97;837247,83;853832,39;887824,88;898105,04;871628,65;881106,84;808349,18;10159203,82;16/01/2026
1,11451120100000e+24;37890;2025;1;PREFEITURA DO MUNICÍPIO DE SÃO PAULO;Direta;NA;NA;NA;NA;NA;NA;NA;NA;PIME - Imposto sobre Serviços de Qualquer Natureza - Multas e Juros;PIME - Imposto sobre Serviços de Qualquer Natureza - Multas e Juros;1;Receita Corrente;1;1;4;51;1;2;1;A;S;N;N;S;00.1.500.9001;Tesouro Municipal;N;1000;39,14;39,54;39,92;40,31;40,73;41,19;41,65;42,18;42,67;43,20;43,74;44,20;498,47;16/01/2026
1,11451120100000e+24;37892;2025;1;PREFEITURA DO MUNICÍPIO DE SÃO PAULO;Direta;NA;NA;NA;NA;NA;NA;NA;NA;Deduções PPI - Imposto sobre Serviços de Qualquer Natureza - Multas e Juros;Deduções PPI - Imposto sobre Serviços de Qualquer Natureza - Multas e;1;Receita Corrente;1;1;4;51;1;2;1;A;S;P;P;S;00.1.500.9001;Tesouro Municipal;S;0;0,00;0,00;0,00;-579,70;0,00;0,00;0,00;-581835,73;0,00;0,00;0,00;0,00;-582415,43;16/01/2026
1,11451120100000e+24;37893;2025;1;PREFEITURA DO MUNICÍPIO DE SÃO PAULO;Direta;NA;NA;NA;NA;NA;NA;NA;NA;Deduções PAT - Imposto sobre Serviços de Qualquer Natureza - Multas e Juros;Deduções PAT - Imposto sobre Serviços de Qualquer Natureza - Multas e;1;Receita Corrente;1;1;4;51;1;2;1;A;S;P;P;S;00.1.500.9001;Tesouro Municipal;S;0;0,00;0,00;0,00;0,00;0,00;-8921,06;0,00;0,00;0,00;0,00;0,00;0,00;-8921,06;16/01/2026
1,11451120100000e+24;37895;2025;1;PREFEITURA DO MUNICÍPIO DE SÃO PAULO;Direta;NA;NA;NA;NA;NA;NA;NA;NA;Deduções PRD - Imposto sobre Serviços de Qualquer Natureza - Multas e Juros;Deduções PRD - Imposto sobre Serviços de Qualquer Natureza - Multas e;1;Receita Corrente;1;1;4;51;1;2;1;A;S;P;P;S;00.1.500.9001;Tesouro Municipal;S;0;0,00;0,00;0,00;0,00;0,00;0,00;0,00;-302,80;0,00;0,00;0,00;0,00;-302,80;16/01/2026
1,11451120300000e+24;37904;2025;1;PREFEITURA DO MUNICÍPIO DE SÃO PAULO;Direta;NA;NA;NA;NA;NA;NA;NA;NA;ISS - Simples Nacional - Multas e Juros;ISS - Simples Nacional - Multas e Juros;1;Receita Corrente;1;1;4;51;1;2;3;A;S;P;P;S;00.1.500.9001;Tesouro Municipal;N;74077513;8869029,30;5759184,65;5546098,73;6079182,64;6734216,88;5932270,98;7380265,55;7493880,09;7844103,54;9004694,19;7242885,41;12932992,42;90818804,38;16/01/2026
1,11451130100000e+24;37910;2025;1;PREFEITURA DO MUNICÍPIO DE SÃO PAULO;Direta;NA;NA;NA;NA;NA;NA;NA;NA;Imposto sobre Serviços de Qualquer Natureza - Dívida Ativa;Imposto sobre Serviços de Qualquer Natureza - Dívida Ativa;1;Receita Corrente;1;1;4;51;1;3;1;A;S;P;P;S;00.1.500.9001;Tesouro Municipal;N;193786052;8845307,88;7599959,16;13137939,57;17244261,82;13831831,82;4997350,76;6022717,86;14122579,61;8944237,96;25524654,32;12393018,45;288056015,20;420719874,40;16/01/2026
1,11451130100000e+24;37912;2025;1;PREFEITURA DO MUNICÍPIO DE SÃO PAULO;Direta;NA;NA;NA;NA;NA;NA;NA;NA;Deduções Imposto sobre Serviços de Qualquer Natureza - Dívida Ativa;Deduções Imposto sobre Serviços de Qualquer Natureza - Dívida Ativa;1;Receita Corrente;1;1;4;51;1;3;1;A;S;P;P;S;00.1.500.9001;Tesouro Municipal;S;0;-4245,04;-13272,04;-50987,19;-14409,93;-3836191,55;-7349,43;-56298,46;-87386,61;-5653,10;-32642,96;-4526,34;-4207,49;-4117170,14;16/01/2026
1,11451130100000e+24;37915;2025;1;PREFEITURA DO MUNICÍPIO DE SÃO PAULO;Direta;NA;NA;NA;NA;NA;NA;NA;NA;PPI - Imposto sobre Serviços de Qualquer Natureza - Dívida Ativa;PPI - Imposto sobre Serviços de Qualquer Natureza - Dívida Ativa;1;Receita Corrente;1;1;4;51;1;3;1;A;S;P;P;S;00.1.500.9001;Tesouro Municipal;N;229627237;82731204,31;125416891,30;16561137,89;15643950,37;15546192,63;15531787,45;14019431,58;16208610,58;13632773,77;13702795,61;12581320,97;14071165,34;355647261,80;16/01/2026
1,11451130100000e+24;37916;2025;1;PREFEITURA DO MUNICÍPIO DE SÃO PAULO;Direta;NA;NA;NA;NA;NA;NA;NA;NA;PAT - Imposto sobre Serviços de Qualquer Natureza - Dívida Ativa;PAT - Imposto sobre Serviços de Qualquer Natureza - Dívida Ativa;1;Receita Corrente;1;1;4;51;1;3;1;A;S;P;P;S;00.1.500.9001;Tesouro Municipal;N;131148;1421,66;1967,44;1019,77;1713,29;1360,44;2970,82;2752,72;3258,82;13226,02;24932,31;22868,79;9870,06;87362,14;16/01/2026
1,11451130100000e+24;37918;2025;1;PREFEITURA DO MUNICÍPIO DE SÃO PAULO;Direta;NA;NA;NA;NA;NA;NA;NA;NA;PRD - Imposto sobre Serviços de Qualquer Natureza - Dívida Ativa;PRD - Imposto sobre Serviços de Qualquer Natureza - Dívida Ativa;1;Receita Corrente;1;1;4;51;1;3;1;A;S;P;P;S;00.1.500.9001;Tesouro Municipal;N;12928279;2445738,31;926864,55;921932,63;913062,02;950732,18;938801,35;1016840,37;949336,76;1003037,23;998231,97;1013587,93;982692,31;13060857,61;16/01/2026
1,11451130100000e+24;37921;2025;1;PREFEITURA DO MUNICÍPIO DE SÃO PAULO;Direta;NA;NA;NA;NA;NA;NA;NA;NA;PIME - Imposto sobre Serviços de Qualquer Natureza - Dívida Ativa;PIME - Imposto sobre Serviços de Qualquer Natureza - Dívida Ativa;1;Receita Corrente;1;1;4;51;1;3;1;A;S;N;N;S;00.1.500.9001;Tesouro Municipal;N;25102684;1847266,11;1865982,54;1884368,58;1902534,56;1922622,91;1944517,28;1965849,66;1990928,59;2014105,69;2038678,08;2064686,24;2086421,17;23527961,41;16/01/2026
1,11451130100000e+24;37923;2025;1;PREFEITURA DO MUNICÍPIO DE SÃO PAULO;Direta;NA;NA;NA;NA;NA;NA;NA;NA;Deduções PPI - Imposto sobre Serviços de Qualquer Natureza - Dívida Ativa;Deduções PPI - Imposto sobre Serviços de Qualquer Natureza - Dívida At;1;Receita Corrente;1;1;4;51;1;3;1;A;S;P;P;S;00.1.500.9001;Tesouro Municipal;S;0;0,00;0,00;0,00;-9920,11;-6547,62;0,00;0,00;-7827,14;-44,29;0,00;-25850,18;0,00;-50189,34;16/01/2026
1,11451130300000e+24;37938;2025;1;PREFEITURA DO MUNICÍPIO DE SÃO PAULO;Direta;NA;NA;NA;NA;NA;NA;NA;NA;ISS - Simples Nacional - Dívida Ativa;ISS - Simples Nacional - Dívida Ativa;1;Receita Corrente;1;1;4;51;1;3;3;A;S;P;P;S;00.1.500.9001;Tesouro Municipal;N;69272021;11859426,77;7115188,20;8615269,46;6423806,06;6087898,18;6448010,76;6250906,79;6302355,54;6629892,79;6169279,44;5834110,98;7919366,37;85655511,34;16/01/2026
1,11451130300000e+24;37940;2025;1;PREFEITURA DO MUNICÍPIO DE SÃO PAULO;Direta;NA;NA;NA;NA;NA;NA;NA;NA;Deduções ISS - Simples Nacional - Dívida Ativa;Deduções ISS - Simples Nacional - Dívida Ativa;1;Receita Corrente;1;1;4;51;1;3;3;A;S;N;N;S;00.1.500.9001;Tesouro Municipal;S;0;-181,33;-8911,51;-3407,16;-8452,51;-11039,45;-2143,61;-731,70;-1659,69;-5473,21;-3662,22;-315,20;-2502,95;-48480,54;16/01/2026
1,11451140100000e+24;37945;2025;1;PREFEITURA DO MUNICÍPIO DE SÃO PAULO;Direta;NA;NA;NA;NA;NA;NA;NA;NA;Imposto sobre Serviços de Qualquer Natureza - Dívida Ativa - Multas e Juros;Imposto sobre Serviços de Qualquer Natureza - Dívida Ativa - Multas e;1;Receita Corrente;1;1;4;51;1;4;1;A;S;P;P;S;00.1.500.9001;Tesouro Municipal;N;32552378;1168964,80;1169768,92;1296512,48;1058135,58;1384609,00;1390949,45;1493331,71;1311742,36;1688198,80;2083228,33;985104,83;817968,26;15848514,52;16/01/2026
1,11451140100000e+24;37950;2025;1;PREFEITURA DO MUNICÍPIO DE SÃO PAULO;Direta;NA;NA;NA;NA;NA;NA;NA;NA;PPI - Imposto sobre Serviços de Qualquer Natureza - Dívida Ativa - Multas e Juros;PPI - Imposto sobre Serviços de Qualquer Natureza - Dívida Ativa - Mul;1;Receita Corrente;1;1;4;51;1;4;1;A;S;P;P;S;00.1.500.9001;Tesouro Municipal;N;145476015;23482109,55;28649299,28;11443408,09;10851945,67;10715384,06;10950601,72;8626219,50;8776681,41;8720157,01;8847927,67;8107908,76;8668203,70;147839846,40;16/01/2026
1,11451140100000e+24;37951;2025;1;PREFEITURA DO MUNICÍPIO DE SÃO PAULO;Direta;NA;NA;NA;NA;NA;NA;NA;NA;PAT - Imposto sobre Serviços de Qualquer Natureza - Dívida Ativa - Multas e Juros;PAT - Imposto sobre Serviços de Qualquer Natureza - Dívida Ativa - Mul;1;Receita Corrente;1;1;4;51;1;4;1;A;S;P;P;S;00.1.500.9001;Tesouro Municipal;N;65494;10146,96;1925,21;1749,09;3392,33;3005,19;5357,83;6050,75;3878,20;7625,68;18911,79;11060,85;7855,96;80959,84;16/01/2026
1,11451140100000e+24;37953;2025;1;PREFEITURA DO MUNICÍPIO DE SÃO PAULO;Direta;NA;NA;NA;NA;NA;NA;NA;NA;PRD - Imposto sobre Serviços de Qualquer Natureza - Dívida Ativa - Multas e Juros;PRD - Imposto sobre Serviços de Qualquer Natureza - Dívida Ativa - Mul;1;Receita Corrente;1;1;4;51;1;4;1;A;S;P;P;S;00.1.500.9001;Tesouro Municipal;N;3771108;1082586,46;278429,79;276944,80;273428,44;293386,14;284264,24;319564,48;304766,03;298778,65;301618,02;316354,16;309711,06;4339832,27;16/01/2026
1,11451140100000e+24;37955;2025;1;PREFEITURA DO MUNICÍPIO DE SÃO PAULO;Direta;NA;NA;NA;NA;NA;NA;NA;NA;PIME - Imposto sobre Serviços de Qualquer Natureza - Dívida Ativa - Multas e Juros;PIME - Imposto sobre Serviços de Qualquer Natureza - Dívida Ativa - Mu;1;Receita Corrente;1;1;4;51;1;4;1;A;S;N;N;S;00.1.500.9001;Tesouro Municipal;N;8162065;600632,83;606718,48;612696,62;618603,23;625134,82;632253,79;639189,95;647344,34;654880,84;662870,44;671326,91;678394,11;7650046,36;16/01/2026
1,11451140100000e+24;37957;2025;1;PREFEITURA DO MUNICÍPIO DE SÃO PAULO;Direta;NA;NA;NA;NA;NA;NA;NA;NA;Deduções PPI - Imposto sobre Serviços de Qualquer Natureza - Dívida Ativa - Multas e Juros;Deduções PPI - Imposto sobre Serviços de Qualquer Natureza - Dívida At;1;Receita Corrente;1;1;4;51;1;4;1;A;S;P;P;S;00.1.500.9001;Tesouro Municipal;S;0;0,00;0,00;0,00;-2223,59;-1292,98;0,00;0,00;-1055,45;-14,20;0,00;-1829,47;0,00;-6415,69;16/01/2026
1,11452030100000e+24;38017;2025;1;PREFEITURA DO MUNICÍPIO DE SÃO PAULO;Direta;NA;NA;NA;NA;NA;NA;NA;NA;PPI - Imposto sobre a Venda a Varejo de Combustíveis Líquidos e Gasosos - IVV - Dívida Ativa;PPI - Imposto sobre a Venda a Varejo de Combustíveis Líquidos e Gasoso;1;Receita Corrente;1;1;4;52;0;3;1;A;S;P;P;S;00.1.500.9001;Tesouro Municipal;N;0;242,34;244,79;247,19;249,57;252,21;255,09;257,88;261,18;264,22;267,44;270,86;273,71;3086,48;16/01/2026
1,11452040100000e+24;38032;2025;1;PREFEITURA DO MUNICÍPIO DE SÃO PAULO;Direta;NA;NA;NA;NA;NA;NA;NA;NA;PPI - Imposto sobre a Venda a Varejo de Combustíveis Líquidos e Gasosos - IVV - Dívida Ativa - Multas e Juros;PPI - Imposto sobre a Venda a Varejo de Combustíveis Líquidos e Gasoso;1;Receita Corrente;1;1;4;52;0;4;1;A;S;P;P;S;00.1.500.9001;Tesouro Municipal;N;0;516,33;521,56;526,71;531,79;537,40;543,51;549,49;556,49;562,97;569,86;577,13;583,21;6576,45;16/01/2026
1,12101010100000e+24;38047;2025;1;PREFEITURA DO MUNICÍPIO DE SÃO PAULO;Direta;NA;NA;NA;NA;NA;NA;NA;NA;PPI - Taxa de Licença p/ Localização, Instalação e Funcionamento;PPI - Taxa de Licença p/ Localização, Instalação e Funcionamento;1;Receita Corrente;1;2;1;1;0;1;1;A;S;N;N;S;00.1.501.9001;Tesouro Municipal;N;0;5,01;5,07;5,11;0,00;0,00;0,00;0,00;0,00;0,00;0,00;0,00;0,00;15,19;16/01/2026
1,12101010300000e+24;38063;2025;1;PREFEITURA DO MUNICÍPIO DE SÃO PAULO;Direta;NA;NA;NA;NA;NA;NA;NA;NA;Taxa de Fiscalização de Estabelecimentos - TFE;Taxa de Fiscalização de Estabelecimentos - TFE;1;Receita Corrente;1;2;1;1;0;1;3;A;S;N;N;S;00.1.501.9001;Tesouro Municipal;N;302658705;10699567,83;7505146,85;9354399,66;8851242,77;15629625,34;34440469,55;174091137,40;18844338,02;21441506,45;12034120,83;10004739,08;8909467,81;331805761,60;16/01/2026
1,12101010300000e+24;38065;2025;1;PREFEITURA DO MUNICÍPIO DE SÃO PAULO;Direta;NA;NA;NA;NA;NA;NA;NA;NA;Deduções Taxa de Fiscalização de Estabelecimentos  - TFE;Deduções Taxa de Fiscalização de Estabelecimentos  - TFE;1;Receita Corrente;1;2;1;1;0;1;3;A;S;N;N;S;00.1.501.9001;Tesouro Municipal;S;0;-2059,51;-4888,05;-125717,19;-5075,20;-1670,09;-11286,11;-35302,40;-13433,65;-17619,35;-8932,36;-2086,96;-7235,29;-235306,16;16/01/2026
1,12101010300000e+24;38068;2025;1;PREFEITURA DO MUNICÍPIO DE SÃO PAULO;Direta;NA;NA;NA;NA;NA;NA;NA;NA;PPI - Taxa de Fiscalização de Estabelecimentos - TFE;PPI - Taxa de Fiscalização de Estabelecimentos - TFE;1;Receita Corrente;1;2;1;1;0;1;3;A;S;N;N;S;00.1.501.9001;Tesouro Municipal;N;1204061;720664,40;324259,64;127635,22;103706,72;99151,99;86453,64;61734,36;56452,45;52923,25;45979,66;39664,97;39787,61;1758413,91;16/01/2026
1,12101010300000e+24;38069;2025;1;PREFEITURA DO MUNICÍPIO DE SÃO PAULO;Direta;NA;NA;NA;NA;NA;NA;NA;NA;PAT - Taxa de Fiscalização de Estabelecimentos - TFE;PAT - Taxa de Fiscalização de Estabelecimentos - TFE;1;Receita Corrente;1;2;1;1;0;1;3;A;S;N;N;S;00.1.501.9001;Tesouro Municipal;N;1488044;94530,02;75800,24;78309,73;65272,14;69309,65;68820,14;70376,87;78585,54;87245,73;84373,22;80246,66;103360,44;956230,38;16/01/2026
1,12101010300000e+24;38073;2025;1;PREFEITURA DO MUNICÍPIO DE SÃO PAULO;Direta;NA;NA;NA;NA;NA;NA;NA;NA;Deduções PPI - Taxa de Fiscalização de Estabelecimentos - TFE;Deduções PPI - Taxa de Fiscalização de Estabelecimentos - TFE;1;Receita Corrente;1;2;1;1;0;1;3;A;S;N;N;S;00.1.501.9001;Tesouro Municipal;S;0;-2190,02;-3349,42;-4465,87;-8157,57;-4618,36;0,00;-3383,51;-1471,89;0,00;-6059,86;-1186,96;-1252,59;-36136,05;16/01/2026
1,12101010300000e+24;38074;2025;1;PREFEITURA DO MUNICÍPIO DE SÃO PAULO;Direta;NA;NA;NA;NA;NA;NA;NA;NA;Deduções PAT - Taxa de Fiscalização de Estabelecimentos - TFE;Deduções PAT - Taxa de Fiscalização de Estabelecimentos - TFE;1;Receita Corrente;1;2;1;1;0;1;3;A;S;N;N;S;00.1.501.9001;Tesouro Municipal;S;0;0,00;0,00;0,00;0,00;0,00;0,00;-4242,37;0,00;0,00;0,00;0,00;0,00;-4242,37;16/01/2026
1,12101010400000e+24;38079;2025;1;PREFEITURA DO MUNICÍPIO DE SÃO PAULO;Direta;NA;NA;NA;NA;NA;NA;NA;NA;Taxa de Fiscalização de Anúncios - TFA;Taxa de Fiscalização de Anúncios - TFA;1;Receita Corrente;1;2;1;1;0;1;4;A;S;N;N;S;00.1.501.9001;Tesouro Municipal;N;0;160549,78;51881,54;60066,59;60845,28;55691,66;91707,71;144820,45;75832,73;73329,79;59151,18;64198,42;72913,33;970988,46;16/01/2026
1,12101010400000e+24;38084;2025;1;PREFEITURA DO MUNICÍPIO DE SÃO PAULO;Direta;NA;NA;NA;NA;NA;NA;NA;NA;PPI - Taxa de Fiscalização de Anúncios - TFA;PPI - Taxa de Fiscalização de Anúncios - TFA;1;Receita Corrente;1;2;1;1;0;1;4;A;S;N;N;S;00.1.501.9001;Tesouro Municipal;N;289005;111876,21;78800,43;42075,58;36479,92;32267,36;27709,23;22792,59;21545,07;21734,51;19588,30;13991,64;13194,44;442055,28;16/01/2026
1,12101010400000e+24;38085;2025;1;PREFEITURA DO MUNICÍPIO DE SÃO PAULO;Direta;NA;NA;NA;NA;NA;NA;NA;NA;PAT - Taxa de Fiscalização de Anúncios - TFA;PAT - Taxa de Fiscalização de Anúncios - TFA;1;Receita Corrente;1;2;1;1;0;1;4;A;S;N;N;S;00.1.501.9001;Tesouro Municipal;N;552617;26489,21;13432,40;12199,82;12788,99;11031,60;10733,95;8135,01;7573,05;9966,53;8203,88;7508,68;12051,99;140115,11;16/01/2026
1,12101010500000e+24;38095;2025;1;PREFEITURA DO MUNICÍPIO DE SÃO PAULO;Direta;NA;NA;NA;NA;NA;NA;NA;NA;Taxa p/ Exame e Verificação de  Projetos e Construções;Taxa p/ Exame e Verificação de  Projetos e Construções;1;Receita Corrente;1;2;1;1;0;1;5;A;S;N;N;S;00.1.501.9001;Tesouro Municipal;N;162250891;9473770,81;9458958,41;13762201,27;11068991,17;11918096,57;11312974,44;14499713,98;13633842,93;12257289,03;10835765,00;4918747,09;25271874,06;148412224,80;16/01/2026
1,12101010500000e+24;38097;2025;1;PREFEITURA DO MUNICÍPIO DE SÃO PAULO;Direta;NA;NA;NA;NA;NA;NA;NA;NA;Deduções Taxa p/ Exame e Verificação de  Projetos e Construções;Deduções Taxa p/ Exame e Verificação de  Projetos e Construções;1;Receita Corrente;1;2;1;1;0;1;5;A;S;N;N;S;00.1.501.9001;Tesouro Municipal;S;0;-3354,30;-6175,53;0,00;-19481,76;-95304,08;-32121,96;-29277,95;-7306,76;-1645,30;-8306,54;-3709,52;-128482,35;-335166,05;16/01/2026
1,12101010600000e+24;38109;2025;1;PREFEITURA DO MUNICÍPIO DE SÃO PAULO;Direta;NA;NA;NA;NA;NA;NA;NA;NA;Taxa de Vistoria de Aparelhos de Transporte Vertical e Horizontal;Taxa de Vistoria de Aparelhos de Transporte Vertical e Horizontal;1;Receita Corrente;1;2;1;1;0;1;6;A;S;N;N;S;00.1.501.9001;Tesouro Municipal;N;18514891;93017,82;99780,07;136682,34;275174,10;817997,99;17090039,98;465677,60;177699,15;176865,90;222050,74;176166,23;136275,09;19867427,01;16/01/2026
1,12101010600000e+24;38111;2025;1;PREFEITURA DO MUNICÍPIO DE SÃO PAULO;Direta;NA;NA;NA;NA;NA;NA;NA;NA;Deduções Taxa de Vistoria de Aparelhos de Transporte Vertical e Horizontal;Deduções Taxa de Vistoria de Aparelhos de Transporte Vertical e Horizo;1;Receita Corrente;1;2;1;1;0;1;6;A;S;N;N;S;00.1.501.9001;Tesouro Municipal;S;0;-2095,45;-1799,54;-836,27;-4031,51;-7122,38;-1506,43;-6147,43;-6462,09;-4362,69;-2523,53;-1576,31;-5225,06;-43688,69;16/01/2026
1,12101010800000e+24;38128;2025;1;PREFEITURA DO MUNICÍPIO DE SÃO PAULO;Direta;NA;NA;NA;NA;NA;NA;NA;NA;Taxa de Licença p/ Arruamentos e Loteamentos;Taxa de Licença p/ Arruamentos e Loteamentos;1;Receita Corrente;1;2;1;1;0;1;8;A;S;N;N;S;00.1.501.9001;Tesouro Municipal;N;1000;0,00;0,00;0,00;0,00;0,00;0,00;0,00;0,00;0,00;0,00;0,00;0,00;0,00;16/01/2026
1,12101010900000e+24;38133;2025;81;FUNDO MUNICIPAL DE LIMPEZA URBANA;Indireta;81;Fundo Municipal Limpeza Urbana;FMLU;NA;NA;NA;NA;NA;Taxa de Fiscalização dos Serviços de Limpeza Urbana - FISLURB;Taxa de Fiscalização dos Serviços de Limpeza Urbana - FISLURB;1;Receita Corrente;1;2;1;1;0;1;9;A;S;N;N;S;08.1.759.8006;Tesouro Municipal - Recursos Vinculados;N;2410000;11410,71;59916,50;2046034,60;44619,21;37692,67;34896,77;22392,57;21151,01;7756,68;13959,82;7070,00;14140,00;2321040,54;16/01/2026
1,12101011000000e+24;38138;2025;1;PREFEITURA DO MUNICÍPIO DE SÃO PAULO;Direta;NA;NA;NA;NA;NA;NA;NA;NA;Taxa de Remoção - CET;Taxa de Remoção - CET;1;Receita Corrente;1;2;1;1;0;1;10;A;S;N;N;S;00.1.501.9001;Tesouro Municipal;N;273108;24572,30;13255,00;15853,80;13862,20;17617,70;26573,90;198457,75;692606,65;1483785,28;16497,40;273124,78;755237,55;3531444,31;16/01/2026
1,12101011200000e+24;38148;2025;1;PREFEITURA DO MUNICÍPIO DE SÃO PAULO;Direta;98;Fundo de Desenvolvimento Urbano;FUNDURB;NA;NA;NA;NA;NA;Taxa de Regularização de Área Permeável - PDE - FUNDURB;Taxa de Regularização de Área Permeável - PDE - FUNDURB;1;Receita Corrente;1;2;1;1;0;1;12;A;S;N;N;S;08.1.759.0402;Tesouro Municipal - Recursos Vinculados;N;613391;127719,11;0,00;0,00;0,00;35614,98;736007,77;273964,54;104265,53;32500,00;130762,99;119555,59;217764,22;1778154,73;16/01/2026
1,12101011200000e+24;38150;2025;1;PREFEITURA DO MUNICÍPIO DE SÃO PAULO;Direta;98;Fundo de Desenvolvimento Urbano;FUNDURB;NA;NA;NA;NA;NA;Deduções - Taxa de Regularização de Área Permeável - PDE - FUNDURB;Deduções - Taxa de Regularização de Área Permeável - PDE - FUNDURB;1;Receita Corrente;1;2;1;1;0;1;12;A;S;N;N;S;08.1.759.0402;Tesouro Municipal - Recursos Vinculados;S;0;0,00;0,00;0,00;0,00;-62253,50;0,00;0,00;0,00;0,00;0,00;-45974,75;0,00;-108228,25;16/01/2026
1,12101020100000e+24;38159;2025;1;PREFEITURA DO MUNICÍPIO DE SÃO PAULO;Direta;NA;NA;NA;NA;NA;NA;NA;NA;PPI - Taxa de Licença p/ Localização, Instalação e Funcionamento - Multas e Juros;PPI - Taxa de Licença p/ Localização, Instalação e Funcionamento - Mul;1;Receita Corrente;1;2;1;1;0;2;1;A;S;N;N;S;00.1.501.9001;Tesouro Municipal;N;0;8,61;8,69;8,78;0,00;0,00;0,00;0,00;0,00;0,00;0,00;0,00;0,00;26,08;16/01/2026
1,12101020300000e+24;38175;2025;1;PREFEITURA DO MUNICÍPIO DE SÃO PAULO;Direta;NA;NA;NA;NA;NA;NA;NA;NA;Taxa de Fiscalização de Estabelecimentos - TFE - Multas e Juros;Taxa de Fiscalização de Estabelecimentos - TFE - Multas e Juros;1;Receita Corrente;1;2;1;1;0;2;3;A;S;N;N;S;00.1.501.9001;Tesouro Municipal;N;26236773;3194374,52;1172776,50;1083034,46;1049133,18;1143666,18;2000971,75;4739389,46;2460464,50;2343408,60;2236078,26;1875313,51;2400897,99;25699508,91;16/01/2026
1,12101020300000e+24;38180;2025;1;PREFEITURA DO MUNICÍPIO DE SÃO PAULO;Direta;NA;NA;NA;NA;NA;NA;NA;NA;PPI - TAXA DE FISCALIZAÇÃO DE ESTABELECIMENTOS - TFE - MULTAS E JUROS;PPI - TAXA DE FISCALIZAÇÃO DE ESTABELECIMENTOS - TFE - MULTAS E JUROS;1;Receita Corrente;1;2;1;1;0;2;3;A;S;N;N;S;00.1.501.9001;Tesouro Municipal;N;434408;57132,36;35466,81;31082,97;27830,68;26471,88;24517,43;18340,49;16589,09;16007,09;14027,67;11639,70;11516,79;290622,96;16/01/2026
1,12101020300000e+24;38181;2025;1;PREFEITURA DO MUNICÍPIO DE SÃO PAULO;Direta;NA;NA;NA;NA;NA;NA;NA;NA;PAT - Taxa de Fiscalização de Estabelecimentos - TFE - Multas e Juros;PAT - Taxa de Fiscalização de Estabelecimentos - TFE - Multas e Juros;1;Receita Corrente;1;2;1;1;0;2;3;A;S;N;N;S;00.1.501.9001;Tesouro Municipal;N;793395;44533,98;37733,78;37426,15;29260,71;32850,40;35934,05;33027,09;37632,08;38547,00;41824,80;38498,45;47013,68;454282,17;16/01/2026
1,12101020300000e+24;38185;2025;1;PREFEITURA DO MUNICÍPIO DE SÃO PAULO;Direta;NA;NA;NA;NA;NA;NA;NA;NA;Deduções PPI - Taxa de Fiscalização de Estabelecimentos - TFE - Multas e Juros;Deduções PPI - Taxa de Fiscalização de Estabelecimentos - TFE - Multas;1;Receita Corrente;1;2;1;1;0;2;3;A;S;N;N;S;00.1.501.9001;Tesouro Municipal;S;0;-746,01;-330,39;-942,02;-1972,90;-1102,02;0,00;-330,39;-232,02;0,00;-929,57;-311,10;-110,13;-7006,55;16/01/2026
1,12101020300000e+24;38186;2025;1;PREFEITURA DO MUNICÍPIO DE SÃO PAULO;Direta;NA;NA;NA;NA;NA;NA;NA;NA;Deduções PAT - Taxa de Fiscalização de Estabelecimentos - TFE - Multas e Juros;Deduções PAT - Taxa de Fiscalização de Estabelecimentos - TFE - Multas;1;Receita Corrente;1;2;1;1;0;2;3;A;S;N;N;S;00.1.501.9001;Tesouro Municipal;S;0;0,00;0,00;0,00;0,00;0,00;0,00;-762,39;0,00;0,00;0,00;0,00;0,00;-762,39;16/01/2026
1,12101020400000e+24;38191;2025;1;PREFEITURA DO MUNICÍPIO DE SÃO PAULO;Direta;NA;NA;NA;NA;NA;NA;NA;NA;Taxa de Fiscalização de Anúncios - TFA - Multas e Juros;Taxa de Fiscalização de Anúncios - TFA - Multas e Juros;1;Receita Corrente;1;2;1;1;0;2;4;A;S;N;N;S;00.1.501.9001;Tesouro Municipal;N;0;98533,71;32878,74;38352,34;40761,47;35977,69;60421,75;95993,70;52752,15;51359,60;41755,68;46281,62;53182,63;648251,08;16/01/2026
1,12101020400000e+24;38196;2025;1;PREFEITURA DO MUNICÍPIO DE SÃO PAULO;Direta;NA;NA;NA;NA;NA;NA;NA;NA;PPI - TAXA DE FISCALIZAÇÃO DE ANÚNCIOS - TFA - MULTAS E JUROS;PPI - TAXA DE FISCALIZAÇÃO DE ANÚNCIOS - TFA - MULTAS E JUROS;1;Receita Corrente;1;2;1;1;0;2;4;A;S;N;N;S;00.1.501.9001;Tesouro Municipal;N;98148;16382,35;15931,42;12946,21;15290,36;9769,90;9097,12;7543,57;7225,28;7320,10;6308,59;4504,15;4030,71;116349,76;16/01/2026
1,12101020400000e+24;38197;2025;1;PREFEITURA DO MUNICÍPIO DE SÃO PAULO;Direta;NA;NA;NA;NA;NA;NA;NA;NA;PAT - Taxa de Fiscalização de Anúncios - TFA - Multas e Juros;PAT - Taxa de Fiscalização de Anúncios - TFA - Multas e Juros;1;Receita Corrente;1;2;1;1;0;2;4;A;S;N;N;S;00.1.501.9001;Tesouro Municipal;N;326588;19533,30;9751,63;8793,79;9479,75;8182,75;7767,15;5766,00;5503,03;7384,68;7297,43;6026,89;9450,98;104937,38;16/01/2026
1,12101020500000e+24;38207;2025;1;PREFEITURA DO MUNICÍPIO DE SÃO PAULO;Direta;NA;NA;NA;NA;NA;NA;NA;NA;Taxa p/ Exame e Verificação de  Projetos e Construções - Multas e Juros;Taxa p/ Exame e Verificação de  Projetos e Construções - Multas e Juro;1;Receita Corrente;1;2;1;1;0;2;5;A;S;N;N;S;00.1.501.9001;Tesouro Municipal;N;1895;38,08;0,00;11,33;18,76;68,28;68,95;13,77;133,85;0,00;0,00;35,64;38,26;426,92;16/01/2026
1,12101020600000e+24;38221;2025;1;PREFEITURA DO MUNICÍPIO DE SÃO PAULO;Direta;NA;NA;NA;NA;NA;NA;NA;NA;Taxa de Vistoria de Aparelhos de Transporte Vertical e Horizontal - Multas e Juros;Taxa de Vistoria de Aparelhos de Transporte Vertical e Horizontal - Mu;1;Receita Corrente;1;2;1;1;0;2;6;A;S;N;N;S;00.1.501.9001;Tesouro Municipal;N;154859;4472,74;7436,81;4943,73;14600,88;11498,14;10073,46;68197,17;18538,00;9017,45;10922,34;8525,66;4489,62;172716,00;16/01/2026
1,12101030100000e+24;38266;2025;1;PREFEITURA DO MUNICÍPIO DE SÃO PAULO;Direta;NA;NA;NA;NA;NA;NA;NA;NA;Taxa de Licença p/ Localização, Instalação e Funcionamento - Dívida Ativa;Taxa de Licença p/ Localização, Instalação e Funcionamento - Dívida At;1;Receita Corrente;1;2;1;1;0;3;1;A;S;N;N;S;00.1.501.9001;Tesouro Municipal;N;157680;16,13;16,39;16,46;17,11;10781,74;17,41;0,00;0,00;0,00;0,00;0,00;0,00;10865,24;16/01/2026
1,12101030100000e+24;38271;2025;1;PREFEITURA DO MUNICÍPIO DE SÃO PAULO;Direta;NA;NA;NA;NA;NA;NA;NA;NA;PPI - Taxa de Licença p/ Localização, Instalação e Funcionamento - Dívida Ativa;PPI - Taxa de Licença p/ Localização, Instalação e Funcionamento - Dív;1;Receita Corrente;1;2;1;1;0;3;1;A;S;N;N;S;00.1.501.9001;Tesouro Municipal;N;0;20901,57;1706,39;1903,44;1865,27;2287,60;1717,78;2013,16;1628,65;1998,36;1811,77;1935,25;1783,60;41552,84;16/01/2026
1,12101030300000e+24;38280;2025;1;PREFEITURA DO MUNICÍPIO DE SÃO PAULO;Direta;NA;NA;NA;NA;NA;NA;NA;NA;Taxa de Fiscalização de Estabelecimentos - TFE - Dívida Ativa;Taxa de Fiscalização de Estabelecimentos - TFE - Dívida Ativa;1;Receita Corrente;1;2;1;1;0;3;3;A;S;N;N;S;00.1.501.9001;Tesouro Municipal;N;30288445;2141200,05;1639220,77;1624001,70;1366143,40;1334488,36;1639507,22;1732399,28;1498496,35;1441703,73;1510306,49;931772,41;1114592,96;17973832,72;16/01/2026
1,12101030300000e+24;38285;2025;1;PREFEITURA DO MUNICÍPIO DE SÃO PAULO;Direta;NA;NA;NA;NA;NA;NA;NA;NA;PPI - Taxa de Fiscalização de Estabelecimentos - TFE - Dívida Ativa;PPI - Taxa de Fiscalização de Estabelecimentos - TFE - Dívida Ativa;1;Receita Corrente;1;2;1;1;0;3;3;A;S;N;N;S;00.1.501.9001;Tesouro Municipal;N;1996705;1990264,98;886631,56;355005,94;316426,59;284893,00;243719,84;209057,62;182724,82;174601,59;148459,41;128976,98;134654,08;5055416,41;16/01/2026
1,12101030300000e+24;38286;2025;1;PREFEITURA DO MUNICÍPIO DE SÃO PAULO;Direta;NA;NA;NA;NA;NA;NA;NA;NA;PAT - Taxa de Fiscalização de Estabelecimentos - TFE - Dívida Ativa;PAT - Taxa de Fiscalização de Estabelecimentos - TFE - Dívida Ativa;1;Receita Corrente;1;2;1;1;0;3;3;A;S;N;N;S;00.1.501.9001;Tesouro Municipal;N;1297;688,71;6956,61;0,00;0,00;0,00;219,19;0,00;0,00;0,00;0,00;0,00;765,24;8629,75;16/01/2026
1,12101030300000e+24;38290;2025;1;PREFEITURA DO MUNICÍPIO DE SÃO PAULO;Direta;NA;NA;NA;NA;NA;NA;NA;NA;Deduções PPI - Taxa de Fiscalização de Estabelecimentos - TFE - Dívida Ativa;Deduções PPI - Taxa de Fiscalização de Estabelecimentos - TFE - Dívida;1;Receita Corrente;1;2;1;1;0;3;3;A;S;N;N;S;00.1.501.9001;Tesouro Municipal;S;0;0,00;0,00;-37,92;-339,10;0,00;0,00;0,00;-1723,12;0,00;-1138,93;0,00;0,00;-3239,07;16/01/2026
1,12101030400000e+24;38296;2025;1;PREFEITURA DO MUNICÍPIO DE SÃO PAULO;Direta;NA;NA;NA;NA;NA;NA;NA;NA;Taxa de Fiscalização de Anúncios - TFA - Dívida Ativa;Taxa de Fiscalização de Anúncios - TFA - Dívida Ativa;1;Receita Corrente;1;2;1;1;0;3;4;A;S;N;N;S;00.1.501.9001;Tesouro Municipal;N;237137;8012,09;6931,22;13450,40;22034,35;13909,85;42010,60;7753,48;4853,64;13664,33;26779,30;14420,12;3919,50;177738,88;16/01/2026
1,12101030400000e+24;38301;2025;1;PREFEITURA DO MUNICÍPIO DE SÃO PAULO;Direta;NA;NA;NA;NA;NA;NA;NA;NA;PPI - Taxa de Fiscalização de Anúncios - TFA - Dívida Ativa;PPI - Taxa de Fiscalização de Anúncios - TFA - Dívida Ativa;1;Receita Corrente;1;2;1;1;0;3;4;A;S;N;N;S;00.1.501.9001;Tesouro Municipal;N;82920;43764,44;23367,19;9084,01;8007,19;7829,49;9123,89;7433,69;7971,19;7772,27;7715,09;7420,37;5290,31;144779,13;16/01/2026
1,12101030500000e+24;38311;2025;1;PREFEITURA DO MUNICÍPIO DE SÃO PAULO;Direta;NA;NA;NA;NA;NA;NA;NA;NA;Taxa p/ Exame e Verificação de  Projetos e Construções - Dívida Ativa;Taxa p/ Exame e Verificação de  Projetos e Construções - Dívida Ativa;1;Receita Corrente;1;2;1;1;0;3;5;A;S;N;N;S;00.1.501.9001;Tesouro Municipal;N;1000;0,00;0,00;0,00;0,00;0,00;0,00;0,00;0,00;0,00;0,00;0,00;0,00;0,00;16/01/2026
1,12101030500000e+24;38316;2025;1;PREFEITURA DO MUNICÍPIO DE SÃO PAULO;Direta;NA;NA;NA;NA;NA;NA;NA;NA;PPI - Taxa p/ Exame e Verificação de  Projetos e Construções - Dívida Ativa;PPI - Taxa p/ Exame e Verificação de  Projetos e Construções - Dívida;1;Receita Corrente;1;2;1;1;0;3;5;A;S;N;N;S;00.1.501.9001;Tesouro Municipal;N;0;3735,54;1029,28;56,52;0,00;0,00;0,00;57,06;57,66;0,00;0,00;58,32;0,00;4994,38;16/01/2026
1,12101030600000e+24;38323;2025;1;PREFEITURA DO MUNICÍPIO DE SÃO PAULO;Direta;NA;NA;NA;NA;NA;NA;NA;NA;Taxa de Vistoria de Aparelhos de Transporte Vertical e Horizontal - Dívida Ativa;Taxa de Vistoria de Aparelhos de Transporte Vertical e Horizontal - Dí;1;Receita Corrente;1;2;1;1;0;3;6;A;S;N;N;S;00.1.501.9001;Tesouro Municipal;N;264600;1776,54;9343,48;12427,80;21067,04;40088,87;15662,31;15527,15;13483,89;12843,00;8033,67;13674,31;10329,22;174257,28;16/01/2026
1,12101030600000e+24;38328;2025;1;PREFEITURA DO MUNICÍPIO DE SÃO PAULO;Direta;NA;NA;NA;NA;NA;NA;NA;NA;PPI - Taxa de Vistoria de Aparelhos de Transporte Vertical e Horizontal - Dívida Ativa;PPI - Taxa de Vistoria de Aparelhos de Transporte Vertical e Horizonta;1;Receita Corrente;1;2;1;1;0;3;6;A;S;N;N;S;00.1.501.9001;Tesouro Municipal;N;0;51834,72;73155,51;5212,07;1955,82;2128,28;3610,12;2114,36;2729,82;2763,78;2442,87;2057,34;2077,71;152082,40;16/01/2026
1,12101040100000e+24;38346;2025;1;PREFEITURA DO MUNICÍPIO DE SÃO PAULO;Direta;NA;NA;NA;NA;NA;NA;NA;NA;Taxa de Licença p/ Localização, Instalação e Funcionamento - Dívida Ativa - Multas e Juros;Taxa de Licença p/ Loc., Instalação e Func. - Dív. At Multas e Juros;1;Receita Corrente;1;2;1;1;0;4;1;A;S;N;N;S;00.1.501.9001;Tesouro Municipal;N;1000;31,37;31,49;31,60;31,72;0,00;31,84;0,00;0,00;0,00;0,00;0,00;0,00;158,02;16/01/2026
1,12101040100000e+24;38351;2025;1;PREFEITURA DO MUNICÍPIO DE SÃO PAULO;Direta;NA;NA;NA;NA;NA;NA;NA;NA;PPI - Taxa de Licença p/ Localização, Instalação e Funcionamento - Dívida Ativa - Multas e Juros;PPI - Taxa de Licença p/ Localização, Instalação e Funcionamento - Dív;1;Receita Corrente;1;2;1;1;0;4;1;A;S;N;N;S;00.1.501.9001;Tesouro Municipal;N;0;7169,36;3092,67;3555,67;3402,24;4232,97;3130,13;3737,10;2857,99;3930,07;3313,18;3566,54;3218,81;45206,73;16/01/2026
1,12101040300000e+24;38360;2025;1;PREFEITURA DO MUNICÍPIO DE SÃO PAULO;Direta;NA;NA;NA;NA;NA;NA;NA;NA;Taxa de Fiscalização de Estabelecimentos - TFE - Dívida Ativa - Multas e Juros;Taxa de Fiscalização de Estabelecimentos - TFE - Dívida Ativa - Multas;1;Receita Corrente;1;2;1;1;0;4;3;A;S;N;N;S;00.1.501.9001;Tesouro Municipal;N;13035670;909579,91;638385,28;671882,17;515741,91;486546,53;631571,36;713235,59;614425,63;594691,61;624937,51;399000,03;490663,30;7290660,83;16/01/2026
1,12101040300000e+24;38365;2025;1;PREFEITURA DO MUNICÍPIO DE SÃO PAULO;Direta;NA;NA;NA;NA;NA;NA;NA;NA;PPI - Taxa de Fiscalização de Estabelecimentos - TFE - Dívida Ativa - Multas e Juros;PPI - Taxa de Fiscalização de Estabelecimentos - TFE - Dívida Ativa -;1;Receita Corrente;1;2;1;1;0;4;3;A;S;N;N;S;00.1.501.9001;Tesouro Municipal;N;1422553;407443,04;258762,15;225353,31;208735,84;191233,90;169494,10;150453,04;128825,01;125855,52;106541,78;91627,54;95391,62;2159716,85;16/01/2026
1,12101040300000e+24;38366;2025;1;PREFEITURA DO MUNICÍPIO DE SÃO PAULO;Direta;NA;NA;NA;NA;NA;NA;NA;NA;PAT - Taxa de Fiscalização de Estabelecimentos - TFE - Dívida Ativa - Multas e Juros;PAT - Taxa de Fiscalização de Estabelecimentos - TFE - Dívida Ativa -;1;Receita Corrente;1;2;1;1;0;4;3;A;S;N;N;S;00.1.501.9001;Tesouro Municipal;N;2138;786,40;7943,86;0,00;0,00;0,00;70,30;0,00;0,00;0,00;0,00;0,00;1434,30;10234,86;16/01/2026
1,12101040300000e+24;38370;2025;1;PREFEITURA DO MUNICÍPIO DE SÃO PAULO;Direta;NA;NA;NA;NA;NA;NA;NA;NA;Deduções PPI - Taxa de Fiscalização de Estabelecimentos - TFE - Dívida Ativa - Multas e Juros;Deduções PPI - Taxa de Fiscalização de Estabelecimentos - TFE - Dívida;1;Receita Corrente;1;2;1;1;0;4;3;A;S;N;N;S;00.1.501.9001;Tesouro Municipal;S;0;0,00;0,00;-18,81;-85,63;0,00;0,00;0,00;-222,41;0,00;-110,13;0,00;0,00;-436,98;16/01/2026
1,12101040400000e+24;38376;2025;1;PREFEITURA DO MUNICÍPIO DE SÃO PAULO;Direta;NA;NA;NA;NA;NA;NA;NA;NA;Taxa de Fiscalização de Anúncios - TFA - Dívida Ativa - Multas e Juros;Taxa de Fiscalização de Anúncios - TFA - Dívida Ativa - Multas e Juros;1;Receita Corrente;1;2;1;1;0;4;4;A;S;N;N;S;00.1.501.9001;Tesouro Municipal;N;51493;2566,12;2291,23;2422,41;5263,10;3603,68;827,37;2070,39;1531,43;2658,41;2499,65;1733,68;1164,30;28631,77;16/01/2026
1,12101040400000e+24;38381;2025;1;PREFEITURA DO MUNICÍPIO DE SÃO PAULO;Direta;NA;NA;NA;NA;NA;NA;NA;NA;PPI - Taxa de Fiscalização de Anúncios - TFA - Dívida Ativa - Multas e Juros;PPI - Taxa de Fiscalização de Anúncios - TFA - Dívida Ativa - Multas e;1;Receita Corrente;1;2;1;1;0;4;4;A;S;N;N;S;00.1.501.9001;Tesouro Municipal;N;84330;10811,45;10660,68;7337,67;6881,99;6974,62;8589,35;7758,85;7984,96;7805,04;7459,20;6894,59;5658,22;94816,62;16/01/2026
1,12101040500000e+24;38391;2025;1;PREFEITURA DO MUNICÍPIO DE SÃO PAULO;Direta;NA;NA;NA;NA;NA;NA;NA;NA;Taxa p/ Exame e Verificação de  Projetos e Construções - Dívida Ativa - Multas e Juros;Taxa p/ Exame e Verificação de  Projetos e Construções - Dívida Ativa;1;Receita Corrente;1;2;1;1;0;4;5;A;S;N;N;S;00.1.501.9001;Tesouro Municipal;N;1000;0,00;0,00;0,00;0,00;0,00;0,00;0,00;0,00;0,00;0,00;0,00;0,00;0,00;16/01/2026
1,12101040500000e+24;38396;2025;1;PREFEITURA DO MUNICÍPIO DE SÃO PAULO;Direta;NA;NA;NA;NA;NA;NA;NA;NA;PPI - Taxa p/ Exame e Verificação de  Projetos e Construções - Dívida Ativa - Multas e Juros;PPI - Taxa p/ Exame e Verificação de  Projetos e Construções - Dívida;1;Receita Corrente;1;2;1;1;0;4;5;A;S;N;N;S;00.1.501.9001;Tesouro Municipal;N;0;57,72;47,37;9,72;0,00;0,00;0,00;25,83;26,21;0,00;0,00;28,69;0,00;195,54;16/01/2026
1,12101040600000e+24;38403;2025;1;PREFEITURA DO MUNICÍPIO DE SÃO PAULO;Direta;NA;NA;NA;NA;NA;NA;NA;NA;Taxa de Vistoria de Aparelhos de Transporte Vertical e Horizontal - Dívida Ativa - Multas e Juros;Taxa de Vist. Ap. de Transp Vertic e Horizontal Dív At Multas e Juros;1;Receita Corrente;1;2;1;1;0;4;6;A;S;N;N;S;00.1.501.9001;Tesouro Municipal;N;99840;586,03;3590,30;4167,71;7100,23;11513,14;2834,56;2043,28;2571,62;2729,61;1344,43;2231,17;2794,47;43506,55;16/01/2026
1,12101040600000e+24;38408;2025;1;PREFEITURA DO MUNICÍPIO DE SÃO PAULO;Direta;NA;NA;NA;NA;NA;NA;NA;NA;PPI - Taxa de Vistoria de Aparelhos de Transporte Vertical e Horizontal - Dívida Ativa - Multas e Juros;PPI - Taxa de Vistoria de Aparelhos de Transporte Vertical e Horizonta;1;Receita Corrente;1;2;1;1;0;4;6;A;S;N;N;S;00.1.501.9001;Tesouro Municipal;N;0;2405,60;3085,00;1367,54;484,72;567,42;989,64;551,25;727,98;783,09;614,48;540,91;567,16;12684,79;16/01/2026
1,12201010200000e+24;38442;2025;1;PREFEITURA DO MUNICÍPIO DE SÃO PAULO;Direta;NA;NA;NA;NA;NA;NA;NA;NA;Taxa de Estudos p/ Fixação de Diretrizes;Taxa de Estudos p/ Fixação de Diretrizes;1;Receita Corrente;1;2;2;1;0;1;2;A;S;N;N;S;00.1.501.9001;Tesouro Municipal;N;547896;8689,52;178753,15;48211,65;116815,08;24097,08;1676,75;173228,32;180712,89;91408,84;49661,87;21028,61;80722,64;975006,40;16/01/2026
1,12201010300000e+24;38447;2025;1;PREFEITURA DO MUNICÍPIO DE SÃO PAULO;Direta;NA;NA;NA;NA;NA;NA;NA;NA;Taxa de Combate a Sinistros;Taxa de Combate a Sinistros;1;Receita Corrente;1;2;2;1;0;1;3;A;S;N;N;S;00.1.501.9001;Tesouro Municipal;N;0;0,00;0,00;0,00;0,00;0,00;0,00;0,00;0,00;44619,45;481,02;0,00;0,00;45100,47;16/01/2026
1,12201010300000e+24;38452;2025;1;PREFEITURA DO MUNICÍPIO DE SÃO PAULO;Direta;NA;NA;NA;NA;NA;NA;NA;NA;PPI - Taxa de Combate a Sinistros;PPI - Taxa de Combate a Sinistros;1;Receita Corrente;1;2;2;1;0;1;3;A;S;N;N;S;00.1.501.9001;Tesouro Municipal;N;0;0,19;814,93;0,19;0,19;0,20;0,20;0,20;0,20;0,21;0,21;0,21;0,21;817,14;16/01/2026
1,12201020300000e+24;38532;2025;1;PREFEITURA DO MUNICÍPIO DE SÃO PAULO;Direta;NA;NA;NA;NA;NA;NA;NA;NA;PPI - Taxa de Combate a Sinistros - Multas e Juros;PPI - Taxa de Combate a Sinistros - Multas e Juros;1;Receita Corrente;1;2;2;1;0;2;3;A;S;N;N;S;00.1.501.9001;Tesouro Municipal;N;0;0,26;81,74;0,27;0,27;0,27;0,28;0,28;0,28;0,29;0,29;0,29;0,30;84,82;16/01/2026
1,12201030300000e+24;38593;2025;1;PREFEITURA DO MUNICÍPIO DE SÃO PAULO;Direta;NA;NA;NA;NA;NA;NA;NA;NA;PPI - Taxa de Combate a Sinistros - Dívida Ativa;PPI - Taxa de Combate a Sinistros - Dívida Ativa;1;Receita Corrente;1;2;2;1;0;3;3;A;S;N;N;S;00.1.501.9001;Tesouro Municipal;N;0;19087,88;17549,85;10956,11;11186,29;9894,80;10149,84;9627,38;9389,75;10016,41;9765,07;8810,04;9710,60;136144,02;16/01/2026
1,12201030300000e+24;38596;2025;1;PREFEITURA DO MUNICÍPIO DE SÃO PAULO;Direta;NA;NA;NA;NA;NA;NA;NA;NA;Deduções PPI - Taxa de Combate a Sinistros - Dívida Ativa;Deduções PPI - Taxa de Combate a Sinistros - Dívida Ativa;1;Receita Corrente;1;2;2;1;0;3;3;A;S;N;N;S;00.1.501.9001;Tesouro Municipal;S;0;0,00;0,00;0,00;0,00;0,00;-347,23;0,00;0,00;0,00;0,00;0,00;0,00;-347,23;16/01/2026
1,12201040300000e+24;38636;2025;1;PREFEITURA DO MUNICÍPIO DE SÃO PAULO;Direta;NA;NA;NA;NA;NA;NA;NA;NA;PPI - Taxa de Combate a Sinistros - Dívida Ativa - Multas e Juros;PPI - Taxa de Combate a Sinistros - Dívida Ativa - Multas e Juros;1;Receita Corrente;1;2;2;1;0;4;3;A;S;N;N;S;00.1.501.9001;Tesouro Municipal;N;0;12479,72;12936,76;12170,68;12718,46;10829,83;11567,39;10661,35;10065,87;11401,22;10653,47;7969,29;11515,46;134969,50;16/01/2026
1,12201040300000e+24;38639;2025;1;PREFEITURA DO MUNICÍPIO DE SÃO PAULO;Direta;NA;NA;NA;NA;NA;NA;NA;NA;Deduções PPI - Taxa de Combate a Sinistros - Dívida Ativa - Multas e Juros;Deduções PPI - Taxa de Combate a Sinistros - Dívida Ativa - Multas e J;1;Receita Corrente;1;2;2;1;0;4;3;A;S;N;N;S;00.1.501.9001;Tesouro Municipal;S;0;0,00;0,00;0,00;0,00;0,00;-60,92;0,00;0,00;0,00;0,00;0,00;0,00;-60,92;16/01/2026
1,13153030100000e+24;38715;2025;1;PREFEITURA DO MUNICÍPIO DE SÃO PAULO;Direta;NA;NA;NA;NA;NA;NA;NA;NA;Contribuição de Melhoria para Pavimentação e Obras Complementares - Dívida Ativa;Contribuição de Melhoria para Pavimentação e Obras Complementares - Dí;1;Receita Corrente;1;3;1;53;0;3;1;A;S;N;N;S;00.1.501.9001;Tesouro Municipal;N;15961;434,68;708,53;188,62;197,25;214,91;97,10;140,14;47529,05;142,56;1569,58;144,49;145,10;51512,01;16/01/2026
1,13153030100000e+24;38720;2025;1;PREFEITURA DO MUNICÍPIO DE SÃO PAULO;Direta;NA;NA;NA;NA;NA;NA;NA;NA;PPI - Contribuição de Melhoria para Pavimentação e Obras Complementares - Dívida Ativa;PPI - Contribuição de Melhoria para Pavimentação e Obras Complementare;1;Receita Corrente;1;3;1;53;0;3;1;A;S;N;N;S;00.1.501.9001;Tesouro Municipal;N;200467;7641,09;9100,51;7234,03;10793,49;6340,92;6500,07;6138,07;5674,90;6130,84;6352,03;13188,12;5480,15;90574,22;16/01/2026
1,13153040100000e+24;38730;2025;1;PREFEITURA DO MUNICÍPIO DE SÃO PAULO;Direta;NA;NA;NA;NA;NA;NA;NA;NA;Contribuição de Melhoria para Pavimentação e Obras Complementares - Dívida Ativa - Multas e Juros;Contribuição de Melhoria para Pavimentação e Obras Complementares - Dí;1;Receita Corrente;1;3;1;53;0;4;1;A;S;N;N;S;00.1.501.9001;Tesouro Municipal;N;37972;783,05;785,44;459,36;460,70;498,98;256,22;267,11;267,75;268,40;3876,67;269,69;270,35;8463,72;16/01/2026
1,13153040100000e+24;38735;2025;1;PREFEITURA DO MUNICÍPIO DE SÃO PAULO;Direta;NA;NA;NA;NA;NA;NA;NA;NA;PPI - Contribuição de Melhoria para Pavimentação e Obras Complementares - Dívida Ativa - Multas e Juros;PPI - Contribuição de Melhoria para Pavimentação e Obras Complementare;1;Receita Corrente;1;3;1;53;0;4;1;A;S;N;N;S;00.1.501.9001;Tesouro Municipal;N;260164;9877,97;9332,09;9896,33;14773,04;8993,50;9071,19;8766,19;8017,67;8575,34;9205,52;17418,47;7884,38;121811,69;16/01/2026
1,21501110100000e+24;38748;2025;9;FUNDO FINANCEIRO - FUNFIN;Indireta;3;Fundo Financeiro - FUNFIN;FUNFIN;NA;NA;NA;NA;NA;CPSSS do Servidor Civil Ativo - PMSP - Principal;CPSSS do Servidor Civil Ativo - PMSP - Principal;1;Receita Corrente;2;1;5;1;1;1;1;A;S;N;N;S;20.1.801.9001;Recursos Vinculados à Previdência Social;N;1349016705;114731783,10;113577798,60;114696878,10;109831273,80;113891641,00;114919481,80;115225983,80;114655247,40;114575744,30;114785062,50;114469594,90;224620960,30;1479981450,00;16/01/2026
1,21501110100000e+24;38748;2025;8;FUNDO PREVIDENCIÁRIO - FUNPREV;Indireta;3;Fundo Previdenciário - FUNPREV;FUNPREV;NA;NA;NA;NA;NA;CPSSS do Servidor Civil Ativo - PMSP - Principal;CPSSS do Servidor Civil Ativo - PMSP - Principal;1;Receita Corrente;2;1;5;1;1;1;1;A;S;N;N;S;20.1.800.9001;Recursos Vinculados à Previdência Social;N;141882207;14611705,28;15610405,96;15976975,30;17954942,78;18759667,89;18802060,02;18686830,84;18716743,73;18649465,76;18562954,96;18515383,43;36441797,82;231288933,80;16/01/2026
1,21501110200000e+24;38751;2025;8;FUNDO PREVIDENCIÁRIO - FUNPREV;Indireta;3;Fundo Previdenciário - FUNPREV;FUNPREV;NA;NA;NA;NA;NA;CPSSS do Servidor Civil Ativo - CMSP - Principal;CPSSS do Servidor Civil Ativo - CMSP - Principal;1;Receita Corrente;2;1;5;1;1;1;2;A;S;N;N;S;20.1.800.9001;Recursos Vinculados à Previdência Social;N;450593;67102,27;68610,83;70122,55;124664,94;119471,26;132675,41;141391,38;144572,13;169585,28;150115,10;151483,76;292859,64;1632654,55;16/01/2026
1,21501110200000e+24;38751;2025;9;FUNDO FINANCEIRO - FUNFIN;Indireta;3;Fundo Financeiro - FUNFIN;FUNFIN;NA;NA;NA;NA;NA;CPSSS do Servidor Civil Ativo - CMSP - Principal;CPSSS do Servidor Civil Ativo - CMSP - Principal;1;Receita Corrente;2;1;5;1;1;1;2;A;S;N;N;S;20.1.801.9001;Recursos Vinculados à Previdência Social;N;20978958;1429659,89;1431247,92;1434806,72;1387552,89;1436483,07;1501604,36;1451198,61;1453268,66;1454721,87;1452012,90;1448376,76;2884990,88;18765924,53;16/01/2026
1,21501110300000e+24;38754;2025;8;FUNDO PREVIDENCIÁRIO - FUNPREV;Indireta;3;Fundo Previdenciário - FUNPREV;FUNPREV;NA;NA;NA;NA;NA;CPSSS do Servidor Civil Ativo - TCMSP - Principal;CPSSS do Servidor Civil Ativo - TCMSP - Principal;1;Receita Corrente;2;1;5;1;1;1;3;A;S;N;N;S;20.1.800.9001;Recursos Vinculados à Previdência Social;N;1003170;102758,32;128847,43;131998,41;162492,33;164474,49;164635,29;167356,98;173426,09;180269,98;178303,30;181785,38;351857,20;2088205,20;16/01/2026
1,21501110300000e+24;38754;2025;9;FUNDO FINANCEIRO - FUNFIN;Indireta;3;Fundo Financeiro - FUNFIN;FUNFIN;NA;NA;NA;NA;NA;CPSSS do Servidor Civil Ativo - TCMSP - Principal;CPSSS do Servidor Civil Ativo - TCMSP - Principal;1;Receita Corrente;2;1;5;1;1;1;3;A;S;N;N;S;20.1.801.9001;Recursos Vinculados à Previdência Social;N;14952184;1069670,32;1119616,68;1113021,82;1070518,85;1116937,29;1088376,47;1096871,56;1090606,10;1077385,92;1080979,64;1073704,22;2290166,18;14287855,05;16/01/2026
1,21501110400000e+24;38757;2025;8;FUNDO PREVIDENCIÁRIO - FUNPREV;Indireta;3;Fundo Previdenciário - FUNPREV;FUNPREV;NA;NA;NA;NA;NA;CPSSS do Servidor Civil Ativo - HSPM - Principal;CPSSS do Servidor Civil Ativo - HSPM - Principal;1;Receita Corrente;2;1;5;1;1;1;4;A;S;N;N;S;20.1.800.9001;Recursos Vinculados à Previdência Social;N;4169125;274378,46;271660,05;271160,11;427430,33;430967,65;426137,73;420836,87;414721,99;423232,58;407627,84;337208,74;665643,24;4771005,59;16/01/2026
1,21501110400000e+24;38757;2025;9;FUNDO FINANCEIRO - FUNFIN;Indireta;3;Fundo Financeiro - FUNFIN;FUNFIN;NA;NA;NA;NA;NA;CPSSS do Servidor Civil Ativo - HSPM - Principal;CPSSS do Servidor Civil Ativo - HSPM - Principal;1;Receita Corrente;2;1;5;1;1;1;4;A;S;N;N;S;20.1.801.9001;Recursos Vinculados à Previdência Social;N;24242089;1499292,09;1508272,35;1505627,19;1370577,01;1368453,43;1384417,00;1380161,87;1382236,72;1394314,62;1384426,90;1463213,70;2909833,88;18550826,76;16/01/2026
1,21501110600000e+24;38763;2025;8;FUNDO PREVIDENCIÁRIO - FUNPREV;Indireta;3;Fundo Previdenciário - FUNPREV;FUNPREV;NA;NA;NA;NA;NA;CPSSS do Servidor Civil Ativo - IPREM - Principal;CPSSS do Servidor Civil Ativo - IPREM - Principal;1;Receita Corrente;2;1;5;1;1;1;6;A;S;N;N;S;20.1.800.9001;Recursos Vinculados à Previdência Social;N;108939;13310,37;7994,21;7994,21;13908,88;12075,11;36013,00;36013,00;36013,00;36013,00;36129,31;36151,68;65642,56;337258,33;16/01/2026
1,21501110600000e+24;38763;2025;9;FUNDO FINANCEIRO - FUNFIN;Indireta;3;Fundo Financeiro - FUNFIN;FUNFIN;NA;NA;NA;NA;NA;CPSSS do Servidor Civil Ativo - IPREM - Principal;CPSSS do Servidor Civil Ativo - IPREM - Principal;1;Receita Corrente;2;1;5;1;1;1;6;A;S;N;N;S;20.1.801.9001;Recursos Vinculados à Previdência Social;N;824056;242001,77;52412,22;51907,57;47305,78;48634,75;49975,37;50067,28;50107,67;50100,51;50213,21;50147,72;99835,61;842709,46;16/01/2026
1,21501120100000e+24;38797;2025;8;FUNDO PREVIDENCIÁRIO - FUNPREV;Indireta;3;Fundo Previdenciário - FUNPREV;FUNPREV;NA;NA;NA;NA;NA;CPSSS do Servidor Civil Ativo - PMSP - Multas e Juros;CPSSS do Servidor Civil Ativo - PMSP - Multas e Juros;1;Receita Corrente;2;1;5;1;1;2;1;A;S;N;N;S;20.1.800.9001;Recursos Vinculados à Previdência Social;N;1000;0,00;0,00;0,00;0,00;0,00;0,00;0,00;0,00;0,00;0,00;289,93;0,00;289,93;16/01/2026
1,21501120100000e+24;38797;2025;9;FUNDO FINANCEIRO - FUNFIN;Indireta;3;Fundo Financeiro - FUNFIN;FUNFIN;NA;NA;NA;NA;NA;CPSSS do Servidor Civil Ativo - PMSP - Multas e Juros;CPSSS do Servidor Civil Ativo - PMSP - Multas e Juros;1;Receita Corrente;2;1;5;1;1;2;1;A;S;N;N;S;20.1.801.9001;Recursos Vinculados à Previdência Social;N;1000;0,00;42,55;5,34;0,00;0,00;0,00;0,00;217,86;217,86;217,86;217,86;217,86;1137,19;16/01/2026
1,21501130100000e+24;38834;2025;8;FUNDO PREVIDENCIÁRIO - FUNPREV;Indireta;3;Fundo Previdenciário - FUNPREV;FUNPREV;NA;NA;NA;NA;NA;CPSSS do Servidor Civil Ativo - PMSP - Dívida Ativa;CPSSS do Servidor Civil Ativo - PMSP - Dívida Ativa;1;Receita Corrente;2;1;5;1;1;3;1;A;S;N;N;S;20.1.800.9001;Recursos Vinculados à Previdência Social;N;1000;0,00;0,00;0,00;0,00;0,00;0,00;0,00;0,00;0,00;0,00;0,00;0,00;0,00;16/01/2026
1,21501210100000e+24;38908;2025;8;FUNDO PREVIDENCIÁRIO - FUNPREV;Indireta;3;Fundo Previdenciário - FUNPREV;FUNPREV;NA;NA;NA;NA;NA;CPSSS do Servidor Civil Inativo - PMSP - Principal;CPSSS do Servidor Civil Inativo - PMSP - Principal;1;Receita Corrente;2;1;5;1;2;1;1;A;S;N;N;S;20.1.800.9001;Recursos Vinculados à Previdência Social;N;642363344;47861258,56;48219767,21;48057527,38;61568404,40;63323291,71;63261769,54;62785266,94;62695115,29;62750908,60;62649456,43;62523871,20;125034504,50;770731141,70;16/01/2026
1,21501210100000e+24;38908;2025;9;FUNDO FINANCEIRO - FUNFIN;Indireta;3;Fundo Financeiro - FUNFIN;FUNFIN;NA;NA;NA;NA;NA;CPSSS do Servidor Civil Inativo - PMSP - Principal;CPSSS do Servidor Civil Inativo - PMSP - Principal;1;Receita Corrente;2;1;5;1;2;1;1;A;S;N;N;S;20.1.801.9001;Recursos Vinculados à Previdência Social;N;731265823;63255199,84;63515589,66;63759341,47;50653015,06;52243834,08;52455677,21;52635448,50;52866112,20;53164806,64;53407647,70;53749223,87;107928084,10;719633980,30;16/01/2026
1,21501210200000e+24;38911;2025;9;FUNDO FINANCEIRO - FUNFIN;Indireta;3;Fundo Financeiro - FUNFIN;FUNFIN;NA;NA;NA;NA;NA;CPSSS do Servidor Civil Inativo- CMSP - Principal;CPSSS do Servidor Civil Inativo- CMSP - Principal;1;Receita Corrente;2;1;5;1;2;1;2;A;S;N;N;S;20.1.801.9001;Recursos Vinculados à Previdência Social;N;7272655;619995,04;618356,79;618762,30;461454,85;479223,75;488072,95;484118,58;486820,18;489370,04;501158,53;499872,96;985388,28;6732594,25;16/01/2026
1,21501210200000e+24;38911;2025;8;FUNDO PREVIDENCIÁRIO - FUNPREV;Indireta;3;Fundo Previdenciário - FUNPREV;FUNPREV;NA;NA;NA;NA;NA;CPSSS do Servidor Civil Inativo- CMSP - Principal;CPSSS do Servidor Civil Inativo- CMSP - Principal;1;Receita Corrente;2;1;5;1;2;1;2;A;S;N;N;S;20.1.800.9001;Recursos Vinculados à Previdência Social;N;11245676;802380,49;804446,54;799333,55;956641,00;992956,36;1019517,22;980397,02;971368,57;967791,93;968073,54;969044,54;1926472,01;12158422,77;16/01/2026
1,21501210300000e+24;38914;2025;9;FUNDO FINANCEIRO - FUNFIN;Indireta;3;Fundo Financeiro - FUNFIN;FUNFIN;NA;NA;NA;NA;NA;CPSSS do Servidor Civil Inativo - TCMSP - Principal;CPSSS do Servidor Civil Inativo - TCMSP - Principal;1;Receita Corrente;2;1;5;1;2;1;3;A;S;N;N;S;20.1.801.9001;Recursos Vinculados à Previdência Social;N;8062833;681081,66;708087,73;711684,95;481006,17;496302,15;485888,85;485958,10;485917,85;485917,85;490948,85;491591,46;1259425,29;7263810,91;16/01/2026
1,21501210300000e+24;38914;2025;8;FUNDO PREVIDENCIÁRIO - FUNPREV;Indireta;3;Fundo Previdenciário - FUNPREV;FUNPREV;NA;NA;NA;NA;NA;CPSSS do Servidor Civil Inativo - TCMSP - Principal;CPSSS do Servidor Civil Inativo - TCMSP - Principal;1;Receita Corrente;2;1;5;1;2;1;3;A;S;N;N;S;20.1.800.9001;Recursos Vinculados à Previdência Social;N;11855310;933389,25;964364,90;961467,01;1199077,92;1263921,91;1221604,86;1222611,01;1223286,88;1221766,01;1221766,01;1216120,17;2391638,99;15041014,92;16/01/2026
1,21501210500000e+24;38920;2025;9;FUNDO FINANCEIRO - FUNFIN;Indireta;3;Fundo Financeiro - FUNFIN;FUNFIN;NA;NA;NA;NA;NA;CPSSS do Servidor Civil Inativo - IPREM - Principal;CPSSS do Servidor Civil Inativo - IPREM - Principal;1;Receita Corrente;2;1;5;1;2;1;5;A;S;N;N;S;20.1.801.9001;Recursos Vinculados à Previdência Social;N;589341;48584,94;48849,12;49545,18;35152,18;36209,18;36209,18;36209,18;36209,18;36209,18;36209,18;36209,18;71105,35;506701,03;16/01/2026
1,21501210500000e+24;38920;2025;8;FUNDO PREVIDENCIÁRIO - FUNPREV;Indireta;3;Fundo Previdenciário - FUNPREV;FUNPREV;NA;NA;NA;NA;NA;CPSSS do Servidor Civil Inativo - IPREM - Principal;CPSSS do Servidor Civil Inativo - IPREM - Principal;1;Receita Corrente;2;1;5;1;2;1;5;A;S;N;N;S;20.1.800.9001;Recursos Vinculados à Previdência Social;N;1185235;82860,64;93416,07;83259,29;105088,45;106760,96;106792,23;106763,19;103944,31;104195,63;101924,09;102301,35;199364,36;1296670,57;16/01/2026
1,21501210600000e+24;38923;2025;9;FUNDO FINANCEIRO - FUNFIN;Indireta;3;Fundo Financeiro - FUNFIN;FUNFIN;NA;NA;NA;NA;NA;CPSSS do Servidor Civil Inativo - HSPM - Principal;CPSSS do Servidor Civil Inativo - HSPM - Principal;1;Receita Corrente;2;1;5;1;2;1;6;A;S;N;N;S;20.1.801.9001;Recursos Vinculados à Previdência Social;N;189215;17927,77;18369,07;19891,76;14102,06;14837,19;21524,76;17773,85;17716,70;18174,99;18432,49;17641,87;32465,64;228858,15;16/01/2026
1,21501210600000e+24;38923;2025;8;FUNDO PREVIDENCIÁRIO - FUNPREV;Indireta;3;Fundo Previdenciário - FUNPREV;FUNPREV;NA;NA;NA;NA;NA;CPSSS do Servidor Civil Inativo - HSPM - Principal;CPSSS do Servidor Civil Inativo - HSPM - Principal;1;Receita Corrente;2;1;5;1;2;1;6;A;S;N;N;S;20.1.800.9001;Recursos Vinculados à Previdência Social;N;163136;17309,31;18977,85;18705,61;23864,39;23862,70;32655,56;26974,99;27611,60;28358,32;29958,73;40631,85;65226,57;354137,48;16/01/2026
1,21501310200000e+24;38955;2025;8;FUNDO PREVIDENCIÁRIO - FUNPREV;Indireta;3;Fundo Previdenciário - FUNPREV;FUNPREV;NA;NA;NA;NA;NA;CPSSS do Servidor Civil - Pensionistas - PMSP - Principal;CPSSS do Servidor Civil - Pensionistas - PMSP - Principal;1;Receita Corrente;2;1;5;1;3;1;2;A;S;N;N;S;20.1.800.9001;Recursos Vinculados à Previdência Social;N;69172973;5349880,22;5594019,62;5523095,50;6049977,88;6121124,88;5964028,38;6074433,05;6062486,83;6103738,86;6118492,11;6085754,52;11939010,83;76986042,68;16/01/2026
1,21501310200000e+24;38955;2025;9;FUNDO FINANCEIRO - FUNFIN;Indireta;3;Fundo Financeiro - FUNFIN;FUNFIN;NA;NA;NA;NA;NA;CPSSS do Servidor Civil - Pensionistas - PMSP - Principal;CPSSS do Servidor Civil - Pensionistas - PMSP - Principal;1;Receita Corrente;2;1;5;1;3;1;2;A;S;N;N;S;20.1.801.9001;Recursos Vinculados à Previdência Social;N;23932519;2046987,93;2036264,15;2078635,01;1518426,40;1506317,85;1486269,95;1527280,36;1599791,43;1539042,79;1574554,22;1556008,11;3012052,79;21481630,99;16/01/2026
1,21501310300000e+24;38958;2025;8;FUNDO PREVIDENCIÁRIO - FUNPREV;Indireta;3;Fundo Previdenciário - FUNPREV;FUNPREV;NA;NA;NA;NA;NA;CPSSS do Servidor Civil - Pensionistas - CMSP - Principal;CPSSS do Servidor Civil - Pensionistas - CMSP - Principal;1;Receita Corrente;2;1;5;1;3;1;3;A;S;N;N;S;20.1.800.9001;Recursos Vinculados à Previdência Social;N;6005636;481189,12;491547,10;496554,98;509271,43;526472,26;517747,84;512577,02;509016,97;501665,74;517995,83;514598,12;1028173,98;6606810,39;16/01/2026
1,21501310300000e+24;38958;2025;9;FUNDO FINANCEIRO - FUNFIN;Indireta;3;Fundo Financeiro - FUNFIN;FUNFIN;NA;NA;NA;NA;NA;CPSSS do Servidor Civil - Pensionistas - CMSP - Principal;CPSSS do Servidor Civil - Pensionistas - CMSP - Principal;1;Receita Corrente;2;1;5;1;3;1;3;A;S;N;N;S;20.1.801.9001;Recursos Vinculados à Previdência Social;N;558311;51551,49;51551,49;61575,84;44872,60;43499,20;39856,02;39856,02;36764,97;33835,44;33835,44;33835,44;82794,24;553828,19;16/01/2026
1,21501310400000e+24;38961;2025;8;FUNDO PREVIDENCIÁRIO - FUNPREV;Indireta;3;Fundo Previdenciário - FUNPREV;FUNPREV;NA;NA;NA;NA;NA;CPSSS do Servidor Civil - Pensionistas - TCMSP - Principal;CPSSS do Servidor Civil - Pensionistas - TCMSP - Principal;1;Receita Corrente;2;1;5;1;3;1;4;A;S;N;N;S;20.1.800.9001;Recursos Vinculados à Previdência Social;N;1692847;155533,07;156840,82;160199,34;170354,05;177983,32;163174,11;168704,62;180460,73;168705,01;168705,07;168704,78;337409,63;2176774,55;16/01/2026
1,21501310400000e+24;38961;2025;9;FUNDO FINANCEIRO - FUNFIN;Indireta;3;Fundo Financeiro - FUNFIN;FUNFIN;NA;NA;NA;NA;NA;CPSSS do Servidor Civil - Pensionistas - TCMSP - Principal;CPSSS do Servidor Civil - Pensionistas - TCMSP - Principal;1;Receita Corrente;2;1;5;1;3;1;4;A;S;N;N;S;20.1.801.9001;Recursos Vinculados à Previdência Social;N;402467;27278,00;27278,00;27644,86;15337,61;16283,15;15653,59;15653,59;14323,66;14323,66;14323,66;14323,66;28647,32;231070,76;16/01/2026
1,21501310500000e+24;38964;2025;9;FUNDO FINANCEIRO - FUNFIN;Indireta;3;Fundo Financeiro - FUNFIN;FUNFIN;NA;NA;NA;NA;NA;CPSSS do Servidor Civil - Pensionistas - HSPM - Principal;CPSSS do Servidor Civil - Pensionistas - HSPM - Principal;1;Receita Corrente;2;1;5;1;3;1;5;A;S;N;N;S;20.1.801.9001;Recursos Vinculados à Previdência Social;N;69329;7289,57;7525,20;8154,23;5996,71;5996,71;5996,71;5996,71;5982,73;5937,59;5937,59;5937,59;11877,49;82628,83;16/01/2026
1,21501310500000e+24;38964;2025;8;FUNDO PREVIDENCIÁRIO - FUNPREV;Indireta;3;Fundo Previdenciário - FUNPREV;FUNPREV;NA;NA;NA;NA;NA;CPSSS do Servidor Civil - Pensionistas - HSPM - Principal;CPSSS do Servidor Civil - Pensionistas - HSPM - Principal;1;Receita Corrente;2;1;5;1;3;1;5;A;S;N;N;S;20.1.800.9001;Recursos Vinculados à Previdência Social;N;42197;3011,92;2953,22;2953,22;5234,30;4783,66;4783,66;4783,66;4783,66;4783,66;4783,66;4783,66;9548,55;57186,83;16/01/2026
1,21501310700000e+24;38970;2025;8;FUNDO PREVIDENCIÁRIO - FUNPREV;Indireta;3;Fundo Previdenciário - FUNPREV;FUNPREV;NA;NA;NA;NA;NA;CPSSS do Servidor Civil - Pensionistas - IPREM - Principal;CPSSS do Servidor Civil - Pensionistas - IPREM - Principal;1;Receita Corrente;2;1;5;1;3;1;7;A;S;N;N;S;20.1.800.9001;Recursos Vinculados à Previdência Social;N;357278;28010,83;30117,86;28373,10;28373,10;28929,19;28597,55;29347,24;28820,65;30833,66;29715,64;31211,58;59284,18;381614,58;16/01/2026
1,21501310700000e+24;38970;2025;9;FUNDO FINANCEIRO - FUNFIN;Indireta;3;Fundo Financeiro - FUNFIN;FUNFIN;NA;NA;NA;NA;NA;CPSSS do Servidor Civil - Pensionistas - IPREM - Principal;CPSSS do Servidor Civil - Pensionistas - IPREM - Principal;1;Receita Corrente;2;1;5;1;3;1;7;A;S;N;N;S;20.1.801.9001;Recursos Vinculados à Previdência Social;N;56641;3705,43;3683,51;5013,13;3302,37;3369,08;3369,08;3369,08;3369,08;2194,75;2235,78;2489,39;4782,35;40883,03;16/01/2026
1,21503010100000e+24;39006;2025;8;FUNDO PREVIDENCIÁRIO - FUNPREV;Indireta;3;Fundo Previdenciário - FUNPREV;FUNPREV;NA;NA;NA;NA;NA;CPSSS Parcelamentos - do Servidor Civil Ativo - Execução - FUNPREV;CPSSS Parcelamentos - do Servidor Civil Ativo - Execução - FUNPREV;1;Receita Corrente;2;1;5;3;0;1;1;A;S;N;N;S;20.1.800.9001;Recursos Vinculados à Previdência Social;N;1000;0,00;0,00;0,00;0,00;0,00;0,00;0,00;0,00;0,00;0,00;0,00;0,00;0,00;16/01/2026
1,21503010100000e+24;39006;2025;9;FUNDO FINANCEIRO - FUNFIN;Indireta;3;Fundo Financeiro - FUNFIN;FUNFIN;NA;NA;NA;NA;NA;CPSSS Parcelamentos - do Servidor Civil Ativo - Execução - FUNPREV;CPSSS Parcelamentos - do Servidor Civil Ativo - Execução - FUNPREV;1;Receita Corrente;2;1;5;3;0;1;1;A;S;N;N;S;20.1.801.9001;Recursos Vinculados à Previdência Social;N;1000;0,00;0,00;0,00;0,00;0,00;0,00;0,00;0,00;0,00;0,00;0,00;0,00;0,00;16/01/2026
1,21503010200000e+24;39009;2025;8;FUNDO PREVIDENCIÁRIO - FUNPREV;Indireta;3;Fundo Previdenciário - FUNPREV;FUNPREV;NA;NA;NA;NA;NA;CPSSS Parcelamentos - do Servidor Civil Ativo - Inscritos - FUNPREV;CPSSS Parcelamentos - do Servidor Civil Ativo - Inscritos - FUNPREV;1;Receita Corrente;2;1;5;3;0;1;2;A;S;N;N;S;20.1.800.9001;Recursos Vinculados à Previdência Social;N;1000;0,00;3500,95;3000,00;36467,95;3467,95;0,00;6789,16;3790,29;3791,63;3792,44;3792,20;15513,66;83906,23;16/01/2026
1,21503010200000e+24;39009;2025;9;FUNDO FINANCEIRO - FUNFIN;Indireta;3;Fundo Financeiro - FUNFIN;FUNFIN;NA;NA;NA;NA;NA;CPSSS Parcelamentos - do Servidor Civil Ativo - Inscritos - FUNPREV;CPSSS Parcelamentos - do Servidor Civil Ativo - Inscritos - FUNPREV;1;Receita Corrente;2;1;5;3;0;1;2;A;S;N;N;S;20.1.801.9001;Recursos Vinculados à Previdência Social;N;1000;0,00;298,48;298,48;298,48;298,48;-1193,92;0,00;0,00;0,00;0,00;0,00;0,00;0,00;16/01/2026
1,24150010100000e+24;39071;2025;1;PREFEITURA DO MUNICÍPIO DE SÃO PAULO;Direta;99;Fundo Municipal de Iluminação Pública;FUNDIP;NA;NA;NA;NA;NA;Contribuição para o Custeio do Serviço de Iluminação Pública;Contribuição para o Custeio do Serviço de Iluminação Pública;1;Receita Corrente;2;4;1;50;0;1;1;A;S;N;N;S;08.1.751.0253;Tesouro Municipal - Recursos Vinculados;N;722796653;62328072,16;57592570,66;58592980,96;59880961,96;63596944,08;61386587,85;52004387,49;69857482,71;53561370,15;52948998,38;62144719,06;56580395,59;710475471,10;16/01/2026
1,24150030100000e+24;39101;2025;1;PREFEITURA DO MUNICÍPIO DE SÃO PAULO;Direta;99;Fundo Municipal de Iluminação Pública;FUNDIP;NA;NA;NA;NA;NA;Contribuição para o Custeio do Serviço de Iluminação Pública - Dívida Ativa;Contribuição para o Custeio do Serviço de Iluminação Pública - Dívida;1;Receita Corrente;2;4;1;50;0;3;1;A;S;N;N;S;08.1.751.0253;Tesouro Municipal - Recursos Vinculados;N;1000;0,00;0,00;0,00;0,00;0,00;0,00;0,00;0,00;0,00;0,00;0,00;0,00;0,00;16/01/2026
1,24150040100000e+24;39118;2025;1;PREFEITURA DO MUNICÍPIO DE SÃO PAULO;Direta;99;Fundo Municipal de Iluminação Pública;FUNDIP;NA;NA;NA;NA;NA;Contribuição para o Custeio do Serviço de Iluminação Pública - Dívida Ativa - Multas e Juros;Contribuição para o Custeio do Serviço de Iluminação Pública - Dívida;1;Receita Corrente;2;4;1;50;0;4;1;A;S;N;N;S;08.1.751.0253;Tesouro Municipal - Recursos Vinculados;N;1000;0,00;0,00;0,00;0,00;0,00;0,00;0,00;0,00;0,00;0,00;0,00;0,00;0,00;16/01/2026
1,31101110100000e+24;39137;2025;9;FUNDO FINANCEIRO - FUNFIN;Indireta;3;Fundo Financeiro - FUNFIN;FUNFIN;NA;NA;NA;NA;NA;Receitas de Aluguéis;Receitas de Aluguéis;1;Receita Corrente;3;1;1;1;1;1;1;A;S;N;N;S;20.1.801.9001;Recursos Vinculados à Previdência Social;N;1000;0,00;0,00;0,00;0,00;0,00;0,00;0,00;0,00;0,00;0,00;0,00;0,00;0,00;16/01/2026
1,31101110100000e+24;39137;2025;1;PREFEITURA DO MUNICÍPIO DE SÃO PAULO;Direta;NA;NA;NA;NA;NA;NA;NA;NA;Receitas de Aluguéis;Receitas de Aluguéis;1;Receita Corrente;3;1;1;1;1;1;1;A;S;N;N;S;00.1.501.9001;Tesouro Municipal;N;44730;0,00;0,00;0,00;0,00;0,00;19656,50;0,00;0,00;0,00;13216,50;0,00;436,19;33309,19;16/01/2026
1,31101110100000e+24;39137;2025;8;FUNDO PREVIDENCIÁRIO - FUNPREV;Indireta;3;Fundo Previdenciário - FUNPREV;FUNPREV;NA;NA;NA;NA;NA;Receitas de Aluguéis;Receitas de Aluguéis;1;Receita Corrente;3;1;1;1;1;1;1;A;S;N;N;S;20.1.800.9001;Recursos Vinculados à Previdência Social;N;149760;74620,00;12480,00;12480,00;12480,00;12480,00;12480,00;12480,00;12480,00;18191,44;13295,92;13295,92;13295,92;220059,20;16/01/2026
1,31101110100000e+24;39137;2025;30;SÃO PAULO URBANISMO;Indireta;5;São Paulo Urbanismo;SPU;NA;NA;NA;NA;NA;Receitas de Aluguéis;Receitas de Aluguéis;1;Receita Corrente;3;1;1;1;1;1;1;A;S;N;N;S;09.1.501.9001;Recursos Próprios da Empresa Dependente;N;1000;0,00;0,00;0,00;0,00;0,00;0,00;0,00;0,00;0,00;0,00;0,00;0,00;0,00;16/01/2026
1,31102010101000e+24;39158;2025;83;COMPANHIA METROPOLITANA DE HABITAÇÃO DE SÃO PAULO;Indireta;83;Companhia Metropolitana de Habitação de São Paulo;COHAB;NA;NA;NA;NA;NA;Carteira - COHAB;Carteira - COHAB;1;Receita Corrente;3;1;1;2;0;1;1;A;S;N;N;S;09.1.501.9001;Recursos Próprios da Empresa Dependente;N;1000;2353,35;5308,77;16394,77;1678,00;1842,03;905,30;1354,15;1865,32;4889,14;2188,42;2431,85;2005,26;43216,36;16/01/2026
1,31102010102000e+24;39163;2025;91;Fundo Municipal de Habitação - COHAB;Indireta;91;Fundo Municipal de Habitação;FMH;NA;NA;NA;NA;NA;Carteira - FMH;Carteira - FMH;1;Receita Corrente;3;1;1;2;0;1;1;A;S;N;N;S;08.1.759.8011;Tesouro Municipal - Recursos Vinculados;N;9857818;442466,89;305989,10;391527,90;483029,10;417161,65;369538,71;300518,39;281055,67;285172,64;521492,83;280726,99;315328,55;4394008,42;16/01/2026
1,31102010103000e+24;39168;2025;91;Fundo Municipal de Habitação - COHAB;Indireta;91;Fundo Municipal de Habitação;FMH;NA;NA;NA;NA;NA;Carteira - PSH;Carteira - PSH;1;Receita Corrente;3;1;1;2;0;1;1;A;S;N;N;S;08.1.759.8011;Tesouro Municipal - Recursos Vinculados;N;88266;18773,40;17496,89;17002,82;13099,48;13274,23;11121,39;20014,30;12297,83;17863,73;12607,16;14327,75;17093,54;184972,52;16/01/2026
1,31102010104000e+24;39173;2025;91;Fundo Municipal de Habitação - COHAB;Indireta;91;Fundo Municipal de Habitação;FMH;NA;NA;NA;NA;NA;Carteira - LOCAÇÃO SOCIAL;Carteira - LOCAÇÃO SOCIAL;1;Receita Corrente;3;1;1;2;0;1;1;A;S;N;N;S;08.1.759.8011;Tesouro Municipal - Recursos Vinculados;N;535658;49493,14;50989,27;46618,14;46581,52;48516,88;46068,75;44215,67;41549,55;44729,29;50760,48;42853,06;75130,00;587505,75;16/01/2026
1,31102010201000e+24;39182;2025;83;COMPANHIA METROPOLITANA DE HABITAÇÃO DE SÃO PAULO;Indireta;83;Companhia Metropolitana de Habitação de São Paulo;COHAB;NA;NA;NA;NA;NA;Carteira - COHAB;Carteira - COHAB;1;Receita Corrente;3;1;1;2;0;1;2;A;S;N;N;S;09.1.501.9001;Recursos Próprios da Empresa Dependente;N;10205000;747376,88;272899,41;808318,65;-546688,76;338290,05;345600,32;408271,38;350245,97;373750,03;344161,03;243286,53;352010,97;4037522,46;16/01/2026
1,31102010302000e+24;39203;2025;1;PREFEITURA DO MUNICÍPIO DE SÃO PAULO;Direta;NA;NA;NA;NA;NA;NA;NA;NA;Rendas de Mercados, Feiras e Frigoríficos (ant. Mat.) - Sistema Novo;Rendas de Mercados, Feiras e Frigoríficos (ant. Mat.) - Sistema Novo;1;Receita Corrente;3;1;1;2;0;1;3;A;S;N;N;S;00.1.501.9001;Tesouro Municipal;N;7857;391,12;0,00;651,29;350,18;164,64;0,00;0,00;0,00;0,00;2434,52;3533,62;0,00;7525,37;16/01/2026
1,31102010302000e+24;39205;2025;1;PREFEITURA DO MUNICÍPIO DE SÃO PAULO;Direta;NA;NA;NA;NA;NA;NA;NA;NA;Deduções Rendas de Mercados, Feiras e Frigoríficos (ant. Mat.) - Sistema Novo;Deduções Rendas de Mercados, Feiras e Frigoríficos (ant. Mat.) - Siste;1;Receita Corrente;3;1;1;2;0;1;3;A;S;N;N;N;00.1.501.9001;Tesouro Municipal;S;0;-391,12;0,00;-651,29;-350,18;-164,64;0,00;0,00;0,00;0,00;-2434,52;-3533,62;0,00;-7525,37;16/01/2026
1,31102010303000e+24;39208;2025;1;PREFEITURA DO MUNICÍPIO DE SÃO PAULO;Direta;89;Fundo Municipal de Esportes e Lazer;FMESP;NA;NA;NA;NA;NA;Estádio Municipal;Estádio Municipal;1;Receita Corrente;3;1;1;2;0;1;3;A;S;N;N;S;08.1.759.0627;Tesouro Municipal - Recursos Vinculados;N;2200000;15756,00;24647,20;697513,60;16159,80;15733,20;25202,60;567393,20;24381,20;28081,20;35265,60;73444,00;44252,80;1567830,40;16/01/2026
1,31102010304000e+24;39213;2025;1;PREFEITURA DO MUNICÍPIO DE SÃO PAULO;Direta;89;Fundo Municipal de Esportes e Lazer;FMESP;NA;NA;NA;NA;NA;Centros Esportivos - Unidades Educacionais e Esportivas;Centros Esportivos - Unidades Educacionais e Esportivas;1;Receita Corrente;3;1;1;2;0;1;3;A;S;N;N;S;08.1.759.0627;Tesouro Municipal - Recursos Vinculados;N;500000;24208,97;41032,45;38916,61;32151,30;30625,90;25790,90;26101,60;26983,33;15451,26;18747,20;25783,91;6216,30;312009,73;16/01/2026
1,31102010306000e+24;39218;2025;1;PREFEITURA DO MUNICÍPIO DE SÃO PAULO;Direta;95;Fundo Especial de Promoção de Atividades Culturais;FEPAC;NA;NA;NA;NA;NA;Centros Culturais - Teatros/FEPAC;Centros Culturais - Teatros/FEPAC;1;Receita Corrente;3;1;1;2;0;1;3;A;S;N;N;S;08.1.759.0021;Tesouro Municipal - Recursos Vinculados;N;6936;66,00;1830,00;3,00;144,00;343,50;916,55;0,00;1736,50;8689,00;18,00;416,00;31,50;14194,05;16/01/2026
1,31102010307000e+24;39223;2025;1;PREFEITURA DO MUNICÍPIO DE SÃO PAULO;Direta;NA;NA;NA;NA;NA;NA;NA;NA;Permissão de Atividades Ambulantes;Permissão de Atividades Ambulantes;1;Receita Corrente;3;1;1;2;0;1;3;A;S;N;N;S;00.1.501.9001;Tesouro Municipal;N;300000;0,00;0,00;0,00;0,00;0,00;0,00;0,00;0,00;0,00;0,00;0,00;0,00;0,00;16/01/2026
1,31102010308000e+24;39228;2025;1;PREFEITURA DO MUNICÍPIO DE SÃO PAULO;Direta;NA;NA;NA;NA;NA;NA;NA;NA;Tarifa de Pedágio p/ Ingresso nas Ruas de Pedestres;Tarifa de Pedágio p/ Ingresso nas Ruas de Pedestres;1;Receita Corrente;3;1;1;2;0;1;3;A;S;N;N;S;00.1.501.9001;Tesouro Municipal;N;3000;0,00;57,70;0,00;0,00;0,00;0,00;28,90;0,00;0,00;28,90;0,00;0,00;115,50;16/01/2026
1,31102010309000e+24;39233;2025;1;PREFEITURA DO MUNICÍPIO DE SÃO PAULO;Direta;NA;NA;NA;NA;NA;NA;NA;NA;Concessão p/ Exploração Comercial em Estacionamento Subterrâneo - SMT;Concessão p/ Exploração Comercial em Estacionamento Subterrâneo - SMT;1;Receita Corrente;3;1;1;2;0;1;3;A;S;N;N;S;00.1.501.9001;Tesouro Municipal;N;149052;14855,37;16212,99;42653,78;46771,01;47421,76;50055,60;61283,33;50996,32;49976,22;50037,03;51843,44;46126,35;528233,20;16/01/2026
1,31102010310000e+24;39238;2025;1;PREFEITURA DO MUNICÍPIO DE SÃO PAULO;Direta;NA;NA;NA;NA;NA;NA;NA;NA;Implantação, Instalação e Passagem de Equipamentos Urbanos - CONVIAS;Implantação, Instalação e Passagem de Equipamentos Urbanos - CONVIAS;1;Receita Corrente;3;1;1;2;0;1;3;A;S;N;N;S;00.1.501.9001;Tesouro Municipal;N;5563204;440334,79;552358,90;537548,96;460746,64;460874,50;461130,21;468417,97;460746,64;460746,64;460746,64;460946,40;463900,58;5688498,87;16/01/2026
1,31102010313000e+24;39248;2025;1;PREFEITURA DO MUNICÍPIO DE SÃO PAULO;Direta;NA;NA;NA;NA;NA;NA;NA;NA;Outras Receitas de Concessões e Permissões;Outras Receitas de Concessões e Permissões;1;Receita Corrente;3;1;1;2;0;1;3;A;S;N;N;S;00.1.501.9001;Tesouro Municipal;N;4424397;582131,65;1861530,73;518648,97;561696,23;581151,25;549764,45;4839052,04;607641,13;619476,50;623657,73;507419,60;436751,14;12288921,42;16/01/2026
1,31102010313000e+24;39250;2025;1;PREFEITURA DO MUNICÍPIO DE SÃO PAULO;Direta;NA;NA;NA;NA;NA;NA;NA;NA;Deduções Outras Receitas de Concessões e Permissões;Deduções Outras Receitas de Concessões e Permissões;1;Receita Corrente;3;1;1;2;0;1;3;A;S;N;N;N;00.1.501.9001;Tesouro Municipal;S;0;-266,38;-521,82;-906,13;-14134,96;-729,04;-1839,10;-2179,98;-352,32;-422,10;-1153,30;-2113,92;0,00;-24619,05;16/01/2026
1,31102010314000e+24;39253;2025;1;PREFEITURA DO MUNICÍPIO DE SÃO PAULO;Direta;89;Fundo Municipal de Esportes e Lazer;FMESP;NA;NA;NA;NA;NA;Unidades Esportivas da SEME;Unidades Esportivas da SEME;1;Receita Corrente;3;1;1;2;0;1;3;A;S;N;N;S;08.1.759.0627;Tesouro Municipal - Recursos Vinculados;N;300000;29087,00;44099,50;63649,00;58835,00;44088,00;43171,90;39012,00;31052,00;17643,00;35951,00;34372,00;10887,60;451848,00;16/01/2026
1,31102010315000e+24;39258;2025;1;PREFEITURA DO MUNICÍPIO DE SÃO PAULO;Direta;NA;NA;NA;NA;NA;NA;NA;NA;Concessão para Exploração Comercial em Espaços Públicos;Concessão para Exploração Comercial em Espaços Públicos;1;Receita Corrente;3;1;1;2;0;1;3;A;S;N;N;S;00.1.501.9001;Tesouro Municipal;N;17066110;1432770,60;1432770,60;1432770,60;1432770,60;1432770,60;1432770,60;1432770,60;1432770,60;1432770,60;1432770,60;1432770,60;1447021,64;17207498,24;16/01/2026
1,31102010317000e+24;39268;2025;23;FUNDO ESPECIAL DE DESPESAS DO TCMSP;Legislativo;77;Fundo Especial de Despesas do Tribunal de Contas;FTCMSP;NA;NA;NA;NA;NA;Permissão de Uso - FED/ TCM;Permissão de Uso - FED/ TCM;1;Receita Corrente;3;1;1;2;0;1;3;A;S;N;N;S;08.1.759.8005;Tesouro Municipal - Recursos Vinculados;N;840000;67796,06;67796,06;69124,96;69124,96;69124,96;69124,96;69124,96;69124,96;69124,96;69124,96;69124,96;69124,96;826841,72;16/01/2026
1,31102010318000e+24;39271;2025;16;FUNDAÇÃO PAULISTANA DE EDUCAÇÃO E TECNOLOGIA;Indireta;80;Fundação Paulistana de Educação Tecnologia e Cultura;FPETC;NA;NA;NA;NA;NA;Termo de Permissão de Uso - FUNDATEC;Termo de Permissão de Uso - FUNDATEC;1;Receita Corrente;3;1;1;2;0;1;3;A;S;N;N;S;06.1.501.9001;Recursos Próprios da Administração Indireta;N;11025;723,88;785,89;1180,89;1413,66;1399,93;1426,55;1408,04;684,29;1303,22;1392,30;1472,42;1393,05;14584,12;16/01/2026
1,31102010319000e+24;39274;2025;1;PREFEITURA DO MUNICÍPIO DE SÃO PAULO;Direta;12;Secretaria Municipal das Subprefeituras;SMSUB;NA;NA;NA;NA;NA;Receita de Concessão - Circuito das Compras - Patio do Pari;Receita de Concessão - Circuito das Compras - Patio do Pari;1;Receita Corrente;3;1;1;2;0;1;3;A;S;N;N;N;08.1.799.1386;Tesouro Municipal - Recursos Vinculados;N;33000000;0,00;0,00;0,00;0,00;0,00;0,00;0,00;0,00;0,00;0,00;0,00;0,00;0,00;16/01/2026
1,31102010320000e+24;39279;2025;1;PREFEITURA DO MUNICÍPIO DE SÃO PAULO;Direta;NA;NA;NA;NA;NA;NA;NA;NA;"Cessão de Uso à Título Oneroso do Autódromo Municipal José Carlos Pace""""";Cessão de Uso à Título Oneroso do Autódromo Municipal José Carlos Pace;1;Receita Corrente;3;1;1;2;0;1;3;A;S;N;N;S;00.1.501.9001;Tesouro Municipal;N;14887885;626830,00;1402192,45;2589226,33;1297018,66;1624819,00;1101643,33;71031,35;326780,00;182521,00;843103,00;709049,00;1057158,00;11831372,12;16/01/2026
1,31102010321000e+24;39284;2025;1;PREFEITURA DO MUNICÍPIO DE SÃO PAULO;Direta;7;Fundo Municipal de Desenvolvimento Social;FMD;NA;NA;NA;NA;NA;Termo de Permissão de Uso - Decreto 58.727/2019 - FMD;Termo de Permissão de Uso - Decreto 58.727/2019 - FMD;1;Receita Corrente;3;1;1;2;0;1;3;A;S;N;N;S;08.1.759.1224;Tesouro Municipal - Recursos Vinculados;N;442728;0,00;0,00;0,00;0,00;0,00;0,00;0,00;0,00;0,00;0,00;0,00;0,00;0,00;16/01/2026
1,31102010323000e+24;39292;2025;1;PREFEITURA DO MUNICÍPIO DE SÃO PAULO;Direta;16;Secretaria Municipal de Educação;SME;NA;NA;NA;NA;Lei nº 15.929, de 20 de dezembro de 2013 e;Unidades Educacionais da SME;Unidades Educacionais da SME;1;Receita Corrente;3;1;1;2;0;1;3;A;S;S;N;S;00.1.501.9001;Tesouro Municipal;N;1000;0,00;0,00;0,00;0,00;0,00;0,00;0,00;0,00;0,00;0,00;0,00;0,00;0,00;16/01/2026
1,31102010325000e+24;39298;2025;1;PREFEITURA DO MUNICÍPIO DE SÃO PAULO;Direta;NA;NA;NA;NA;NA;NA;NA;NA;Concessão de Parques Municipais;Concessão de Parques Municipais;1;Receita Corrente;3;1;1;2;0;1;3;A;S;N;N;N;00.1.501.9001;Tesouro Municipal;N;1000;0,00;0,00;0,00;0,00;0,00;0,00;0,00;0,00;0,00;0,00;0,00;0,00;0,00;16/01/2026
1,31102020302000e+24;39303;2025;1;PREFEITURA DO MUNICÍPIO DE SÃO PAULO;Direta;NA;NA;NA;NA;NA;NA;NA;NA;Rendas de Mercados, Feiras e Frigoríficos (ant. Mat.) - Sistema Novo - Multas e Juros;Rendas de Mercados, Feiras e Frigoríficos (ant. Mat.) - Sistema Novo -;1;Receita Corrente;3;1;1;2;0;2;3;A;S;N;N;N;00.1.501.9001;Tesouro Municipal;N;1000;0,00;0,00;0,00;0,00;0,00;0,00;0,00;0,00;0,00;0,00;0,00;0,00;0,00;16/01/2026
1,31102020313000e+24;39306;2025;1;PREFEITURA DO MUNICÍPIO DE SÃO PAULO;Direta;NA;NA;NA;NA;NA;NA;NA;NA;Multas e Juros Outras Receitas de Concessões e Permissões;Multas e Juros Outras Receitas de Concessões e Permissões;1;Receita Corrente;3;1;1;2;0;2;3;A;S;N;N;S;00.1.501.9001;Tesouro Municipal;N;1582;0,00;0,00;965,07;3101,42;3164,82;0,00;0,78;0,00;1,17;0,00;26,81;14,71;7274,78;16/01/2026
1,31102030302000e+24;39325;2025;1;PREFEITURA DO MUNICÍPIO DE SÃO PAULO;Direta;NA;NA;NA;NA;NA;NA;NA;NA;Rendas de Mercados, Feiras e Frigoríficos (ant. Mat.) - Sistema Novo - Dívida Ativa;Rendas de Mercados, Feiras e Frigoríficos (ant. Mat.) - Sistema Novo -;1;Receita Corrente;3;1;1;2;0;3;3;A;S;N;N;S;00.1.501.9001;Tesouro Municipal;N;3042553;79072,52;111380,58;98050,19;62347,00;96452,02;70996,36;61320,38;60676,49;123213,66;67059,04;52048,85;39319,58;921936,67;16/01/2026
1,31102040302000e+24;39333;2025;1;PREFEITURA DO MUNICÍPIO DE SÃO PAULO;Direta;NA;NA;NA;NA;NA;NA;NA;NA;Rendas de Merc., Feiras e Frig. (ant. Mat.) - Sist. Novo - Dív. Ativa - Multas e Juros;Rendas de Merc., Feiras e Frig. (ant. Mat.) - Sist. Novo - Dív. Ativa;1;Receita Corrente;3;1;1;2;0;4;3;A;S;N;N;S;00.1.501.9001;Tesouro Municipal;N;1273411;31292,91;74535,23;57990,72;25372,76;65616,10;28146,20;23140,28;26386,92;29793,70;34508,90;26072,96;22237,29;445093,97;16/01/2026
1,31199010100000e+24;39341;2025;1;PREFEITURA DO MUNICÍPIO DE SÃO PAULO;Direta;NA;NA;NA;NA;NA;NA;NA;NA;Outras Receitas Imobiliárias;Outras Receitas Imobiliárias;1;Receita Corrente;3;1;1;99;0;1;1;A;S;N;N;S;00.1.501.9001;Tesouro Municipal;N;2344405;173996,51;187515,80;181177,36;176596,22;185106,55;180690,34;198355,41;189733,79;215685,91;204051,63;192908,97;199864,09;2285682,58;16/01/2026
1,32101010104004e+24;39368;2025;1;PREFEITURA DO MUNICÍPIO DE SÃO PAULO;Direta;94;Fundo Especial do Meio Ambiente e Desenvolvimento Sustentável;FEMA;NA;NA;NA;NA;NA;Receita de Remuneração de Depósitos Bancários - FEMA;Receita de Remuneração de Depósitos Bancários - FEMA;1;Receita Corrente;3;2;1;1;0;1;1;A;S;N;N;N;08.1.759.0081;Tesouro Municipal - Recursos Vinculados;N;3222000;0,00;0,00;0,00;0,00;0,00;0,00;0,00;0,00;0,00;0,00;120677,50;0,00;120677,50;16/01/2026
1,32101010104004e+24;39378;2025;1;PREFEITURA DO MUNICÍPIO DE SÃO PAULO;Direta;98;Fundo de Desenvolvimento Urbano;FUNDURB;NA;NA;NA;NA;NA;Receita de Remuneração de Depósitos Bancários - FUNDURB;Receita de Remuneração de Depósitos Bancários - FUNDURB;1;Receita Corrente;3;2;1;1;0;1;1;A;S;N;N;N;08.1.759.0402;Tesouro Municipal - Recursos Vinculados;N;170655;908,71;11470,82;0,00;0,00;220,38;732,03;219,45;738677,07;0,00;0,00;344434,01;5902,86;1102565,33;16/01/2026
1,32101010104004e+24;39383;2025;1;PREFEITURA DO MUNICÍPIO DE SÃO PAULO;Direta;21;Procuradoria Geral do Município - PGM;PGM;NA;NA;NA;NA;NA;Receita de Remuneração Depósitos Bancários - Honorários de Advogados;Receita de Remuneração Depósitos Bancários - Honorários de Advogados;1;Receita Corrente;3;2;1;1;0;1;1;A;S;N;N;N;08.1.799.9002;Tesouro Municipal - Recursos Vinculados;N;0;0,00;0,00;0,00;0,00;0,00;0,00;0,00;0,00;0,00;0,00;0,00;0,00;0,00;16/01/2026
1,32101010104004e+24;39388;2025;1;PREFEITURA DO MUNICÍPIO DE SÃO PAULO;Direta;29;Secretaria Municipal de Urbanismo e Licenciamento;SMUL;NA;NA;NA;NA;NA;Receita de Remuneração de Depósitos Bancários - Operação Urbana Água Espraiada;Receita de Remuneração de Depósitos Bancários - Operação Urbana Água E;1;Receita Corrente;3;2;1;1;0;1;1;A;S;N;N;N;08.1.799.0624;Tesouro Municipal - Recursos Vinculados;N;0;0,00;0,00;0,00;0,00;0,00;0,00;155461,00;0,00;0,00;0,00;0,00;0,00;155461,00;16/01/2026
1,32101010104004e+24;39393;2025;1;PREFEITURA DO MUNICÍPIO DE SÃO PAULO;Direta;29;Secretaria Municipal de Urbanismo e Licenciamento;SMUL;NA;NA;NA;NA;NA;Receita de Remuneração de Depósitos Judiciais - Operação Urbana Faria Lima;Receita de Remuneração de Depósitos Judiciais - Operação Urbana Faria;1;Receita Corrente;3;2;1;1;0;1;1;A;S;N;N;N;08.1.799.0625;Tesouro Municipal - Recursos Vinculados;N;401311;0,00;6847,08;0,00;0,00;66283,63;0,00;0,00;0,00;0,00;0,00;0,00;0,00;73130,71;16/01/2026
1,32101010104004e+24;39396;2025;1;PREFEITURA DO MUNICÍPIO DE SÃO PAULO;Direta;87;Fundo Municipal de Desenvolvimento de Trânsito;FMDT;NA;NA;NA;NA;NA;Receita de Remuneração de Depósitos Judiciais - FMDT;Receita de Remuneração de Depósitos Judiciais - FMDT;1;Receita Corrente;3;2;1;1;0;1;1;A;S;N;N;N;08.1.752.0626;Tesouro Municipal - Recursos Vinculados;N;1200;0,00;0,00;0,00;0,00;0,00;0,00;0,00;0,00;0,00;0,00;0,00;0,00;0,00;16/01/2026
1,32101010104004e+24;39399;2025;1;PREFEITURA DO MUNICÍPIO DE SÃO PAULO;Direta;86;Fundo Municipal de Saneamento Ambiental e Infraestrutura;FMSAI;NA;NA;NA;NA;NA;Receita de Remuneração de Depósitos Judiciais - FMSAI;Receita de Remuneração de Depósitos Judiciais - FMSAI;1;Receita Corrente;3;2;1;1;0;1;1;A;S;N;N;N;08.1.759.0709;Tesouro Municipal - Recursos Vinculados;N;0;0,00;18998,43;3558,55;32102,81;2141681,29;0,00;35843,43;96109,07;67558,01;211,39;0,00;0,00;2396062,98;16/01/2026
1,32101010104004e+24;39402;2025;83;COMPANHIA METROPOLITANA DE HABITAÇÃO DE SÃO PAULO;Indireta;83;Companhia Metropolitana de Habitação de São Paulo;COHAB;NA;NA;NA;NA;NA;Remuneração de Depósitos Bancários - Alienação dos bens - COHAB;Remuneração de Depósitos Bancários - Alienação dos bens - COHAB;1;Receita Corrente;3;2;1;1;0;1;1;A;S;N;N;N;10.1.756.8003;Alienação de Bens/Ativos;N;0;0,00;0,00;960470,77;314001,76;328340,46;317422,71;760774,58;823404,09;872860,41;1435868,69;1281126,71;2307372,46;9401642,64;16/01/2026
1,32101010201002e+24;39416;2025;1;PREFEITURA DO MUNICÍPIO DE SÃO PAULO;Direta;NA;NA;NA;NA;NA;NA;NA;NA;Rendimentos Decorrentes de Aplicação Financeira Oriundos de Depósitos Judiciais;Rendimentos Decorrentes de Aplicação Financeira Oriundos de Depósitos;1;Receita Corrente;3;2;1;1;0;1;2;A;S;N;N;N;00.1.501.9001;Tesouro Municipal;N;2853184;5533935,69;885054,55;293808,71;201132,64;3208464,76;2662441,92;1039758,45;408495,01;624215,55;286555,74;963594,74;121847,13;16229304,89;16/01/2026
1,32101010201002e+24;39418;2025;1;PREFEITURA DO MUNICÍPIO DE SÃO PAULO;Direta;NA;NA;NA;NA;NA;NA;NA;NA;Deduções Rendimentos Decorrentes de Aplicação Financeira Oriundos de Depósitos Judiciais;Deduções Rendimentos Decorrentes de Aplicação Financeira Oriundos de D;1;Receita Corrente;3;2;1;1;0;1;2;A;S;N;N;N;00.1.501.9001;Tesouro Municipal;S;0;0,00;0,00;0,00;0,00;-52345,11;0,00;0,00;0,00;0,00;0,00;0,00;0,00;-52345,11;16/01/2026
1,32101010201003e+24;39421;2025;1;PREFEITURA DO MUNICÍPIO DE SÃO PAULO;Direta;NA;NA;NA;NA;NA;NA;NA;NA;Rendimentos decorrentes de Multas de Sentenças Judiciais;Rendimentos decorrentes de Multas de Sentenças Judiciais;1;Receita Corrente;3;2;1;1;0;1;2;A;S;N;N;N;00.1.501.9001;Tesouro Municipal;N;43233;16169,06;0,00;1909,05;3780,12;15431,32;0,89;0,00;11,30;700,76;385,96;0,58;0,00;38389,04;16/01/2026
1,32101010287001e+24;39510;2025;83;COMPANHIA METROPOLITANA DE HABITAÇÃO DE SÃO PAULO;Indireta;83;Companhia Metropolitana de Habitação de São Paulo;COHAB;NA;NA;NA;NA;NA;Rendimentos Decorrentes de Aplicação Financeira Oriundos de Depósitos Judiciais - COHAB;Rendimentos Decorrentes de Aplicação Financeira Oriundos de Depósitos;1;Receita Corrente;3;2;1;1;0;1;2;A;S;N;N;S;09.1.501.9001;Recursos Próprios da Empresa Dependente;N;474000;3327,97;13494,44;1919,96;11965,96;2548,36;5414,47;229,63;0,00;606,99;14339,89;1747,73;37037,70;92633,10;16/01/2026
1,32101010289001e+24;39515;2025;30;SÃO PAULO URBANISMO;Indireta;5;São Paulo Urbanismo;SPU;NA;NA;NA;NA;NA;Remuneração de Depósitos Bancários - SP URBANISMO;Remuneração de Depósitos Bancários - SP URBANISMO;1;Receita Corrente;3;2;1;1;0;1;2;A;S;N;N;S;09.1.501.9001;Recursos Próprios da Empresa Dependente;N;744000;128935,30;114811,61;94557,10;85979,69;94995,90;112627,85;194933,87;119005,58;274392,36;422870,16;382979,03;467990,53;2494078,98;16/01/2026
1,32102010100000e+24;39524;2025;1;PREFEITURA DO MUNICÍPIO DE SÃO PAULO;Direta;28;Encargos Gerais do Município;EGM;NA;NA;NA;NA;NA;Remuneração de Depósitos Especiais - Precatórios;Remuneração de Depósitos Especiais - Precatórios;1;Receita Corrente;3;2;1;2;0;1;1;A;S;N;N;N;05.1.799.1312;Outras Fontes;N;90000000;14597312,51;13929068,93;13439769,86;15183223,43;1330279,60;31253425,99;17590861,01;14224068,34;10393514,52;10489481,59;11824235,30;12794782,45;167050023,50;16/01/2026
1,32104010100000e+24;39530;2025;8;FUNDO PREVIDENCIÁRIO - FUNPREV;Indireta;3;Fundo Previdenciário - FUNPREV;FUNPREV;NA;NA;NA;NA;NA;Remuneração dos Investimentos em Renda Fixa;Remuneração dos Investimentos em Renda Fixa;1;Receita Corrente;3;2;1;4;0;1;1;A;S;N;N;S;20.1.800.9001;Recursos Vinculados à Previdência Social;N;70612200;20332149,68;20573807,72;20420217,32;24550155,08;26491852,57;25801689,54;31244515,84;29918289,35;31077286,63;33676618,05;27939641,94;30124781,87;322151005,60;16/01/2026
1,32104010100000e+24;39530;2025;9;FUNDO FINANCEIRO - FUNFIN;Indireta;3;Fundo Financeiro - FUNFIN;FUNFIN;NA;NA;NA;NA;NA;Remuneração dos Investimentos em Renda Fixa;Remuneração dos Investimentos em Renda Fixa;1;Receita Corrente;3;2;1;4;0;1;1;A;S;N;N;S;20.1.801.9001;Recursos Vinculados à Previdência Social;N;36080544;4283620,82;3730289,85;3306853,25;3496318,22;3806762,68;3785143,72;4646555,07;4590124,97;4943492,05;5385821,04;4446629,33;5387972,42;51809583,42;16/01/2026
1,32105010101001e+24;39541;2025;1;PREFEITURA DO MUNICÍPIO DE SÃO PAULO;Direta;NA;NA;NA;NA;NA;NA;NA;- DRD alterado pela demanda [D21975];Prefeitura do Município de São Paulo;Prefeitura do Município de São Paulo;1;Receita Corrente;3;2;1;5;0;1;1;A;S;N;N;N;00.1.501.9001;Tesouro Municipal;N;1449353604;83380131,92;100131318,80;119913086,50;114970251,90;140077217,20;115086454,30;130765429,40;108180249,10;116426936,90;116217554,60;88724679,36;98659570,65;1332532881,00;16/01/2026
1,32105010101001e+24;39543;2025;1;PREFEITURA DO MUNICÍPIO DE SÃO PAULO;Direta;NA;NA;NA;NA;NA;NA;NA;NA;Deduções Prefeitura do Município de São Paulo;Deduções Prefeitura do Município de São Paulo;1;Receita Corrente;3;2;1;5;0;1;1;A;S;N;N;N;00.1.501.9001;Tesouro Municipal;S;0;-267,15;-81190,78;-2871,43;-8402,55;-4143,65;-520048,30;-22946,42;-6818,91;-6015,78;-1137575,27;-49855,34;-793181,16;-2633316,74;16/01/2026
1,32105010101001e+24;39556;2025;1;PREFEITURA DO MUNICÍPIO DE SÃO PAULO;Direta;NA;NA;NA;NA;NA;NA;NA;NA;Renda Básica Emergencial - LEI Nº 17.504/2020;Renda Básica Emergencial - LEI Nº 17.504/2020;1;Receita Corrente;3;2;1;5;0;1;1;A;S;N;N;N;00.1.501.9001;Tesouro Municipal;N;156784;15295,14;14677,99;14383,67;15814,39;17449,95;17210,76;19779,62;18530,92;19594,08;20824,54;17412,94;20089,79;211063,79;16/01/2026
1,32105010101034e+24;39564;2025;1;PREFEITURA DO MUNICÍPIO DE SÃO PAULO;Direta;NA;NA;NA;NA;NA;NA;NA;- DRD alterado pela demanda [D21975];SME- PTRF- Cartão Controle de Despesas;SME- PTRF- Cartão Controle de Despesas;1;Receita Corrente;3;2;1;5;0;1;1;A;S;N;N;N;00.1.501.9001;Tesouro Municipal;N;21467059;1825590,44;1586296,98;1896901,72;1881628,82;1738057,70;1546504,58;2024144,27;1888586,72;1550543,52;1339376,80;1221986,06;1587901,07;20087518,68;16/01/2026
1,32105010101036e+24;39569;2025;1;PREFEITURA DO MUNICÍPIO DE SÃO PAULO;Direta;NA;NA;NA;NA;NA;NA;NA;- DRD alterado pela demanda [D21975];SF - Cartão Controle de Despesas- CCD;SF - Cartão Controle de Despesas- CCD;1;Receita Corrente;3;2;1;5;0;1;1;A;S;N;N;N;00.1.501.9001;Tesouro Municipal;N;42412;1764,51;3285,36;3230,05;3602,97;4043,82;4075,28;4041,83;3967,62;4244,18;4835,75;4103,45;3854,66;45049,48;16/01/2026
1,32105010102001e+24;39580;2025;1;PREFEITURA DO MUNICÍPIO DE SÃO PAULO;Direta;84;Fundo Municipal de Saúde;FMS/SMS;NA;NA;NA;NA;- DRD alterado pela demanda [D21975];Contrato 4641/OC-BR - BID - Avança Saúde SP;Contrato 4641/OC-BR - BID - Avança Saúde SP;1;Receita Corrente;3;2;1;5;0;1;1;A;S;N;S;N;01.1.634.1225;Operações de Crédito;N;0;9482,10;7991,19;7153,60;6890,96;6289,51;5265,24;5023,99;3474,66;2688,99;1807,29;0,00;0,00;56067,53;16/01/2026
1,32105010102030e+24;39612;2025;1;PREFEITURA DO MUNICÍPIO DE SÃO PAULO;Direta;12;Secretaria Municipal das Subprefeituras;SMSUB;NA;NA;NA;NA;NA;Rendimentos Decorrentes de Aplicação Financeira - SMSUB;Rendimentos Decorrentes de Aplicação Financeira - SMSUB;1;Receita Corrente;3;2;1;5;0;1;1;A;S;N;N;N;01.1.754.0000;Operações de Crédito;N;1008;0,00;0,00;0,00;0,00;0,00;0,00;0,00;0,00;0,00;0,00;0,00;0,00;0,00;16/01/2026
1,32105010102036e+24;39621;2025;1;PREFEITURA DO MUNICÍPIO DE SÃO PAULO;Direta;17;Secretaria Municipal da Fazenda;SF;NA;NA;NA;NA;NA;PNAFM;PNAFM;1;Receita Corrente;3;2;1;5;0;1;1;A;S;N;N;N;01.1.754.1061;Operações de Crédito;N;0;1645,94;1579,52;1547,85;1588,31;565,33;756,60;2093,53;1961,37;2073,90;2204,14;1843,04;2126,37;19985,90;16/01/2026
1,32105010102036e+24;39626;2025;1;PREFEITURA DO MUNICÍPIO DE SÃO PAULO;Direta;17;Secretaria Municipal da Fazenda;SF;NA;NA;NA;NA;NA;PNAFM - Segunda Fase;PNAFM - Segunda Fase;1;Receita Corrente;3;2;1;5;0;1;1;A;S;N;N;N;01.1.754.1211;Operações de Crédito;N;0;106142,04;97471,08;92736,06;98709,96;104462,22;98733,60;110749,70;102150,20;107226,85;113960,32;86578,32;78183,09;1197103,44;16/01/2026
1,32105010102038e+24;39631;2025;1;PREFEITURA DO MUNICÍPIO DE SÃO PAULO;Direta;14;Secretaria Municipal de Habitação;SEHAB;NA;NA;NA;NA;NA;Rendimentos Decorrentes de Aplicação Financeira - SEHAB;Rendimentos Decorrentes de Aplicação Financeira - SEHAB;1;Receita Corrente;3;2;1;5;0;1;1;A;S;N;N;N;01.1.754.1202;Operações de Crédito;N;0;14844,19;13781,79;13570,32;15070,95;16401,74;15977,03;18920,50;17409,16;18459,80;19497,14;16289,88;19099,74;199322,24;16/01/2026
1,32105010102039e+24;39635;2025;1;PREFEITURA DO MUNICÍPIO DE SÃO PAULO;Direta;22;Secretaria Municipal de Infraestrutura Urbana e Obras;SIURB;NA;NA;NA;NA;NA;SIURB X CEF;SIURB X CEF;1;Receita Corrente;3;2;1;5;0;1;1;A;S;N;N;N;01.1.754.0000;Operações de Crédito;N;281975340;0,00;0,00;0,00;0,00;0,00;0,00;0,00;0,00;0,00;0,00;0,00;0,00;0,00;16/01/2026
1,32105010103006e+24;39695;2025;16;FUNDAÇÃO PAULISTANA DE EDUCAÇÃO E TECNOLOGIA;Indireta;80;Fundação Paulistana de Educação Tecnologia e Cultura;FPETC;NA;NA;NA;NA;NA;FUNDATEC X União;FUNDATEC X União;1;Receita Corrente;3;2;1;5;0;1;1;A;S;N;N;S;02.1.700.8007;Transferências Federais;N;0;18667,55;18479,79;18173,58;20269,66;22043,77;21522,88;25284,66;23321,65;24718,92;26199,61;21864,68;25453,47;266000,22;16/01/2026
1,32105010103025e+24;39762;2025;1;PREFEITURA DO MUNICÍPIO DE SÃO PAULO;Direta;17;Secretaria Municipal da Fazenda;SF;NA;NA;NA;NA;- DRD alterado pela demanda [D21975];TransferênciasEspeciais - 3550308- EC 105;TransferênciasEspeciais - 3550308- EC 105;1;Receita Corrente;3;2;1;5;0;1;1;A;S;N;N;N;02.1.706.1457;Transferências Federais;N;0;165224,83;153400,47;151046,78;170617,41;-187199,67;175336,35;202044,72;183777,17;192417,04;200754,92;165132,60;190735,11;1763287,73;16/01/2026
1,32105010103030e+24;39780;2025;1;PREFEITURA DO MUNICÍPIO DE SÃO PAULO;Direta;12;Secretaria Municipal das Subprefeituras;SMSUB;NA;NA;NA;NA;NA;SMSUB x União;SMSUB x União;1;Receita Corrente;3;2;1;5;0;1;1;A;S;N;N;N;02.1.700.0000;Transferências Federais;N;1000;0,00;0,00;0,00;0,00;0,00;0,00;0,00;0,00;0,00;0,00;0,00;0,00;0,00;16/01/2026
1,32105010103034e+24;39807;2025;1;PREFEITURA DO MUNICÍPIO DE SÃO PAULO;Direta;16;Secretaria Municipal de Educação;SME;NA;NA;NA;NA;NA;Programa Nacional de Alimentação Escolar - PNAE/FNDE;Programa Nacional de Alimentação Escolar - PNAE/FNDE;1;Receita Corrente;3;2;1;5;0;1;1;A;S;S;N;N;02.1.552.0640;Transferências Federais;N;11626802;911164,42;878998,27;970126,42;1171029,51;1359627,30;1356143,26;1603539,18;1422470,81;1350978,12;1293005,94;932555,12;860242,58;14109880,93;16/01/2026
1,32105010103034e+24;39817;2025;1;PREFEITURA DO MUNICÍPIO DE SÃO PAULO;Direta;16;Secretaria Municipal de Educação;SME;NA;NA;NA;NA;NA;Programa Nacional de Apoio ao Transporte do Escolar - PNATE;Programa Nacional de Apoio ao Transporte do Escolar - PNATE;1;Receita Corrente;3;2;1;5;0;1;1;A;S;S;N;N;02.1.553.9001;Transferências Federais;N;87971;8223,50;8121,02;8014,81;9678,84;10843,09;10584,75;12484,81;11499,71;13222,96;14053,86;11730,57;13682,79;132140,71;16/01/2026
1,32105010103034e+24;39827;2025;1;PREFEITURA DO MUNICÍPIO DE SÃO PAULO;Direta;16;Secretaria Municipal de Educação;SME;NA;NA;NA;NA;NA;Transferências do Salário Educação - Lei 10.832/03;Transferências do Salário Educação - Lei 10.832/03;1;Receita Corrente;3;2;1;5;0;1;1;A;S;S;N;N;02.1.550.0299;Transferências Federais;N;54453330;969545,06;995986,78;1230255,69;1521913,45;1127461,32;854469,03;999948,95;638755,39;649735,59;627332,69;568285,45;267601,18;10451290,58;16/01/2026
1,32105010103039e+24;39861;2025;1;PREFEITURA DO MUNICÍPIO DE SÃO PAULO;Direta;22;Secretaria Municipal de Infraestrutura Urbana e Obras;SIURB;NA;NA;NA;NA;NA;SIURB x União;SIURB x União;1;Receita Corrente;3;2;1;5;0;1;1;A;S;N;N;N;02.1.700.0000;Transferências Federais;N;840000;0,00;0,00;0,00;0,00;0,00;0,00;0,00;0,00;0,00;0,00;0,00;0,00;0,00;16/01/2026
1,32105010104011e+24;39973;2025;1;PREFEITURA DO MUNICÍPIO DE SÃO PAULO;Direta;94;Fundo Especial do Meio Ambiente e Desenvolvimento Sustentável;FEMA;NA;NA;NA;NA;NA;Rendimentos Convênio PMSP X SABESP - FEMA;Rendimentos Convênio PMSP X SABESP - FEMA;1;Receita Corrente;3;2;1;5;0;1;1;A;S;N;N;N;03.1.701.0000;Transferências Estaduais;N;203767;0,00;0,00;0,00;0,00;0,00;0,00;0,00;0,00;0,00;0,00;0,00;0,00;0,00;16/01/2026
1,32105010104019e+24;40003;2025;1;PREFEITURA DO MUNICÍPIO DE SÃO PAULO;Direta;86;Fundo Municipal de Saneamento Ambiental e Infraestrutura;FMSAI;NA;NA;NA;NA;NA;PMSP-SEHAB/FMSAI- Lei 14934/2009;PMSP-SEHAB/FMSAI- Lei 14934/2009;1;Receita Corrente;3;2;1;5;0;1;1;A;S;N;N;N;08.1.759.0709;Tesouro Municipal - Recursos Vinculados;N;55739916;0,00;0,00;0,00;0,00;0,00;0,00;0,00;0,00;0,00;0,00;0,00;0,00;0,00;16/01/2026
1,32105010104029e+24;40026;2025;1;PREFEITURA DO MUNICÍPIO DE SÃO PAULO;Direta;93;Fundo Municipal de Assistência Social;FMAS;NA;NA;NA;NA;NA;Estação Cidadania;Estação Cidadania;1;Receita Corrente;3;2;1;5;0;1;1;A;S;N;N;N;03.1.665.0000;Transferências Estaduais;N;4800;0,00;0,00;0,00;0,00;0,00;0,00;0,00;0,00;0,00;0,00;0,00;0,00;0,00;16/01/2026
1,32105010104035e+24;40040;2025;1;PREFEITURA DO MUNICÍPIO DE SÃO PAULO;Direta;19;Secretaria Municipal de Esportes e Lazer;SEME;NA;NA;NA;NA;NA;Convênio Estado x SEME;Convênio Estado x SEME;1;Receita Corrente;3;2;1;5;0;1;1;A;S;N;N;N;03.1.701.0000;Transferências Estaduais;N;6000000;0,00;0,00;0,00;0,00;0,00;0,00;0,00;0,00;0,00;0,00;0,00;0,00;0,00;16/01/2026
1,32105010104039e+24;40062;2025;1;PREFEITURA DO MUNICÍPIO DE SÃO PAULO;Direta;22;Secretaria Municipal de Infraestrutura Urbana e Obras;SIURB;NA;NA;NA;NA;NA;SIURB x ESTADO;SIURB x ESTADO;1;Receita Corrente;3;2;1;5;0;1;1;A;S;N;N;N;03.1.701.0000;Transferências Estaduais;N;1000;0,00;0,00;0,00;0,00;0,00;0,00;0,00;0,00;0,00;0,00;0,00;0,00;0,00;16/01/2026
1,32105010105034e+24;40169;2025;1;PREFEITURA DO MUNICÍPIO DE SÃO PAULO;Direta;16;Secretaria Municipal de Educação;SME;NA;NA;NA;NA;- DRD alterado pela demanda [D21975];Remuneração de Recursos Vinculados - FUNDEB;Remuneração de Recursos Vinculados - FUNDEB;1;Receita Corrente;3;2;1;5;0;1;1;A;S;S;N;N;04.1.540.9001;Fundo Constitucional da Educação;N;45033326;4548723,56;5993857,34;5825759,63;6107389,34;5308796,59;3739133,69;4388612,46;3338325,21;3158138,85;5177575,71;5970293,15;3904877,35;57461482,88;16/01/2026
1,32105010106001e+24;40227;2025;1;PREFEITURA DO MUNICÍPIO DE SÃO PAULO;Direta;16;Secretaria Municipal de Educação;SME;NA;NA;NA;NA;- DRD alterado pela demanda [D21975];Parque Augusta/Creches - TAC;Parque Augusta/Creches - TAC;1;Receita Corrente;3;2;1;5;0;1;1;A;S;S;N;N;05.1.799.1182;Outras Fontes;N;0;597396,23;554640,65;546130,41;606522,18;660078,93;642987,34;761444,99;700622,49;742904,69;778173,81;625670,57;716200,51;7932772,80;16/01/2026
1,32105010106013e+24;40242;2025;1;PREFEITURA DO MUNICÍPIO DE SÃO PAULO;Direta;93;Fundo Municipal de Assistência Social;FMAS;NA;NA;NA;NA;NA;FMAS - Projeto Restaurante Escola;FMAS - Projeto Restaurante Escola;1;Receita Corrente;3;2;1;5;0;1;1;A;S;N;N;N;05.1.669.0517;Outras Fontes;N;0;435,30;394,58;388,53;431,49;469,59;457,44;541,70;498,44;528,52;558,21;466,39;546,84;5717,03;16/01/2026
1,32105010106020e+24;40254;2025;1;PREFEITURA DO MUNICÍPIO DE SÃO PAULO;Direta;84;Fundo Municipal de Saúde;FMS/SMS;NA;NA;NA;NA;NA;Rendimentos Sobre Multas Previstas na Legislação Sanitária - FMS;Rendimentos Sobre Multas Previstas na Legislação Sanitária - FMS;1;Receita Corrente;3;2;1;5;0;1;1;A;S;N;S;N;08.1.659.1092;Tesouro Municipal - Recursos Vinculados;N;900000;116037,00;105550,95;95480,22;104461,76;113720,25;110688,04;109555,20;70330,93;73576,33;62202,81;42506,02;48564,60;1052674,11;16/01/2026
1,32105010106020e+24;40265;2025;1;PREFEITURA DO MUNICÍPIO DE SÃO PAULO;Direta;84;Fundo Municipal de Saúde;FMS/SMS;NA;NA;NA;NA;NA;Acordo MP - UPA Pediatra Menino Jesus;Acordo MP - UPA Pediatra Menino Jesus;1;Receita Corrente;3;2;1;5;0;1;1;A;S;N;S;N;05.1.659.1234;Outras Fontes;N;600000;5841,50;17057,39;16795,66;18652,94;20300,03;19774,39;23417,43;21546,90;22847,24;24131,14;20161,60;23639,27;234165,49;16/01/2026
1,32105010106020e+24;40268;2025;1;PREFEITURA DO MUNICÍPIO DE SÃO PAULO;Direta;84;Fundo Municipal de Saúde;FMS/SMS;NA;NA;NA;NA;- DRD alterado pela demanda [D21975];Combate à COVID-19;Combate à COVID-19;1;Receita Corrente;3;2;1;5;0;1;1;A;S;N;S;N;05.1.659.1263;Outras Fontes;N;21600;744,33;1020,54;1273,99;1629,46;1925,17;2085,89;2789,27;2575,77;2684,61;2994,45;2628,62;2886,97;25239,07;16/01/2026
1,32105010106020e+24;40271;2025;1;PREFEITURA DO MUNICÍPIO DE SÃO PAULO;Direta;84;Fundo Municipal de Saúde;FMS/SMS;NA;NA;NA;NA;NA;MPU/MPT - Combate à COVID-19;MPU/MPT - Combate à COVID-19;1;Receita Corrente;3;2;1;5;0;1;1;A;S;N;S;N;05.1.659.1264;Outras Fontes;N;1200;164,14;239,08;235,42;261,45;284,53;277,17;328,23;302,02;320,24;338,23;282,60;331,34;3364,45;16/01/2026
1,32105010106022e+24;40279;2025;1;PREFEITURA DO MUNICÍPIO DE SÃO PAULO;Direta;90;Fundo Municipal dos Direitos da Criança e do Adolescente;FUMCAD;NA;NA;NA;NA;NA;FUMCAD;FUMCAD;1;Receita Corrente;3;2;1;5;0;1;1;A;S;N;N;N;08.1.759.0958;Tesouro Municipal - Recursos Vinculados;N;26692586;3034933,76;2766212,21;2566850,58;2793854,71;2992651,77;2847760,30;3375855,42;3103904,30;3286447,64;3473984,88;2874304,28;3453063,62;36569823,47;16/01/2026
1,32105010106029e+24;40301;2025;1;PREFEITURA DO MUNICÍPIO DE SÃO PAULO;Direta;24;Secretaria Municipal de Assistência e Desenvolvimento Social;SMADS;NA;NA;NA;NA;- DRD alterado pela demanda [D21975];SMADS/Parque Augusta;SMADS/Parque Augusta;1;Receita Corrente;3;2;1;5;0;1;1;A;S;N;N;N;05.1.799.1182;Outras Fontes;N;180000;25700,99;23861,57;23495,45;26093,60;28397,70;27662,39;32758,64;30141,96;31961,00;33757,04;28204,06;33068,97;345103,37;16/01/2026
1,32105010106034e+24;40327;2025;1;PREFEITURA DO MUNICÍPIO DE SÃO PAULO;Direta;16;Secretaria Municipal de Educação;SME;NA;NA;NA;NA;- DRD alterado pela demanda [D21975];SME/Projeto Nossa Creche II;SME/Projeto Nossa Creche II;1;Receita Corrente;3;2;1;5;0;1;1;A;S;S;N;S;05.1.599.1286;Outras Fontes;N;0;131023,34;121508,94;119644,55;132874,99;144608,03;140863,67;166814,99;153490,19;151580,16;158643,33;132114,57;154898,51;1708065,27;16/01/2026
1,32105010107005e+24;40415;2025;85;FUNDAÇÃO THEATRO MUNICIPAL DE SÃO PAULO;Indireta;85;Fundação Theatro Municipal de São Paulo;FTMSP;NA;NA;NA;NA;NA;Fundação Theatro Municipal de São Paulo;Fundação Theatro Municipal de São Paulo;1;Receita Corrente;3;2;1;5;0;1;1;A;S;N;N;S;06.1.501.9001;Recursos Próprios da Administração Indireta;N;86000;10243,56;8372,45;10408,25;11602,83;41764,38;20116,60;39720,05;25752,00;17569,57;60041,93;48205,36;32271,79;326068,77;16/01/2026
1,32105010107006e+24;40422;2025;16;FUNDAÇÃO PAULISTANA DE EDUCAÇÃO E TECNOLOGIA;Indireta;80;Fundação Paulistana de Educação Tecnologia e Cultura;FPETC;NA;NA;NA;NA;NA;Fundação Paulistana de Educação e Tecnologia;Fundação Paulistana de Educação e Tecnologia;1;Receita Corrente;3;2;1;5;0;1;1;A;S;N;N;S;06.1.501.9001;Recursos Próprios da Administração Indireta;N;4752;709,67;709,40;709,25;802,30;890,05;883,23;1055,28;984,15;1055,71;1136,22;963,59;1137,82;11036,67;16/01/2026
1,32105010107081e+24;40429;2025;4;HOSPITAL DO SERVIDOR PÚBLICO MUNICIPAL;Indireta;2;Hospital do Servidor Público Municipal;HSPM;NA;NA;NA;NA;NA;Hospital do Servidor Público Municipal;Hospital do Servidor Público Municipal;1;Receita Corrente;3;2;1;5;0;1;1;A;S;N;N;S;06.1.501.9001;Recursos Próprios da Administração Indireta;N;3990120;418068,51;364255,65;348520,35;408248,45;451511,93;452609,34;546829,17;514161,55;565674,54;602004,48;488641,25;541720,90;5702246,12;16/01/2026
1,32105010107092e+24;40447;2025;7;AGÊNCIA REG. DE SERV. PÚBLICOS DE SÃO PAULO;Indireta;33;Agência Reg. de Serv. Públicos do Mun de São Paulo;SPREGULA;NA;NA;NA;NA;NA;Agência Reguladora de Serviços Públicos do Município de São Paulo - SP-REGULA;Agência Reguladora de Serviços Públicos do Município de São Paulo - SP;1;Receita Corrente;3;2;1;5;0;1;1;A;S;N;N;S;06.1.501.9001;Recursos Próprios da Administração Indireta;N;176964;27585,41;14126,53;17266,69;28752,14;36918,53;34976,23;46826,55;39509,21;38698,03;51387,83;42213,90;59483,70;437744,75;16/01/2026
1,32105010109002e+24;40453;2025;22;Fundo Especial de Despesas da Câmara;Legislativo;76;Fundo Especial de Despesas da Câmara Municipal de São Paulo;FECAM;NA;NA;NA;NA;NA;Rendimentos de Aplicação Financeira - CMSP;Rendimentos de Aplicação Financeira - CMSP;1;Receita Corrente;3;2;1;5;0;1;1;A;S;N;N;N;08.1.759.8004;Tesouro Municipal - Recursos Vinculados;N;2989600;503482,91;304062,39;401233,89;429823,92;515551,55;520539,82;643204,20;510699,00;495566,89;520685,09;423860,73;620298,78;5889009,17;16/01/2026
1,32105010109002e+24;40459;2025;22;Fundo Especial de Despesas da Câmara;Legislativo;76;Fundo Especial de Despesas da Câmara Municipal de São Paulo;FECAM;NA;NA;NA;NA;NA;Rendimentos de Aplicação Financeira - FECAM;Rendimentos de Aplicação Financeira - FECAM;1;Receita Corrente;3;2;1;5;0;1;1;A;S;N;N;N;08.1.759.8004;Tesouro Municipal - Recursos Vinculados;N;1616640;179654,46;178158,95;177094,42;198843,13;223415,49;223774,42;269931,05;256038,46;279553,35;301530,31;260582,90;310997,73;2859574,67;16/01/2026
1,32105010109007e+24;40475;2025;1;PREFEITURA DO MUNICÍPIO DE SÃO PAULO;Direta;98;Fundo de Desenvolvimento Urbano;FUNDURB;NA;NA;NA;NA;NA;Receita de Rendimentos de Aplicação Financeira - FUNDURB;Receita de Rendimentos de Aplicação Financeira - FUNDURB;1;Receita Corrente;3;2;1;5;0;1;1;A;S;N;N;N;08.1.759.0402;Tesouro Municipal - Recursos Vinculados;N;270431249;5217414,85;3212414,87;8390554,78;6264105,23;5709010,63;6364317,61;5647201,86;11717324,21;9890490,50;10689848,12;8293921,75;8635449,43;90032053,84;16/01/2026
1,32105010109008e+24;40481;2025;1;PREFEITURA DO MUNICÍPIO DE SÃO PAULO;Direta;88;Fundo de Preservação do Patrimônio Histórico e Cultural;FUNPATRI;NA;NA;NA;NA;NA;PMSP - FUNPATRI;PMSP - FUNPATRI;1;Receita Corrente;3;2;1;5;0;1;1;A;S;N;N;N;08.1.759.0750;Tesouro Municipal - Recursos Vinculados;N;10696;1171,23;1129,50;1109,47;1226,73;1358,58;1347,49;1554,79;1456,67;1540,23;1805,73;1637,60;1889,38;17227,40;16/01/2026
1,32105010109009e+24;40487;2025;1;PREFEITURA DO MUNICÍPIO DE SÃO PAULO;Direta;97;Fundo de Proteção do Patrimônio Cultural e Ambiental Paulistano;FUNCAP;NA;NA;NA;NA;NA;FUNCAP;FUNCAP;1;Receita Corrente;3;2;1;5;0;1;1;A;S;N;N;N;08.1.759.0527;Tesouro Municipal - Recursos Vinculados;N;464172;50579,14;75288,53;43258,75;47700,60;50107,55;48810,09;57802,39;53728,09;56969,83;60171,23;50273,16;58944,77;653634,13;16/01/2026
1,32105010109010e+24;40493;2025;1;PREFEITURA DO MUNICÍPIO DE SÃO PAULO;Direta;95;Fundo Especial de Promoção de Atividades Culturais;FEPAC;NA;NA;NA;NA;NA;FEPAC;FEPAC;1;Receita Corrente;3;2;1;5;0;1;1;A;S;N;N;N;08.1.759.0021;Tesouro Municipal - Recursos Vinculados;N;371700;29329,73;15670,29;14941,41;19844,12;21102,78;20467,70;22091,41;30139,55;28688,40;32130,41;27339,57;25086,06;286831,43;16/01/2026
1,32105010109011e+24;40499;2025;1;PREFEITURA DO MUNICÍPIO DE SÃO PAULO;Direta;94;Fundo Especial do Meio Ambiente e Desenvolvimento Sustentável;FEMA;NA;NA;NA;NA;NA;FEMA - Fundo Especial do Meio Ambiente e Desenvolvimento Sustentável;FEMA - Fundo Especial do Meio Ambiente e Desenvolvimento Sustentável;1;Receita Corrente;3;2;1;5;0;1;1;A;S;N;N;N;08.1.759.0081;Tesouro Municipal - Recursos Vinculados;N;5514192;390523,02;211611,22;261920,87;206671,71;197944,06;219541,34;196333,37;349582,24;363431,80;410789,07;387984,03;454703,33;3651036,06;16/01/2026
1,32105010109014e+24;40510;2025;1;PREFEITURA DO MUNICÍPIO DE SÃO PAULO;Direta;87;Fundo Municipal de Desenvolvimento de Trânsito;FMDT;NA;NA;NA;NA;NA;FMDT;FMDT;1;Receita Corrente;3;2;1;5;0;1;1;A;S;N;N;N;08.1.752.0626;Tesouro Municipal - Recursos Vinculados;N;93309550;1973428,95;932206,53;830393,33;804294,58;436590,53;279968,60;339316,44;836921,59;752335,20;927282,01;852971,89;842319,07;9808028,72;16/01/2026
1,32105010109015e+24;40516;2025;1;PREFEITURA DO MUNICÍPIO DE SÃO PAULO;Direta;89;Fundo Municipal de Esportes e Lazer;FMESP;NA;NA;NA;NA;NA;PMSP-SEME/Fundo Municipal de Esportes;PMSP-SEME/Fundo Municipal de Esportes;1;Receita Corrente;3;2;1;5;0;1;1;A;S;N;N;N;08.1.759.0627;Tesouro Municipal - Recursos Vinculados;N;300000;93733,81;73449,62;72322,62;80320,15;87412,53;100938,55;116057,30;106786,91;113231,44;138096,97;109223,77;128063,79;1219637,46;16/01/2026
1,32105010109016e+24;40520;2025;91;Fundo Municipal de Habitação - COHAB;Indireta;91;Fundo Municipal de Habitação;FMH;NA;NA;NA;NA;NA;Rendimentos FMH;Rendimentos FMH;1;Receita Corrente;3;2;1;5;0;1;1;A;S;N;N;S;08.1.759.8011;Tesouro Municipal - Recursos Vinculados;N;12345185;961152,15;914499,96;829385,02;465990,27;381174,27;507842,01;644537,94;637380,13;40776885,14;3628208,49;3157624,85;621829,68;53526509,91;16/01/2026
1,32105010109017e+24;40527;2025;1;PREFEITURA DO MUNICÍPIO DE SÃO PAULO;Direta;99;Fundo Municipal de Iluminação Pública;FUNDIP;NA;NA;NA;NA;NA;Contribuição para o Custeio do Serviço de Iluminação Pública - COSIP/FUNDIP;Contribuição para o Custeio do Serviço de Iluminação Pública - COSIP/F;1;Receita Corrente;3;2;1;5;0;1;1;A;S;N;N;N;08.1.751.0253;Tesouro Municipal - Recursos Vinculados;N;29489124;4235850,15;2377520,09;2361309,24;2871167,93;2982082,07;2411235,59;2736005,58;2530773,25;3301604,44;3246114,46;3043450,79;3228740,74;35325854,33;16/01/2026
1,32105010109020e+24;40538;2025;1;PREFEITURA DO MUNICÍPIO DE SÃO PAULO;Direta;84;Fundo Municipal de Saúde;FMS/SMS;NA;NA;NA;NA;NA;Combate à COVID-19;Combate à COVID-19;1;Receita Corrente;3;2;1;5;0;1;1;A;S;N;S;N;08.1.659.1265;Tesouro Municipal - Recursos Vinculados;N;36000;1610,89;1850,78;2243,98;2923,17;3672,05;3989,32;5208,86;5128,03;5949,71;6841,04;6123,91;7711,83;53253,57;16/01/2026
1,32105010109021e+24;40542;2025;1;PREFEITURA DO MUNICÍPIO DE SÃO PAULO;Direta;96;Fundo Municipal de Turismo;FUTUR;NA;NA;NA;NA;- DRD alterado pela demanda [D21975];Rendimentos de Aplicação Financeira - FUTUR;Rendimentos de Aplicação Financeira - FUTUR;1;Receita Corrente;3;2;1;5;0;1;1;A;S;N;N;N;08.1.759.1282;Tesouro Municipal - Recursos Vinculados;N;0;1940,43;1801,56;1773,92;1970,08;2144,04;2088,52;2473,29;2275,73;2413,08;2548,67;2129,42;2496,72;26055,46;16/01/2026
1,32105010109023e+24;40547;2025;91;Fundo Municipal de Habitação - COHAB;Indireta;91;Fundo Municipal de Habitação;FMH;NA;NA;NA;NA;NA;Outorga Onerosa Lei 13.558/2003 Alterada pela Lei 13.876/2004;Outorga Onerosa Lei 13.558/2003 Alterada pela Lei 13.876/2004;1;Receita Corrente;3;2;1;5;0;1;1;A;S;N;N;S;08.1.759.8011;Tesouro Municipal - Recursos Vinculados;N;360000;0,00;0,00;0,00;0,00;0,00;0,00;0,00;0,00;0,00;0,00;0,00;0,00;0,00;16/01/2026
1,32105010109032e+24;40569;2025;1;PREFEITURA DO MUNICÍPIO DE SÃO PAULO;Direta;29;Secretaria Municipal de Urbanismo e Licenciamento;SMUL;NA;NA;NA;NA;NA;Operação Urbana Centro;Operação Urbana Centro;1;Receita Corrente;3;2;1;5;0;1;1;A;S;N;N;N;08.1.799.0719;Tesouro Municipal - Recursos Vinculados;N;3360000;422322,84;382823,02;376949,10;418632,60;455598,43;443801,51;525177,09;482904,22;512047,23;540821,50;451857,17;503699,72;5516634,43;16/01/2026
1,32105010109043e+24;40604;2025;81;FUNDO MUNICIPAL DE LIMPEZA URBANA;Indireta;81;Fundo Municipal Limpeza Urbana;FMLU;NA;NA;NA;NA;NA;Fundo Municipal de Limpeza Urbana - FMLU;Fundo Municipal de Limpeza Urbana - FMLU;1;Receita Corrente;3;2;1;5;0;1;1;A;S;N;N;N;08.1.759.8006;Tesouro Municipal - Recursos Vinculados;N;2847300;90781,56;177864,81;435250,17;593741,85;951335,61;1574012,69;2094725,80;1855838,85;1715937,38;1539878,38;1063135,11;1262567,71;13355069,92;16/01/2026
1,32105010109044e+24;40608;2025;1;PREFEITURA DO MUNICÍPIO DE SÃO PAULO;Direta;20;Secretaria Municipal de Mobilidade Urbana e Transporte - SMT;SMT;NA;NA;NA;NA;NA;FUNCOR;FUNCOR;1;Receita Corrente;3;2;1;5;0;1;1;A;S;N;N;N;08.1.759.0221;Tesouro Municipal - Recursos Vinculados;N;20100;2278,83;2115,73;2083,27;2313,63;2517,94;2452,74;2904,60;2672,59;2833,89;2993,13;2500,76;2932,13;30599,24;16/01/2026
1,32105010109044e+24;40613;2025;1;PREFEITURA DO MUNICÍPIO DE SÃO PAULO;Direta;20;Secretaria Municipal de Mobilidade Urbana e Transporte - SMT;SMT;NA;NA;NA;NA;- DRD alterado pela demanda [D21975];Cota-Parte da Contribuição de Intervenção no Domínio Econômico;Cota-Parte da Contribuição de Intervenção no Domínio Econômico;1;Receita Corrente;3;2;1;5;0;1;1;A;S;N;N;N;03.1.750.0370;Transferências Estaduais;N;3395172;462105,88;435720,43;429034,86;485624,93;536746,73;522848,60;632815,38;590273,96;625896,68;676377,75;571897,83;625123,32;6594466,35;16/01/2026
1,32105010109047e+24;40624;2025;1;PREFEITURA DO MUNICÍPIO DE SÃO PAULO;Direta;21;Procuradoria Geral do Município - PGM;PGM;NA;NA;NA;NA;NA;PMSP-SMJ/Procuradoria Geral do Município;PMSP-SMJ/Procuradoria Geral do Município;1;Receita Corrente;3;2;1;5;0;1;1;A;S;N;N;N;08.1.799.9002;Tesouro Municipal - Recursos Vinculados;N;120178656;18275740,35;16688192,45;16423954,00;17734507,97;18933685,79;18230405,78;21156654,88;19154177,38;20003500,66;20617837,65;16934464,63;19158125,78;223311247,30;16/01/2026
1,32105010109086e+24;40675;2025;23;FUNDO ESPECIAL DE DESPESAS DO TCMSP;Legislativo;77;Fundo Especial de Despesas do Tribunal de Contas;FTCMSP;NA;NA;NA;NA;NA;Fundo Especial de Despesas TCM/SP - FI;Fundo Especial de Despesas TCM/SP - FI;1;Receita Corrente;3;2;1;5;0;1;1;A;S;N;N;S;08.1.759.8005;Tesouro Municipal - Recursos Vinculados;N;3738000;292820,61;323407,75;348241,02;383545,78;441594,26;559915,61;524841,10;479410,58;460718,72;440329,54;452224,96;329745,02;5036794,95;16/01/2026
1,32105010109088e+24;40682;2025;1;PREFEITURA DO MUNICÍPIO DE SÃO PAULO;Direta;8;Fundo Municipal do Idoso;FMID;NA;NA;NA;NA;NA;Rendimentos de Aplicações Financeiras - FMID;Rendimentos de Aplicações Financeiras - FMID;1;Receita Corrente;3;2;1;5;0;1;1;A;S;N;N;N;08.1.759.1183;Tesouro Municipal - Recursos Vinculados;N;1090944;418802,44;407335,81;391369,27;429614,48;464566,61;447352,60;526344,16;483666,99;519357,25;539927,09;450416,09;539107,94;5617860,73;16/01/2026
1,32105010109089e+24;40688;2025;1;PREFEITURA DO MUNICÍPIO DE SÃO PAULO;Direta;7;Fundo Municipal de Desenvolvimento Social;FMD;NA;NA;NA;NA;NA;Aplicação Financeira em Fundo de Renda Fixa - FMDS;Aplicação Financeira em Fundo de Renda Fixa - FMDS;1;Receita Corrente;3;2;1;5;0;1;1;A;S;N;N;N;08.1.759.1224;Tesouro Municipal - Recursos Vinculados;N;0;2289939,33;592884,67;265269,74;857864,92;562361,47;489962,64;450685,74;803310,99;762318,26;5349876,52;5043937,39;5284893,50;22753305,17;16/01/2026
1,32105010110087e+24;40698;2025;83;COMPANHIA METROPOLITANA DE HABITAÇÃO DE SÃO PAULO;Indireta;83;Companhia Metropolitana de Habitação de São Paulo;COHAB;NA;NA;NA;NA;NA;Rendimentos COHAB;Rendimentos COHAB;1;Receita Corrente;3;2;1;5;0;1;1;A;S;N;N;S;09.1.501.9001;Recursos Próprios da Empresa Dependente;N;7200000;694977,72;529612,95;-521668,51;257607,04;504413,51;651789,10;634987,33;807481,48;846315,27;1942830,03;26929730,41;-23557940,94;9720135,39;16/01/2026
1,32105010110089e+24;40705;2025;30;SÃO PAULO URBANISMO;Indireta;5;São Paulo Urbanismo;SPU;NA;NA;NA;NA;6017.2024/0048432-1;Fundos de Investimentos - SP Urbanismo;Fundos de Investimentos - SP Urbanismo;1;Receita Corrente;3;2;1;5;0;1;1;A;S;N;N;S;09.1.501.9001;Recursos Próprios da Empresa Dependente;N;0;0,00;0,00;0,00;0,00;0,00;0,00;0,00;0,00;0,00;0,00;0,00;0,00;0,00;16/01/2026
1,32105010110091e+24;40715;2025;3;CINEMA E AUDIOVISUAL DE SÃO PAULO;Indireta;15;Cinema e Audiovisual de São Paulo;SPCINE;NA;NA;NA;NA;NA;Fundos de Investimentos - SPCINE;Fundos de Investimentos - SPCINE;1;Receita Corrente;3;2;1;5;0;1;1;A;S;N;N;S;09.1.501.9001;Recursos Próprios da Empresa Dependente;N;6000000;68952,14;9894,65;8367,68;3197,26;742,05;1815,13;2041,53;696,65;181,07;0,00;0,00;5395,14;101283,30;16/01/2026
1,32105010209080e+24;40726;2025;23;FUNDO ESPECIAL DE DESPESAS DO TCMSP;Legislativo;77;Fundo Especial de Despesas do Tribunal de Contas;FTCMSP;NA;NA;NA;NA;NA;Fundo Especial de Despesas TCM/SP - CDB;Fundo Especial de Despesas TCM/SP - CDB;1;Receita Corrente;3;2;1;5;0;1;2;A;S;N;N;N;08.1.759.8005;Tesouro Municipal - Recursos Vinculados;N;1690200;191447,01;193092,50;193736,38;220042,44;245118,78;245447,31;295719,84;279776,21;302268,60;318438,88;270999,88;320888,98;3076976,81;16/01/2026
1,32106010100000e+24;40733;2025;30;SÃO PAULO URBANISMO;Indireta;5;São Paulo Urbanismo;SPU;NA;NA;NA;NA;NA;Juros sobre o Capital Próprio - SP URBANISMO;Juros sobre o Capital Próprio - SP URBANISMO;1;Receita Corrente;3;2;1;6;0;1;1;A;S;N;N;S;09.1.501.9001;Recursos Próprios da Empresa Dependente;N;26004;999,50;0,00;0,00;9174,07;0,00;0,00;3329,76;0,00;0,00;0,00;0,00;0,00;13503,33;16/01/2026
1,32201010100000e+24;40738;2025;1;PREFEITURA DO MUNICÍPIO DE SÃO PAULO;Direta;NA;NA;NA;NA;NA;NA;NA;NA;Dividendos;Dividendos;1;Receita Corrente;3;2;2;1;0;1;1;A;S;N;N;S;00.1.501.9001;Tesouro Municipal;N;1000;0,00;0,00;0,00;0,00;0,00;1924679,77;0,00;2277265,69;2792408,42;2792408,42;1996514,95;1996514,95;13779792,20;16/01/2026
1,32201010100000e+24;40738;2025;4;HOSPITAL DO SERVIDOR PÚBLICO MUNICIPAL;Indireta;2;Hospital do Servidor Público Municipal;HSPM;NA;NA;NA;NA;NA;Dividendos;Dividendos;1;Receita Corrente;3;2;2;1;0;1;1;A;S;N;N;S;06.1.501.9001;Recursos Próprios da Administração Indireta;N;1200;0,00;0,00;0,00;0,00;0,00;0,00;0,00;0,00;0,00;0,00;0,00;0,00;0,00;16/01/2026
1,32201010100000e+24;40738;2025;30;SÃO PAULO URBANISMO;Indireta;5;São Paulo Urbanismo;SPU;NA;NA;NA;NA;NA;Dividendos;Dividendos;1;Receita Corrente;3;2;2;1;0;1;1;A;S;N;N;S;09.1.501.9001;Recursos Próprios da Empresa Dependente;N;0;0,00;0,00;0,00;0,00;0,00;0,00;0,00;17928,55;17928,55;17928,55;17928,55;17928,55;89642,75;16/01/2026
1,32201010100000e+24;40738;2025;83;COMPANHIA METROPOLITANA DE HABITAÇÃO DE SÃO PAULO;Indireta;83;Companhia Metropolitana de Habitação de São Paulo;COHAB;NA;NA;NA;NA;NA;Dividendos;Dividendos;1;Receita Corrente;3;2;2;1;0;1;1;A;S;N;N;S;09.1.501.9001;Recursos Próprios da Empresa Dependente;N;0;0,00;0,00;0,00;0,00;0,28;0,00;0,00;0,00;0,00;0,00;0,00;0,44;0,72;16/01/2026
1,32201010200000e+24;40743;2025;30;SÃO PAULO URBANISMO;Indireta;5;São Paulo Urbanismo;SPU;NA;NA;NA;NA;NA;Dividendos- SP Urbanismo;Dividendos- SP Urbanismo;1;Receita Corrente;3;2;2;1;0;1;2;A;S;N;N;S;09.1.501.9001;Recursos Próprios da Empresa Dependente;N;1000;0,00;0,00;0,00;0,00;0,14;0,00;8037,86;0,00;0,00;1721,41;0,00;4525,35;14284,76;16/01/2026
1,33101010100000e+24;40771;2025;1;PREFEITURA DO MUNICÍPIO DE SÃO PAULO;Direta;NA;NA;NA;NA;NA;NA;NA;NA;Alvarás de Taxis;Alvarás de Taxis;1;Receita Corrente;3;3;1;1;0;1;1;A;S;N;N;S;00.1.501.9001;Tesouro Municipal;N;1000;0,00;3592,40;0,00;0,00;0,00;0,00;0,00;0,00;0,00;0,00;0,00;0,00;3592,40;16/01/2026
1,33101010100000e+24;40773;2025;1;PREFEITURA DO MUNICÍPIO DE SÃO PAULO;Direta;NA;NA;NA;NA;NA;NA;NA;NA;Deduções Alvarás de Taxis;Deduções Alvarás de Taxis;1;Receita Corrente;3;3;1;1;0;1;1;A;S;N;N;S;00.1.501.9001;Tesouro Municipal;S;0;0,00;-3592,40;0,00;0,00;0,00;0,00;0,00;0,00;0,00;0,00;0,00;0,00;-3592,40;16/01/2026
1,33101010200000e+24;40776;2025;1;PREFEITURA DO MUNICÍPIO DE SÃO PAULO;Direta;NA;NA;NA;NA;NA;NA;NA;NA;Crédito de Quilômetros;Crédito de Quilômetros;1;Receita Corrente;3;3;1;1;0;1;2;A;S;N;N;S;00.1.501.9001;Tesouro Municipal;N;1000;0,00;0,00;0,00;0,00;0,00;0,00;0,00;0,00;0,00;0,00;0,00;0,00;0,00;16/01/2026
1,33101020200000e+24;40787;2025;1;PREFEITURA DO MUNICÍPIO DE SÃO PAULO;Direta;NA;NA;NA;NA;NA;NA;NA;NA;Multas e Juros - Crédito de Quilômetros;Multas e Juros - Crédito de Quilômetros;1;Receita Corrente;3;3;1;1;0;2;2;A;S;N;N;S;00.1.501.9001;Tesouro Municipal;N;12511;0,00;0,00;0,00;0,00;0,00;0,00;0,00;0,00;0,00;0,00;0,00;0,00;0,00;16/01/2026
1,33999010100000e+24;40796;2025;1;PREFEITURA DO MUNICÍPIO DE SÃO PAULO;Direta;7;Fundo Municipal de Desenvolvimento Social;FMD;NA;NA;NA;NA;NA;Outorgas Provenientes de Concessões - FMD;Outorgas Provenientes de Concessões - FMD;1;Receita Corrente;3;3;9;99;0;1;1;A;S;N;N;S;08.1.759.1224;Tesouro Municipal - Recursos Vinculados;N;106060339;9189412,53;9605425,63;14328689,32;8252762,89;10514611,14;8677919,01;10155723,56;11031044,11;7983875,67;8181467,27;17102137,65;6598963,96;121622032,70;16/01/2026
1,33999010202000e+24;40805;2025;1;PREFEITURA DO MUNICÍPIO DE SÃO PAULO;Direta;NA;NA;NA;NA;NA;NA;NA;NA;Compartilhamento de Patinetes Elétricas- OTM;Compartilhamento de Patinetes Elétricas- OTM;1;Receita Corrente;3;3;9;99;0;1;2;A;S;N;N;S;00.1.501.9001;Tesouro Municipal;N;0;23730,00;53850,00;26400,00;53850,00;0,00;62664,28;99173,62;51515,40;94444,08;50463,56;50669,50;44457,16;611217,60;16/01/2026
1,33999020202000e+24;40816;2025;1;PREFEITURA DO MUNICÍPIO DE SÃO PAULO;Direta;NA;NA;NA;NA;NA;NA;NA;NA;Multas e Juros- Compartilhamento de Patinetes Elétricas- OTM;Multas e Juros- Compartilhamento de Patinetes Elétricas- OTM;1;Receita Corrente;3;3;9;99;0;2;2;A;S;N;N;S;00.1.501.9001;Tesouro Municipal;N;0;0,00;0,00;0,00;0,00;0,00;0,00;7385,59;170,00;4525,38;0,00;861,87;388,13;13330,97;16/01/2026
1,34901010100000e+24;40823;2025;1;PREFEITURA DO MUNICÍPIO DE SÃO PAULO;Direta;94;Fundo Especial do Meio Ambiente e Desenvolvimento Sustentável;FEMA;NA;NA;NA;NA;NA;Compensações Ambientais - FEMA;Compensações Ambientais - FEMA;1;Receita Corrente;3;4;9;1;0;1;1;A;S;N;N;S;08.1.759.0081;Tesouro Municipal - Recursos Vinculados;N;13548696;969735,60;1132167,79;879693,54;1482045,33;1641447,31;3572028,17;2801789,78;3294073,00;2284058,78;3030410,95;2265227,15;2767859,44;26120536,84;16/01/2026
1,34901020100000e+24;40829;2025;1;PREFEITURA DO MUNICÍPIO DE SÃO PAULO;Direta;94;Fundo Especial do Meio Ambiente e Desenvolvimento Sustentável;FEMA;NA;NA;NA;NA;NA;Multas e Juros - Compensações Ambientais - FEMA;Multas e Juros - Compensações Ambientais - FEMA;1;Receita Corrente;3;4;9;1;0;2;1;A;S;N;N;N;08.1.759.0081;Tesouro Municipal - Recursos Vinculados;N;1000;0,00;0,00;0,00;0,00;0,00;0,00;0,00;0,00;0,00;0,00;0,00;0,00;0,00;16/01/2026
1,36101110100000e+24;40842;2025;1;PREFEITURA DO MUNICÍPIO DE SÃO PAULO;Direta;NA;NA;NA;NA;NA;NA;NA;NA;Cessão do Direito de Operacionalização da Folha de Pagamento de Pessoal;Cessão do Direito de Operacionalização Folha Pagamento Pessoal FECAM;1;Receita Corrente;3;6;1;1;1;1;1;A;S;N;N;N;00.1.501.9001;Tesouro Municipal;N;570000000;0,00;0,00;0,00;0,00;0,00;0,00;0,00;0,00;0,00;0,00;570540960,00;0,00;570540960,00;16/01/2026
1,39999010101001e+24;40857;2025;1;PREFEITURA DO MUNICÍPIO DE SÃO PAULO;Direta;NA;NA;NA;NA;NA;NA;NA;NA;Remunerações Diversas;Remunerações Diversas;1;Receita Corrente;3;9;9;99;0;1;1;A;S;N;N;S;00.1.501.9001;Tesouro Municipal;N;66604;70,24;1290,51;5249,14;1459,83;2742,02;3598,17;2896,56;1155,03;6729,64;2,66;16,26;107,17;25317,23;16/01/2026
1,61101010300000e+24;40884;2025;5;INSTITUTO DE PREVIDÊNCIA MUNICIPAL DE SÃO PAULO;Indireta;3;Instituto de Previdência Municipal de São Paulo;IPREM;NA;NA;NA;NA;NA;Serviços Administrativos;Serviços Administrativos;1;Receita Corrente;6;1;1;1;0;1;3;A;S;N;N;S;00.1.501.9001;Tesouro Municipal;N;18480;0,00;0,00;0,00;0,00;0,00;0,00;0,00;0,00;0,00;0,00;0,00;0,00;0,00;16/01/2026
1,61101010300000e+24;40884;2025;22;Fundo Especial de Despesas da Câmara;Legislativo;76;Fundo Especial de Despesas da Câmara Municipal de São Paulo;FECAM;NA;NA;NA;NA;NA;Serviços Administrativos;Serviços Administrativos;1;Receita Corrente;6;1;1;1;0;1;3;A;S;N;N;S;08.1.759.8004;Tesouro Municipal - Recursos Vinculados;N;3120;276,79;429,74;327,51;282,22;419,26;259,67;977,95;727,43;537,11;298,10;393,26;345,68;5274,72;16/01/2026
1,61101010300000e+24;40884;2025;7;AGÊNCIA REG. DE SERV. PÚBLICOS DE SÃO PAULO;Indireta;33;Agência Reg. de Serv. Públicos do Mun de São Paulo;SPREGULA;NA;NA;NA;NA;NA;Serviços Administrativos;Serviços Administrativos;1;Receita Corrente;6;1;1;1;0;1;3;A;S;N;N;S;06.1.501.9001;Recursos Próprios da Administração Indireta;N;0;820,80;0,00;501,90;0,00;420,50;312,60;254,80;0,00;231,20;399,30;0,00;2317,30;5258,40;16/01/2026
1,61101010300000e+24;40886;2025;7;AGÊNCIA REG. DE SERV. PÚBLICOS DE SÃO PAULO;Indireta;33;Agência Reg. de Serv. Públicos do Mun de São Paulo;SPREGULA;NA;NA;NA;NA;NA;Deduções Serviços Administrativos;Deduções Serviços Administrativos;1;Receita Corrente;6;1;1;1;0;1;3;A;S;N;N;N;06.1.501.9001;Recursos Próprios da Administração Indireta;S;0;0,00;0,00;0,00;0,00;0,00;0,00;0,00;0,00;0,00;0,00;0,00;-78,90;-78,90;16/01/2026
1,61101010400000e+24;40889;2025;22;Fundo Especial de Despesas da Câmara;Legislativo;76;Fundo Especial de Despesas da Câmara Municipal de São Paulo;FECAM;NA;NA;NA;NA;NA;Serviços de Fotocópias ou Cópias Heliográficas;Serviços de Fotocópias ou Cópias Heliográficas;1;Receita Corrente;6;1;1;1;0;1;4;A;S;N;N;S;08.1.759.8004;Tesouro Municipal - Recursos Vinculados;N;1000;0,00;22,80;85,70;25,29;0,90;21,60;13,80;0,00;47,40;0,00;10,80;25,50;253,79;16/01/2026
1,61101010400000e+24;40889;2025;23;FUNDO ESPECIAL DE DESPESAS DO TCMSP;Legislativo;77;Fundo Especial de Despesas do Tribunal de Contas;FTCMSP;NA;NA;NA;NA;NA;Serviços de Fotocópias ou Cópias Heliográficas;Serviços de Fotocópias ou Cópias Heliográficas;1;Receita Corrente;6;1;1;1;0;1;4;A;S;N;N;S;08.1.759.8005;Tesouro Municipal - Recursos Vinculados;N;3000;0,00;0,00;0,00;0,00;0,00;0,00;0,00;0,00;0,00;0,00;0,00;0,00;0,00;16/01/2026
1,61101010400000e+24;40889;2025;4;HOSPITAL DO SERVIDOR PÚBLICO MUNICIPAL;Indireta;2;Hospital do Servidor Público Municipal;HSPM;NA;NA;NA;NA;NA;Serviços de Fotocópias ou Cópias Heliográficas;Serviços de Fotocópias ou Cópias Heliográficas;1;Receita Corrente;6;1;1;1;0;1;4;A;S;N;N;S;06.1.501.9001;Recursos Próprios da Administração Indireta;N;1200;0,00;0,00;4,80;4,80;9,30;0,00;0,00;0,00;12,60;5,40;0,60;0,00;37,50;16/01/2026
1,61101010400000e+24;40889;2025;1;PREFEITURA DO MUNICÍPIO DE SÃO PAULO;Direta;NA;NA;NA;NA;NA;NA;NA;NA;Serviços de Fotocópias ou Cópias Heliográficas;Serviços de Fotocópias ou Cópias Heliográficas;1;Receita Corrente;6;1;1;1;0;1;4;A;S;N;N;S;00.1.501.9001;Tesouro Municipal;N;50162;2866,20;3635,50;3708,70;3785,70;4502,10;4284,40;5194,60;4851,90;5191,42;5181,87;5895,35;4276,50;53374,24;16/01/2026
1,61101010400000e+24;40889;2025;5;INSTITUTO DE PREVIDÊNCIA MUNICIPAL DE SÃO PAULO;Indireta;3;Instituto de Previdência Municipal de São Paulo;IPREM;NA;NA;NA;NA;NA;Serviços de Fotocópias ou Cópias Heliográficas;Serviços de Fotocópias ou Cópias Heliográficas;1;Receita Corrente;6;1;1;1;0;1;4;A;S;N;N;S;00.1.501.9001;Tesouro Municipal;N;1008;0,00;0,00;0,00;0,00;0,00;0,00;0,00;0,00;0,00;0,00;0,00;0,00;0,00;16/01/2026
1,61101010500000e+24;40894;2025;23;FUNDO ESPECIAL DE DESPESAS DO TCMSP;Legislativo;77;Fundo Especial de Despesas do Tribunal de Contas;FTCMSP;NA;NA;NA;NA;NA;Outros Serviços Administrativos;Outros Serviços Administrativos;1;Receita Corrente;6;1;1;1;0;1;5;A;S;N;N;S;08.1.759.8005;Tesouro Municipal - Recursos Vinculados;N;3000;359,20;73,00;75,20;335,80;284,00;330,00;235,80;116,80;279,60;233,60;446,80;252,60;3022,40;16/01/2026
1,61101010500000e+24;40894;2025;8;FUNDO PREVIDENCIÁRIO - FUNPREV;Indireta;3;Fundo Previdenciário - FUNPREV;FUNPREV;NA;NA;NA;NA;NA;Outros Serviços Administrativos;Outros Serviços Administrativos;1;Receita Corrente;6;1;1;1;0;1;5;A;S;N;N;S;20.1.800.9001;Recursos Vinculados à Previdência Social;N;651504;0,00;0,00;0,00;0,00;0,00;0,00;0,00;0,00;0,00;0,00;0,00;0,00;0,00;16/01/2026
1,61101010500000e+24;40894;2025;4;HOSPITAL DO SERVIDOR PÚBLICO MUNICIPAL;Indireta;2;Hospital do Servidor Público Municipal;HSPM;NA;NA;NA;NA;NA;Outros Serviços Administrativos;Outros Serviços Administrativos;1;Receita Corrente;6;1;1;1;0;1;5;A;S;N;N;S;06.1.501.9001;Recursos Próprios da Administração Indireta;N;320004;27341,78;27810,70;28103,20;28357,36;28395,45;28902,96;29290,26;29849,37;29481,03;27204,66;28460,51;32001,33;345198,61;16/01/2026
1,61101010500000e+24;40894;2025;83;COMPANHIA METROPOLITANA DE HABITAÇÃO DE SÃO PAULO;Indireta;83;Companhia Metropolitana de Habitação de São Paulo;COHAB;NA;NA;NA;NA;NA;Outros Serviços Administrativos;Outros Serviços Administrativos;1;Receita Corrente;6;1;1;1;0;1;5;A;S;N;N;S;09.1.501.9001;Recursos Próprios da Empresa Dependente;N;15000;437,12;722,36;2550,56;33716,05;2397,81;2059,54;11766,13;6632,70;3379,20;118101,85;5256,88;224428,95;411449,15;16/01/2026
1,61101010500000e+24;40894;2025;5;INSTITUTO DE PREVIDÊNCIA MUNICIPAL DE SÃO PAULO;Indireta;3;Instituto de Previdência Municipal de São Paulo;IPREM;NA;NA;NA;NA;NA;Outros Serviços Administrativos;Outros Serviços Administrativos;1;Receita Corrente;6;1;1;1;0;1;5;A;S;N;N;S;00.1.501.9001;Tesouro Municipal;N;1550004;1662,64;113374,35;112154,34;116352,18;119476,75;120568,23;121458,71;123434,65;125080,21;126038,91;119843,96;249575,37;1449020,30;16/01/2026
1,61101010500000e+24;40894;2025;9;FUNDO FINANCEIRO - FUNFIN;Indireta;3;Fundo Financeiro - FUNFIN;FUNFIN;NA;NA;NA;NA;NA;Outros Serviços Administrativos;Outros Serviços Administrativos;1;Receita Corrente;6;1;1;1;0;1;5;A;S;N;N;S;20.1.801.9001;Recursos Vinculados à Previdência Social;N;7649251;0,00;0,00;0,00;0,00;0,00;0,00;0,00;0,00;0,00;0,00;0,00;0,00;0,00;16/01/2026
1,61101010600000e+24;40899;2025;1;PREFEITURA DO MUNICÍPIO DE SÃO PAULO;Direta;NA;NA;NA;NA;NA;NA;NA;NA;Serviços de Expedientes;Serviços de Expedientes;1;Receita Corrente;6;1;1;1;0;1;6;A;S;N;N;S;00.1.501.9001;Tesouro Municipal;N;569483;29161,10;23631,25;38498,41;41867,35;40877,30;29931,80;41541,98;41079,80;37992,04;39482,90;33661,91;50486,96;448212,80;16/01/2026
1,61101010600000e+24;40901;2025;1;PREFEITURA DO MUNICÍPIO DE SÃO PAULO;Direta;NA;NA;NA;NA;NA;NA;NA;NA;Deduções Serviços de Expedientes;Deduções Serviços de Expedientes;1;Receita Corrente;6;1;1;1;0;1;6;A;S;N;N;S;00.1.501.9001;Tesouro Municipal;S;0;0,00;0,00;0,00;-94,30;0,00;0,00;0,00;0,00;0,00;0,00;0,00;0,00;-94,30;16/01/2026
1,61101010900000e+24;40909;2025;1;PREFEITURA DO MUNICÍPIO DE SÃO PAULO;Direta;NA;NA;NA;NA;NA;NA;NA;NA;Remoção e Estadia - DSV;Remoção e Estadia - DSV;1;Receita Corrente;6;1;1;1;0;1;9;A;S;N;N;S;00.1.501.9001;Tesouro Municipal;N;550008;0,00;0,00;0,00;0,00;0,00;0,00;0,00;0,00;0,00;0,00;0,00;0,00;0,00;16/01/2026
1,61101011100000e+24;40919;2025;1;PREFEITURA DO MUNICÍPIO DE SÃO PAULO;Direta;NA;NA;NA;NA;NA;NA;NA;NA;Autuação de Processos - DEA;Autuação de Processos - DEA;1;Receita Corrente;6;1;1;1;0;1;11;A;S;N;N;S;00.1.501.9001;Tesouro Municipal;N;1480995;85134,99;119809,61;107569,34;336495,48;130156,74;99065,73;112437,73;123400,30;117535,86;114998,68;96753,01;86266,34;1529623,81;16/01/2026
1,61101011100000e+24;40921;2025;1;PREFEITURA DO MUNICÍPIO DE SÃO PAULO;Direta;NA;NA;NA;NA;NA;NA;NA;NA;Deduções Autuação de Processos - DEA;Deduções Autuação de Processos - DEA;1;Receita Corrente;6;1;1;1;0;1;11;A;S;N;N;S;00.1.501.9001;Tesouro Municipal;S;0;-81,50;-27,60;-70,90;-50,73;-830,20;-578,00;-28,90;-51,20;-89,20;0,00;-28,90;-175,60;-2012,73;16/01/2026
1,61101011400000e+24;40929;2025;1;PREFEITURA DO MUNICÍPIO DE SÃO PAULO;Direta;NA;NA;NA;NA;NA;NA;NA;NA;Desinterdição, Fiscalização e Vistoria - DECONT;Desinterdição, Fiscalização e Vistoria - DECONT;1;Receita Corrente;6;1;1;1;0;1;14;A;S;N;N;S;00.1.501.9001;Tesouro Municipal;N;1000;0,00;0,00;0,00;0,00;0,00;0,00;0,00;0,00;0,00;0,00;0,00;0,00;0,00;16/01/2026
1,61101011600000e+24;40939;2025;1;PREFEITURA DO MUNICÍPIO DE SÃO PAULO;Direta;NA;NA;NA;NA;NA;NA;NA;NA;Serviços de Transporte do DTP;Serviços de Transporte do DTP;1;Receita Corrente;6;1;1;1;0;1;16;A;S;N;N;S;00.1.501.9001;Tesouro Municipal;N;29599584;2141235,87;2274842,51;2076823,94;2218707,57;1871977,93;1790172,35;1953793,41;1759557,46;1873006,25;1940031,76;1687089,37;1241877,84;22829116,26;16/01/2026
1,61101011600000e+24;40941;2025;1;PREFEITURA DO MUNICÍPIO DE SÃO PAULO;Direta;NA;NA;NA;NA;NA;NA;NA;NA;Deduções Serviços de Transporte do DTP;Deduções Serviços de Transporte do DTP;1;Receita Corrente;6;1;1;1;0;1;16;A;S;N;N;S;00.1.501.9001;Tesouro Municipal;S;0;-1062,40;-1555,40;-842,50;-256,20;-6215,19;-5694,01;-997,90;-2915,69;-4108,66;-3156,80;-1691,88;-2732,30;-31228,93;16/01/2026
1,61101011800000e+24;40949;2025;1;PREFEITURA DO MUNICÍPIO DE SÃO PAULO;Direta;NA;NA;NA;NA;NA;NA;NA;NA;Termo de Permissão de Uso - TPU;Termo de Permissão de Uso - TPU;1;Receita Corrente;6;1;1;1;0;1;18;A;S;N;N;S;00.1.501.9001;Tesouro Municipal;N;9000000;771126,89;606125,64;4306845,28;2992934,19;2822483,35;3767296,60;3321327,20;2699098,09;4104613,28;2914124,74;2502326,76;3717468,68;34525770,70;16/01/2026
1,61101011800000e+24;40951;2025;1;PREFEITURA DO MUNICÍPIO DE SÃO PAULO;Direta;NA;NA;NA;NA;NA;NA;NA;NA;Deduções Termo de Permissão de Uso - TPU;Deduções Termo de Permissão de Uso - TPU;1;Receita Corrente;6;1;1;1;0;1;18;A;S;N;N;S;00.1.501.9001;Tesouro Municipal;S;0;-2820,74;-861,45;0,00;-4768,99;0,00;-6762,40;-2201,78;-31532,25;-5961,69;-2966,15;-24663,39;0,00;-82538,84;16/01/2026
1,61101011900000e+24;40954;2025;1;PREFEITURA DO MUNICÍPIO DE SÃO PAULO;Direta;NA;NA;NA;NA;NA;NA;NA;NA;Licença Especial de Trânsito de Produtos Perigosos - SMT;Licença Especial de Trânsito de Produtos Perigosos - SMT;1;Receita Corrente;6;1;1;1;0;1;19;A;S;N;N;S;00.1.501.9001;Tesouro Municipal;N;835152;93652,60;78927,40;83903,60;75312,00;79348,00;63447,20;75964,40;73360,20;112043,80;98451,00;51533,00;82886,60;968829,80;16/01/2026
1,61101012000000e+24;40959;2025;1;PREFEITURA DO MUNICÍPIO DE SÃO PAULO;Direta;NA;NA;NA;NA;NA;NA;NA;NA;Cadastramento de Ambulantes;Cadastramento de Ambulantes;1;Receita Corrente;6;1;1;1;0;1;20;A;S;N;N;S;00.1.501.9001;Tesouro Municipal;N;4558;516,00;1032,00;903,00;1419,00;774,00;645,00;258,00;129,00;129,00;0,00;258,00;645,00;6708,00;16/01/2026
1,61101012100000e+24;40964;2025;1;PREFEITURA DO MUNICÍPIO DE SÃO PAULO;Direta;NA;NA;NA;NA;NA;NA;NA;NA;Termo de Permissão de Uso - CONVIAS;Termo de Permissão de Uso - CONVIAS;1;Receita Corrente;6;1;1;1;0;1;21;A;S;N;N;S;00.1.501.9001;Tesouro Municipal;N;972128;44980,60;102856,00;48418,00;102082,00;123410,00;76712,00;106554,00;93310,00;71638,00;86344,00;75938,00;74648,00;1006890,60;16/01/2026
1,61101012200000e+24;40969;2025;1;PREFEITURA DO MUNICÍPIO DE SÃO PAULO;Direta;NA;NA;NA;NA;NA;NA;NA;NA;Aprovação de Projetos - CONVIAS;Aprovação de Projetos - CONVIAS;1;Receita Corrente;6;1;1;1;0;1;22;A;S;N;N;S;00.1.501.9001;Tesouro Municipal;N;933518;65364,00;105324,00;106932,00;132660,00;100500,00;80400,00;99696,00;102912,00;98892,00;118992,00;108540,00;79596,00;1199808,00;16/01/2026
1,61101012400000e+24;40979;2025;1;PREFEITURA DO MUNICÍPIO DE SÃO PAULO;Direta;NA;NA;NA;NA;NA;NA;NA;NA;Serviços de Venda de Editais;Serviços de Venda de Editais;1;Receita Corrente;6;1;1;1;0;1;24;A;S;N;N;S;00.1.501.9001;Tesouro Municipal;N;0;0,00;420,00;0,00;0,00;0,00;0,00;0,00;0,00;0,00;0,00;0,00;0,00;420,00;16/01/2026
1,61101012700000e+24;40994;2025;85;FUNDAÇÃO THEATRO MUNICIPAL DE SÃO PAULO;Indireta;85;Fundação Theatro Municipal de São Paulo;FTMSP;NA;NA;NA;NA;NA;Serviços Recreativos e Culturais - FTMSP;Serviços Recreativos e Culturais - FTMSP;1;Receita Corrente;6;1;1;1;0;1;27;A;S;N;N;S;06.1.501.9001;Recursos Próprios da Administração Indireta;N;4000;0,00;0,00;0,00;0,00;0,00;0,00;0,00;0,00;0,00;0,00;0,00;0,00;0,00;16/01/2026
1,61101012800000e+24;40999;2025;83;COMPANHIA METROPOLITANA DE HABITAÇÃO DE SÃO PAULO;Indireta;83;Companhia Metropolitana de Habitação de São Paulo;COHAB;NA;NA;NA;NA;NA;Remuneração de Serviços Prestados - COHAB - SPDA/RCB;Remuneração de Serviços Prestados - COHAB - SPDA/RCB;1;Receita Corrente;6;1;1;1;0;1;28;A;S;N;N;S;09.1.501.9001;Recursos Próprios da Empresa Dependente;N;888000;54657,33;54481,16;54785,58;54634,36;54631,55;54630,50;54631,72;2135934,69;54628,25;54613,97;54586,35;57138,59;2739354,05;16/01/2026
1,61101012900000e+24;41004;2025;83;COMPANHIA METROPOLITANA DE HABITAÇÃO DE SÃO PAULO;Indireta;83;Companhia Metropolitana de Habitação de São Paulo;COHAB;NA;NA;NA;NA;NA;Remuneração de Serviços Prestados - COHAB - CDHU;Remuneração de Serviços Prestados - COHAB - CDHU;1;Receita Corrente;6;1;1;1;0;1;29;A;S;N;N;S;09.1.501.9001;Recursos Próprios da Empresa Dependente;N;7000;628,13;453,90;456,18;457,79;460,10;462,38;464,68;624,65;631,04;619,17;577,93;577,63;6413,58;16/01/2026
1,61101013100000e+24;41014;2025;23;FUNDO ESPECIAL DE DESPESAS DO TCMSP;Legislativo;77;Fundo Especial de Despesas do Tribunal de Contas;FTCMSP;NA;NA;NA;NA;NA;Taxas Remuneratórias - Consignações - FED/TCM;Taxas Remuneratórias - Consignações - FED/TCM;1;Receita Corrente;6;1;1;1;0;1;31;A;S;N;N;S;08.1.759.8005;Tesouro Municipal - Recursos Vinculados;N;288000;28490,23;28406,67;28992,08;28286,28;28824,23;28577,90;29506,91;29360,28;29798,63;30881,24;31197,16;32044,30;354365,91;16/01/2026
1,61101013200000e+24;41017;2025;1;PREFEITURA DO MUNICÍPIO DE SÃO PAULO;Direta;NA;NA;NA;NA;NA;NA;NA;NA;Consignações Facultativas - Artigo 25 do Decreto 58.890/2019;Consignações Facultativas - Artigo 25 do Decreto 58.890/2019;1;Receita Corrente;6;1;1;1;0;1;32;A;S;N;N;S;00.1.501.9001;Tesouro Municipal;N;29189374;2523697,47;4167895,75;4171810,95;6897152,17;4337481,25;4372147,88;4404161,15;4393193,51;4485782,03;1808893,79;4366582,21;6362463,22;52291261,38;16/01/2026
1,61101013300000e+24;41020;2025;1;PREFEITURA DO MUNICÍPIO DE SÃO PAULO;Direta;NA;NA;NA;NA;NA;NA;NA;NA;Autuação de Processo Eletrônico-SEI;Autuação de Processo Eletrônico-SEI;1;Receita Corrente;6;1;1;1;0;1;33;A;S;N;N;S;00.1.501.9001;Tesouro Municipal;N;545895;37442,93;33504,08;38360,07;42537,42;40837,15;46110,43;52113,16;44673,85;52618,49;56849,48;47505,86;101172,25;593725,17;16/01/2026
1,61101013300000e+24;41022;2025;1;PREFEITURA DO MUNICÍPIO DE SÃO PAULO;Direta;NA;NA;NA;NA;NA;NA;NA;NA;Deduções Autuação de Processo Eletrônico-SEI;Deduções Autuação de Processo Eletrônico-SEI;1;Receita Corrente;6;1;1;1;0;1;33;A;S;N;N;S;00.1.501.9001;Tesouro Municipal;S;0;-55,20;-55,20;0,00;-76,00;-28,90;-27,60;-53,22;-22,30;-28,90;-69,30;-55,70;0,00;-472,32;16/01/2026
1,61101013500000e+24;41028;2025;1;PREFEITURA DO MUNICÍPIO DE SÃO PAULO;Direta;94;Fundo Especial do Meio Ambiente e Desenvolvimento Sustentável;FEMA;NA;NA;NA;NA;NA;Bilheteria dos Planetários do Carmo e Ibirapuera;Bilheteria dos Planetários do Carmo e Ibirapuera;1;Receita Corrente;6;1;1;1;0;1;35;A;S;N;N;S;08.1.759.0081;Tesouro Municipal - Recursos Vinculados;N;180000;0,00;0,00;0,00;0,00;0,00;0,00;0,00;0,00;0,00;0,00;0,00;0,00;0,00;16/01/2026
1,61101013600000e+24;41031;2025;3;CINEMA E AUDIOVISUAL DE SÃO PAULO;Indireta;15;Cinema e Audiovisual de São Paulo;SPCINE;NA;NA;NA;NA;NA;Bilheteria das Salas de Cinema - SPCINE;Bilheteria das Salas de Cinema - SPCINE;1;Receita Corrente;6;1;1;1;0;1;36;A;S;N;N;S;09.1.501.9001;Recursos Próprios da Empresa Dependente;N;65000;60,00;7414,00;5474,00;5476,00;6496,00;4948,00;4542,00;5224,00;3956,00;6710,00;6394,00;1252,00;57946,00;16/01/2026
1,61101013700000e+24;41034;2025;3;CINEMA E AUDIOVISUAL DE SÃO PAULO;Indireta;15;Cinema e Audiovisual de São Paulo;SPCINE;NA;NA;NA;NA;NA;Receita Prestação de Serviços Film Commission - SPCINE;Receita Prestação de Serviços Film Commission - SPCINE;1;Receita Corrente;6;1;1;1;0;1;37;A;S;N;N;S;09.1.501.9001;Recursos Próprios da Empresa Dependente;N;500000;34050,00;15510,00;49470,00;36195,00;35805,00;29046,44;42480,00;49065,00;32655,00;36750,00;18567,48;46244,61;425838,53;16/01/2026
1,61101013800000e+24;41037;2025;3;CINEMA E AUDIOVISUAL DE SÃO PAULO;Indireta;15;Cinema e Audiovisual de São Paulo;SPCINE;NA;NA;NA;NA;NA;Receitas Oriundas de Editais - SPCINE;Receitas Oriundas de Editais - SPCINE;1;Receita Corrente;6;1;1;1;0;1;38;A;S;N;N;S;09.1.501.9001;Recursos Próprios da Empresa Dependente;N;300000;29371,47;139995,09;1371,08;7935,65;1349,09;34112,65;3103,18;265,78;317449,66;30799,59;812,03;122361,81;688927,08;16/01/2026
1,61101021800000e+24;41091;2025;1;PREFEITURA DO MUNICÍPIO DE SÃO PAULO;Direta;NA;NA;NA;NA;NA;NA;NA;NA;Multas e Juros - Termo de Permissão de Uso - TPU;Multas e Juros - Termo de Permissão de Uso - TPU;1;Receita Corrente;6;1;1;1;0;2;18;A;S;N;N;S;00.1.501.9001;Tesouro Municipal;N;2740186;57203,71;63023,79;43187,75;39618,21;67365,61;79199,70;89737,35;86441,65;88539,12;62221,42;74139,09;79335,90;830013,30;16/01/2026
1,61101030900000e+24;41136;2025;1;PREFEITURA DO MUNICÍPIO DE SÃO PAULO;Direta;NA;NA;NA;NA;NA;NA;NA;NA;Remoção e Estadia - DSV - Dívida Ativa;Remoção e Estadia - DSV - Dívida Ativa;1;Receita Corrente;6;1;1;1;0;3;9;A;S;N;N;S;00.1.501.9001;Tesouro Municipal;N;39024;11338,17;31774,98;28241,76;14462,49;45765,95;23953,46;51133,20;14249,94;23673,13;25059,63;23492,08;14880,39;308025,18;16/01/2026
1,61101040900000e+24;41143;2025;1;PREFEITURA DO MUNICÍPIO DE SÃO PAULO;Direta;NA;NA;NA;NA;NA;NA;NA;NA;Remoção e Estadia - DSV - Dívida Ativa - Multas se Juros;Remoção e Estadia - DSV - Dívida Ativa - Multas se Juros;1;Receita Corrente;6;1;1;1;0;4;9;A;S;N;N;S;00.1.501.9001;Tesouro Municipal;N;41220;4855,87;11271,19;8760,20;6710,75;16184,56;7880,46;14971,62;6000,96;9644,84;9620,26;9630,66;7172,08;112703,45;16/01/2026
1,61102010100000e+24;41151;2025;1;PREFEITURA DO MUNICÍPIO DE SÃO PAULO;Direta;NA;NA;NA;NA;NA;NA;NA;NA;Serviços de Inscrição em Concursos Públicos e Processos Seletivos;Serviços de Inscrição em Concursos Públicos e Processos Seletivos;1;Receita Corrente;6;1;1;2;0;1;1;A;S;N;N;S;00.1.501.9001;Tesouro Municipal;N;1000;14490,00;0,00;0,00;0,00;0,00;0,00;0,00;0,00;0,00;6739,86;0,00;0,00;21229,86;16/01/2026
1,61103010200000e+24;41164;2025;1;PREFEITURA DO MUNICÍPIO DE SÃO PAULO;Direta;NA;NA;NA;NA;NA;NA;NA;NA;Serviço de Inspeção e Fiscalização;Serviço de Inspeção e Fiscalização;1;Receita Corrente;6;1;1;3;0;1;2;A;S;N;N;S;00.1.501.9001;Tesouro Municipal;N;10407592;102963,08;923085,40;953178,72;639275,11;586956,47;1004245,61;608528,89;982837,99;716548,43;1057440,11;1108892,54;1148523,47;9832475,82;16/01/2026
1,61103010200000e+24;41166;2025;1;PREFEITURA DO MUNICÍPIO DE SÃO PAULO;Direta;NA;NA;NA;NA;NA;NA;NA;NA;Deduções Serviço de Inspeção e Fiscalização;Deduções Serviço de Inspeção e Fiscalização;1;Receita Corrente;6;1;1;3;0;1;2;A;S;N;N;S;00.1.501.9001;Tesouro Municipal;S;0;-4256,89;0,00;0,00;0,00;0,00;0,00;0,00;0,00;0,00;0,00;-18140,77;0,00;-22397,66;16/01/2026
1,61103010300000e+24;41169;2025;1;PREFEITURA DO MUNICÍPIO DE SÃO PAULO;Direta;NA;NA;NA;NA;NA;NA;NA;NA;Serviços de Expedição de Certificados;Serviços de Expedição de Certificados;1;Receita Corrente;6;1;1;3;0;1;3;A;S;N;N;S;00.1.501.9001;Tesouro Municipal;N;1980000;147033,79;138511,29;138629,86;166674,49;137695,66;162927,89;145146,91;170771,40;173808,80;179582,29;137171,17;133597,78;1831551,33;16/01/2026
1,61103010300000e+24;41171;2025;1;PREFEITURA DO MUNICÍPIO DE SÃO PAULO;Direta;NA;NA;NA;NA;NA;NA;NA;NA;Deduções Serviços de Expedição de Certificados;Deduções Serviços de Expedição de Certificados;1;Receita Corrente;6;1;1;3;0;1;3;A;S;N;N;S;00.1.501.9001;Tesouro Municipal;S;0;-196,40;-21,90;-46,80;-115,80;-144,80;-17,70;0,00;-225,30;0,00;-13,40;0,00;-22,90;-805,00;16/01/2026
1,61103020300000e+24;41180;2025;1;PREFEITURA DO MUNICÍPIO DE SÃO PAULO;Direta;NA;NA;NA;NA;NA;NA;NA;NA;Multas e Juros - Serviços de Expedição de Certificados;Multas e Juros - Serviços de Expedição de Certificados;1;Receita Corrente;6;1;1;3;0;2;3;A;S;N;N;N;00.1.501.9001;Tesouro Municipal;N;30000;273,00;188,46;45,41;109,79;132,97;14,37;28,67;330,89;10,42;488,27;87,38;205,10;1914,73;16/01/2026
1,64101010400000e+24;41233;2025;8;FUNDO PREVIDENCIÁRIO - FUNPREV;Indireta;3;Fundo Previdenciário - FUNPREV;FUNPREV;NA;NA;NA;NA;NA;Juros de Empréstimos Hipotecários Resolução 546/96;Juros de Empréstimos Hipotecários Resolução 546/96;1;Receita Corrente;6;4;1;1;0;1;4;A;S;N;N;S;20.1.800.9001;Recursos Vinculados à Previdência Social;N;1000;0,00;0,00;0,00;27,49;0,00;0,00;0,00;0,00;0,00;0,00;0,00;0,00;27,49;16/01/2026
1,69999010100000e+24;41242;2025;1;PREFEITURA DO MUNICÍPIO DE SÃO PAULO;Direta;NA;NA;NA;NA;NA;NA;NA;- Receita Inativada [D23638];Concessões;Concessões;1;Receita Corrente;6;9;9;99;0;1;1;A;S;N;N;S;00.1.501.9001;Tesouro Municipal;N;0;31301,02;16231,54;18772,10;76732,29;77737,33;152546,54;26453,84;14674,74;11048,85;17027,80;0,00;986,44;443512,49;16/01/2026
1,69999012100000e+24;41332;2025;1;PREFEITURA DO MUNICÍPIO DE SÃO PAULO;Direta;87;Fundo Municipal de Desenvolvimento de Trânsito;FMDT;NA;NA;NA;NA;NA;Polo Gerador de Tráfego (FMDT);Polo Gerador de Tráfego (FMDT);1;Receita Corrente;6;9;9;99;0;1;21;A;S;N;N;S;08.1.752.0626;Tesouro Municipal - Recursos Vinculados;N;1188000;0,00;0,00;0,00;0,00;0,00;112752,90;0,00;0,00;0,00;0,00;0,00;0,00;112752,90;16/01/2026
1,69999012300000e+24;41337;2025;1;PREFEITURA DO MUNICÍPIO DE SÃO PAULO;Direta;NA;NA;NA;NA;NA;NA;NA;NA;Outros Serviços;Outros Serviços;1;Receita Corrente;6;9;9;99;0;1;23;A;S;N;N;S;00.1.501.9001;Tesouro Municipal;N;1092374;30450,69;39109,62;64023,34;52794,73;111630,27;100076,05;69214,53;182988,55;93582,14;47338,23;80148,04;71353,13;942709,32;16/01/2026
1,69999012300000e+24;41337;2025;5;INSTITUTO DE PREVIDÊNCIA MUNICIPAL DE SÃO PAULO;Indireta;3;Instituto de Previdência Municipal de São Paulo;IPREM;NA;NA;NA;NA;NA;Outros Serviços;Outros Serviços;1;Receita Corrente;6;9;9;99;0;1;23;A;S;N;N;S;00.1.501.9001;Tesouro Municipal;N;1008;0,00;0,00;0,00;0,00;0,00;0,00;0,00;0,00;0,00;0,00;0,00;0,00;0,00;16/01/2026
1,69999012300000e+24;41339;2025;1;PREFEITURA DO MUNICÍPIO DE SÃO PAULO;Direta;NA;NA;NA;NA;NA;NA;NA;NA;Deduções Outros Serviços;Deduções Outros Serviços;1;Receita Corrente;6;9;9;99;0;1;23;A;S;N;N;S;00.1.501.9001;Tesouro Municipal;S;0;0,00;0,00;-133,25;0,00;-150,00;-15543,00;0,00;0,00;0,00;0,00;-150,00;0,00;-15976,25;16/01/2026
1,69999012700000e+24;41348;2025;30;SÃO PAULO URBANISMO;Indireta;5;São Paulo Urbanismo;SPU;NA;NA;NA;NA;NA;Outros Serviços - Desvinculação de CEPAC - Art. 4º da Lei 15.519/2011;Outros Serviços - Desvinculação de CEPAC - Art. 4º da Lei 15.519/2011;1;Receita Corrente;6;9;9;99;0;1;27;A;S;N;N;S;09.1.501.9001;Recursos Próprios da Empresa Dependente;N;1000;0,00;0,00;0,00;0,00;0,00;0,00;0,00;0,00;1798047,02;10681562,40;0,00;14241958,62;26721568,04;16/01/2026
1,69999012900000e+24;41356;2025;3;CINEMA E AUDIOVISUAL DE SÃO PAULO;Indireta;15;Cinema e Audiovisual de São Paulo;SPCINE;NA;NA;NA;NA;NA;Receita Contrato Spcine Play - SPCINE;Receita Contrato Spcine Play - SPCINE;1;Receita Corrente;6;9;9;99;0;1;29;A;S;N;N;S;09.1.501.9001;Recursos Próprios da Empresa Dependente;N;1000;0,00;0,00;0,00;0,00;0,00;0,00;0,00;0,00;0,00;0,00;0,00;0,00;0,00;16/01/2026
1,71151110100000e+24;41459;2025;1;PREFEITURA DO MUNICÍPIO DE SÃO PAULO;Direta;NA;NA;NA;NA;NA;NA;NA;NA;Cota-Parte do Fundo de Participação dos Municípios - Cota Mensal;Cota-Parte do Fundo de Participação dos Municípios - Cota Mensal;1;Receita Corrente;7;1;1;51;1;1;1;A;S;P;P;S;00.1.500.9001;Tesouro Municipal;N;600006885;53809603,07;72206273,92;47551153,24;48320085,78;61639120,58;63311845,67;38864902,84;51276382,65;41400509,74;43641333,19;59323398,03;95532776,09;676877384,80;16/01/2026
1,71151110100000e+24;41461;2025;1;PREFEITURA DO MUNICÍPIO DE SÃO PAULO;Direta;NA;NA;NA;NA;NA;NA;NA;NA;Deduções de Receita para a Formação do FUNDEB - Fundo de Participação dos Municípios - Cota Mensal;Deduções de Receita para a Formação do FUNDEB - Fundo de Participação;1;Receita Corrente;7;1;1;51;1;1;1;A;S;N;N;S;00.1.500.9001;Tesouro Municipal;S;-120001377;-10761920,60;-14441254,77;-9510230,61;-9664017,13;-12327824,08;-12662369,10;-7772980,54;-10255276,51;-8280101,92;-8728266,61;-11864679,58;-13391922,00;-129660843,50;16/01/2026
1,71151210100000e+24;41466;2025;1;PREFEITURA DO MUNICÍPIO DE SÃO PAULO;Direta;NA;NA;NA;NA;NA;NA;NA;NA;Cota-Parte do Fundo de Participação do Municípios - Cotas Extraordinárias;Cota-Parte Fundo de Participação do Municípios  -Cotas Extraordinárias;1;Receita Corrente;7;1;1;51;2;1;1;A;S;P;P;S;00.1.500.9001;Tesouro Municipal;N;50279188;0,00;0,00;0,00;0,00;0,00;0,00;27679806,07;0,00;23671234,53;0,00;0,00;0,00;51351040,60;16/01/2026
1,71152010100000e+24;41480;2025;1;PREFEITURA DO MUNICÍPIO DE SÃO PAULO;Direta;NA;NA;NA;NA;NA;NA;NA;NA;Cota-Parte do Imposto s/ a Propriedade Territorial Rural;Cota-Parte do Imposto s/ a Propriedade Territorial Rural;1;Receita Corrente;7;1;1;52;0;1;1;A;S;P;P;S;00.1.500.9001;Tesouro Municipal;N;19439666;481733,78;788829,60;500938,91;14047,93;4340,03;0,00;0,00;0,00;0,00;0,00;0,00;0,00;1789890,25;16/01/2026
1,71152010100000e+24;41482;2025;1;PREFEITURA DO MUNICÍPIO DE SÃO PAULO;Direta;NA;NA;NA;NA;NA;NA;NA;NA;Deduções de Receita para a Formação do FUNDEB - Imposto s/ a Propriedade Territorial Rural;Deduções de Receita para a Formação do FUNDEB - Imposto s/ a Proprieda;1;Receita Corrente;7;1;1;52;0;1;1;A;S;N;N;S;00.1.500.9001;Tesouro Municipal;S;-3887933;-96346,74;-157765,91;-100187,77;-2809,57;-868,00;0,00;0,00;0,00;0,00;0,00;0,00;0,00;-357977,99;16/01/2026
1,71155010100000e+24;41489;2025;1;PREFEITURA DO MUNICÍPIO DE SÃO PAULO;Direta;NA;NA;NA;NA;NA;NA;NA;NA;Cota-parte do Imposto s/ Operações de Crédito, Câmbio e Seguro, ou Relativas a Títulos ou Valores Mobiliários - Comercialização do Ouro;Cota-parte do Imposto s/ Operações de Crédito, Câmbio e Seguro, ou Rel;1;Receita Corrente;7;1;1;55;0;1;1;A;S;P;N;S;00.1.500.9001;Tesouro Municipal;N;2232354;20152,35;24698,83;23542,64;15751,45;15994,34;81795,86;11621,64;10477,33;4907,81;21928,36;23599,34;44698,88;299168,83;16/01/2026
1,71250010100000e+24;41498;2025;1;PREFEITURA DO MUNICÍPIO DE SÃO PAULO;Direta;NA;NA;NA;NA;NA;NA;NA;NA;Cota-Parte da Compensação Financeira de Recursos Hídricos;Cota-Parte da Compensação Financeira de Recursos Hídricos;1;Receita Corrente;7;1;2;50;0;1;1;A;S;N;N;S;00.1.709.9001;Tesouro Municipal;N;937531;43521,09;0,00;133806,06;69448,34;0,00;51811,74;133915,45;0,00;65662,67;0,00;71532,61;44231,12;613929,08;16/01/2026
1,71251010100000e+24;41505;2025;1;PREFEITURA DO MUNICÍPIO DE SÃO PAULO;Direta;NA;NA;NA;NA;NA;NA;NA;NA;Cota-Parte da Compensação Financeira de Extração Mineral - CFEM;Cota-Parte da Compensação Financeira de Extração Mineral - CFEM;1;Receita Corrente;7;1;2;51;0;1;1;A;S;N;N;S;00.1.708.9001;Tesouro Municipal;N;2786768;216489,96;237612,71;205575,93;269106,85;224029,61;193385,04;214835,23;157842,60;173392,25;143624,54;599414,71;385578,69;3020888,12;16/01/2026
1,71252110100000e+24;41513;2025;1;PREFEITURA DO MUNICÍPIO DE SÃO PAULO;Direta;NA;NA;NA;NA;NA;NA;NA;NA;Cota-Parte Royalties - Compensação Financeira pela Produção de Petróleo - Lei nº 7.990/89;Cota-Parte Royalties - Compensação Financeira pela Produção de Petróle;1;Receita Corrente;7;1;2;52;1;1;1;A;S;N;N;S;00.1.704.9001;Tesouro Municipal;N;2684582;136321,40;149831,89;192125,00;165823,67;156149,18;150540,04;132732,27;130192,12;147899,50;141780,81;128380,43;135843,17;1767619,48;16/01/2026
1,71252410100000e+24;41534;2025;1;PREFEITURA DO MUNICÍPIO DE SÃO PAULO;Direta;NA;NA;NA;NA;NA;NA;NA;NA;Cota-Parte do Fundo Especial do Petróleo - FEP - Principal;Cota-Parte do Fundo Especial do Petróleo - FEP - Principal;1;Receita Corrente;7;1;2;52;4;1;1;A;S;N;N;S;00.1.704.9001;Tesouro Municipal;N;12226954;1018681,53;1126562,34;1205003,67;1008126,24;1119525,52;1011171,40;991959,45;1056482,39;1134646,04;1054015,10;1006692,58;1034552,73;12767418,99;16/01/2026
1,71350112100000e+24;41560;2025;1;PREFEITURA DO MUNICÍPIO DE SÃO PAULO;Direta;84;Fundo Municipal de Saúde;FMS/SMS;NA;NA;NA;NA;NA;Incentivo Financeiro da APS -  Diversos APS;Incentivo Financeiro da APS -  Diversos APS;1;Receita Corrente;7;1;3;50;1;1;21;A;S;N;S;S;02.1.600.1168;Transferências Federais;N;594647213;62271758,80;49166443,03;46181900,00;55127105,15;64151472,27;56743774,09;58523050,09;54936874,09;56890374,89;56545304,29;62099624,09;58883470,58;681521151,40;16/01/2026
1,71350210100000e+24;41565;2025;1;PREFEITURA DO MUNICÍPIO DE SÃO PAULO;Direta;84;Fundo Municipal de Saúde;FMS/SMS;NA;NA;NA;NA;NA;MAC Teto Financeiro - FMS;MAC Teto Financeiro - FMS;1;Receita Corrente;7;1;3;50;2;1;1;A;S;N;S;S;02.1.600.1168;Transferências Federais;N;1267200000;114182142,10;117327777,80;118448638,00;113457955,10;112459627,20;135785953,40;114493647,40;118761167,60;114523811,00;114494370,50;115797755,80;115082790,70;1404815636,00;16/01/2026
1,71350210200000e+24;41568;2025;1;PREFEITURA DO MUNICÍPIO DE SÃO PAULO;Direta;84;Fundo Municipal de Saúde;FMS/SMS;NA;NA;NA;NA;NA;SAMU - Serviço de Atendimento Móvel de Urgência - FMS;SAMU - Serviço de Atendimento Móvel de Urgência - FMS;1;Receita Corrente;7;1;3;50;2;1;2;A;S;N;S;S;02.1.600.1168;Transferências Federais;N;58500000;4873052,60;4873052,60;4873052,60;4873052,60;4873052,60;4873052,60;4873052,60;4873052,60;4873052,60;4873052,60;4873052,60;4873052,60;58476631,20;16/01/2026
1,71350210800000e+24;41574;2025;1;PREFEITURA DO MUNICÍPIO DE SÃO PAULO;Direta;84;Fundo Municipal de Saúde;FMS/SMS;NA;NA;NA;NA;NA;FAEC Nefrologia - FMS;FAEC Nefrologia - FMS;1;Receita Corrente;7;1;3;50;2;1;8;A;S;N;S;S;02.1.600.1168;Transferências Federais;N;331200000;0,00;47477653,13;22937987,23;21555524,01;0,00;26051979,38;23806348,28;25327342,03;21076982,51;49562508,37;23983263,61;25508969,33;287288557,90;16/01/2026
1,71350210900000e+24;41577;2025;1;PREFEITURA DO MUNICÍPIO DE SÃO PAULO;Direta;84;Fundo Municipal de Saúde;FMS/SMS;NA;NA;NA;NA;NA;FAEC Transplantes - FMS;FAEC Transplantes - FMS;1;Receita Corrente;7;1;3;50;2;1;9;A;S;N;S;S;02.1.600.1168;Transferências Federais;N;186960000;0,00;15442694,69;31713004,45;90640,00;20050983,89;16769739,22;18295617,63;18661982,66;15880483,78;37581350,30;17038418,99;20080267,74;211605183,40;16/01/2026
1,71350211000000e+24;41580;2025;1;PREFEITURA DO MUNICÍPIO DE SÃO PAULO;Direta;84;Fundo Municipal de Saúde;FMS/SMS;NA;NA;NA;NA;NA;Outros FAEC;Outros FAEC;1;Receita Corrente;7;1;3;50;2;1;10;A;S;N;S;S;02.1.600.1168;Transferências Federais;N;73440000;23109158,50;3122264,58;4740172,19;9067918,73;291866,20;11679861,06;12672570,48;14157124,81;23879995,28;6661733,46;3508814,76;17868871,06;130760351,10;16/01/2026
1,71350310100000e+24;41588;2025;1;PREFEITURA DO MUNICÍPIO DE SÃO PAULO;Direta;84;Fundo Municipal de Saúde;FMS/SMS;NA;NA;NA;NA;NA;Vigilância em Saúde Epidemiológica, Sanitária e Ambiental - FMS;Vigilância em Saúde Epidemiológica, Sanitária e Ambiental - FMS;1;Receita Corrente;7;1;3;50;3;1;1;A;S;N;S;S;02.1.600.1168;Transferências Federais;N;45600000;2948954,67;0,00;2842943,03;9648846,47;2842943,03;3462762,03;5942038,03;4082581,03;3462762,03;2842943,03;3462762,03;8921212,66;50460748,04;16/01/2026
1,71350310200000e+24;41591;2025;1;PREFEITURA DO MUNICÍPIO DE SÃO PAULO;Direta;84;Fundo Municipal de Saúde;FMS/SMS;NA;NA;NA;NA;NA;Vigilância DST/AIDS - Hepatites Virais - FMS;Vigilância DST/AIDS - Hepatites Virais - FMS;1;Receita Corrente;7;1;3;50;3;1;2;A;S;N;S;S;02.1.600.1168;Transferências Federais;N;8640000;0,00;1333887,68;1333887,68;1333887,68;1333887,68;0,00;2667775,36;1333887,68;1333887,68;1333887,68;1333887,68;2667775,36;16006652,16;16/01/2026
1,71350410100000e+24;41596;2025;1;PREFEITURA DO MUNICÍPIO DE SÃO PAULO;Direta;84;Fundo Municipal de Saúde;FMS/SMS;NA;NA;NA;NA;NA;Componente Básico da Assistência Farmacêutica - FMS;Componente Básico da Assistência Farmacêutica - FMS;1;Receita Corrente;7;1;3;50;4;1;1;A;S;N;S;S;02.1.600.1168;Transferências Federais;N;72000000;6871199,40;6871199,40;6871199,40;6871199,40;6871199,40;6871199,40;7825532,70;13551532,50;7825532,70;7825532,70;7825532,70;7825532,70;93906392,40;16/01/2026
1,71350510100000e+24;41601;2025;1;PREFEITURA DO MUNICÍPIO DE SÃO PAULO;Direta;84;Fundo Municipal de Saúde;FMS/SMS;NA;NA;NA;NA;NA;Gestão do SUS - Qualificação, Implantação e Implementação;Gestão do SUS - Qualificação, Implantação e Implementação;1;Receita Corrente;7;1;3;50;5;1;1;A;S;N;S;S;02.1.600.1168;Transferências Federais;N;600000;513249,39;0,00;0,00;0,00;0,00;0,00;0,00;0,00;0,00;0,00;0,00;0,00;513249,39;16/01/2026
1,71350910100000e+24;41606;2025;1;PREFEITURA DO MUNICÍPIO DE SÃO PAULO;Direta;84;Fundo Municipal de Saúde;FMS/SMS;NA;NA;NA;NA;NA;Outros Programas Financiados por Transferências Fundo a Fundo;Outros Programas Financiados por Transferências Fundo a Fundo;1;Receita Corrente;7;1;3;50;9;1;1;A;S;N;S;S;02.1.600.1168;Transferências Federais;N;120000;0,00;0,00;0,00;0,00;0,00;0,00;0,00;0,00;0,00;0,00;0,00;0,00;0,00;16/01/2026
1,71399010100000e+24;41624;2025;1;PREFEITURA DO MUNICÍPIO DE SÃO PAULO;Direta;84;Fundo Municipal de Saúde;FMS/SMS;NA;NA;NA;NA;NA;Outras Transferências de Recursos do Sistema Único de Saúde - SUS - Principal;Outras Transferências de Recursos do Sistema Único de Saúde - SUS - Pr;1;Receita Corrente;7;1;3;99;0;1;1;A;S;N;S;S;02.1.600.1168;Transferências Federais;N;2400;0,00;0,00;0,00;0,00;0,00;0,00;0,00;0,00;0,00;0,00;0,00;0,00;0,00;16/01/2026
1,71450010100000e+24;41636;2025;1;PREFEITURA DO MUNICÍPIO DE SÃO PAULO;Direta;16;Secretaria Municipal de Educação;SME;NA;NA;NA;NA;NA;Transferências do Salário-Educação;Transferências do Salário-Educação;1;Receita Corrente;7;1;4;50;0;1;1;A;S;S;N;S;02.1.550.0299;Transferências Federais;N;380117270;54454298,78;32327230,51;32265409,66;31959726,15;31884793,90;32859264,53;33964128,57;31039043,30;30840212,26;33997071,56;32228543,96;31903653,73;409723376,90;16/01/2026
1,71452010100000e+24;41650;2025;1;PREFEITURA DO MUNICÍPIO DE SÃO PAULO;Direta;16;Secretaria Municipal de Educação;SME;NA;NA;NA;NA;NA;Transferências Diretas do FNDE referentes ao Programa Nacional de Alimentação Escolar - PNAE;Transferências Diretas do FNDE referentes ao Programa Nacional de Alim;1;Receita Corrente;7;1;4;52;0;1;1;A;S;S;N;S;02.1.552.0640;Transferências Federais;N;181841240;0,00;12686719,95;16064235,00;16064235,00;16064235,00;16064235,00;16064235,00;16064235,00;4899933,75;0,00;0,00;11164301,25;125136365,00;16/01/2026
1,71453010100000e+24;41657;2025;1;PREFEITURA DO MUNICÍPIO DE SÃO PAULO;Direta;16;Secretaria Municipal de Educação;SME;NA;NA;NA;NA;NA;Transferências Diretas do FNDE referentes ao Programa Nacional de Apoio ao Transporte do Escolar - PNATE;Transferências Diretas do FNDE referentes ao Programa Nacional de Apoi;1;Receita Corrente;7;1;4;53;0;1;1;A;S;S;N;S;02.1.553.9001;Transferências Federais;N;143772;0,00;0,00;0,00;151209,67;0,00;0,00;0,00;0,00;151209,65;0,00;0,00;0,00;302419,32;16/01/2026
1,71750010100000e+24;41715;2025;1;PREFEITURA DO MUNICÍPIO DE SÃO PAULO;Direta;84;Fundo Municipal de Saúde;FMS/SMS;NA;NA;NA;NA;NA;Outros convênios da União para a área da Saúde;Outros convênios da União para a área da Saúde;1;Receita Corrente;7;1;7;50;0;1;1;A;S;N;S;S;02.1.631.0779;Transferências Federais;N;2400;0,00;0,00;0,00;0,00;0,00;0,00;0,00;0,00;0,00;0,00;0,00;0,00;0,00;16/01/2026
1,71799010107000e+24;41764;2025;1;PREFEITURA DO MUNICÍPIO DE SÃO PAULO;Direta;35;Fundo Municipal de Defesa do Consumidor;FMDC;NA;NA;NA;NA;NA;Convênio FMDC X União;Convênio FMDC X União;1;Receita Corrente;7;1;7;99;0;1;1;A;S;N;N;N;02.1.700.0000;Transferências Federais;N;1000;0,00;0,00;0,00;0,00;0,00;0,00;0,00;0,00;0,00;0,00;0,00;0,00;0,00;16/01/2026
1,71799010111000e+24;41784;2025;1;PREFEITURA DO MUNICÍPIO DE SÃO PAULO;Direta;34;Secretaria Municipal de Direitos Humanos e Cidadania;SMDHC;NA;NA;NA;NA;NA;Convênio SMDHC X União;Convênio SMDHC X União;1;Receita Corrente;7;1;7;99;0;1;1;A;S;N;N;N;02.1.700.0000;Transferências Federais;N;4469436;0,00;0,00;0,00;0,00;0,00;0,00;0,00;0,00;0,00;0,00;0,00;0,00;0,00;16/01/2026
1,71958010100000e+24;41844;2025;1;PREFEITURA DO MUNICÍPIO DE SÃO PAULO;Direta;NA;NA;NA;NA;NA;NA;NA;NA;Lei Complementar 176/2020;Lei Complementar 176/2020;1;Receita Corrente;7;1;9;58;0;1;1;A;S;N;N;S;00.1.501.9001;Tesouro Municipal;N;32064767;2231181,41;2231181,41;2231181,41;2231181,41;2231181,41;2231181,41;2231181,41;2231181,41;2231181,41;2231181,41;2231181,41;2231181,41;26774176,92;16/01/2026
1,71999010100000e+24;41849;2025;1;PREFEITURA DO MUNICÍPIO DE SÃO PAULO;Direta;35;Fundo Municipal de Defesa do Consumidor;FMDC;NA;NA;NA;NA;NA;Transferência de Valores União/FMDC;Transferência de Valores União/FMDC;1;Receita Corrente;7;1;9;99;0;1;1;A;S;N;N;N;02.1.700.0000;Transferências Federais;N;1000;0,00;0,00;0,00;0,00;0,00;0,00;0,00;0,00;0,00;0,00;0,00;0,00;0,00;16/01/2026
1,71999010500000e+24;41867;2025;1;PREFEITURA DO MUNICÍPIO DE SÃO PAULO;Direta;NA;NA;NA;NA;NA;NA;NA;NA;Repasse da Taxa de Ocupação, Foro e Laudêmio e da Receita Patrimonial - Decreto Lei 2.398/87;Repasse da Taxa de Ocupação, Foro e Laudêmio e da Receita Patrimonial;1;Receita Corrente;7;1;9;99;0;1;5;A;S;N;N;S;00.1.501.9001;Tesouro Municipal;N;54974;0,00;0,00;0,00;51777,33;0,00;0,00;0,00;0,00;0,00;0,00;0,00;0,00;51777,33;16/01/2026
1,72150010100000e+24;41890;2025;1;PREFEITURA DO MUNICÍPIO DE SÃO PAULO;Direta;NA;NA;NA;NA;NA;NA;NA;NA;Cota-Parte do ICMS;Cota-Parte do ICMS;1;Receita Corrente;7;2;1;50;0;1;1;A;S;P;P;S;00.1.500.9001;Tesouro Municipal;N;10203805236;733905687,20;779945619,20;796897348,80;858280673,80;794520311,00;602247608,80;1090444636,00;804615789,80;971562121,20;800620168,00;737623913,00;1156362725,00;10127026602,00;16/01/2026
1,72150010100000e+24;41892;2025;1;PREFEITURA DO MUNICÍPIO DE SÃO PAULO;Direta;NA;NA;NA;NA;NA;NA;NA;NA;Deduções de Receita para a Formação do FUNDEB - ICMS;Deduções de Receita para a Formação do FUNDEB - ICMS;1;Receita Corrente;7;2;1;50;0;1;1;A;S;N;N;S;00.1.500.9001;Tesouro Municipal;S;-2040761047;-146781137,40;-155989123,80;-159379469,70;-171656134,70;-158904062,20;-120449521,80;-218088927,10;-160923158,00;-194312424,20;-160124033,60;-147524782,60;-231272545,00;-2025405320,00;16/01/2026
1,72151010100000e+24;41897;2025;1;PREFEITURA DO MUNICÍPIO DE SÃO PAULO;Direta;NA;NA;NA;NA;NA;NA;NA;NA;Cota-Parte do IPVA;Cota-Parte do IPVA;1;Receita Corrente;7;2;1;51;0;1;1;A;S;P;P;S;00.1.500.9001;Tesouro Municipal;N;4553894634;1725005557,00;710968619,50;498462227,50;434399214,50;384586435,30;126855520,60;144017224,30;137559092,60;145132641,20;127080009,70;91541554,93;134037509,20;4659645607,00;16/01/2026
1,72151010100000e+24;41899;2025;1;PREFEITURA DO MUNICÍPIO DE SÃO PAULO;Direta;NA;NA;NA;NA;NA;NA;NA;NA;Deduções Cota-Parte do IPVA;Deduções Cota-Parte do IPVA;1;Receita Corrente;7;2;1;51;0;1;1;A;S;N;N;S;00.1.500.9001;Tesouro Municipal;S;0;-426710,93;-1367237,59;-422038,94;-152175,62;-892605,10;-653987,51;-921771,72;-1923379,79;-346941,93;-1058903,70;-342242,66;-803620,81;-9311616,30;16/01/2026
1,72151010100000e+24;41900;2025;1;PREFEITURA DO MUNICÍPIO DE SÃO PAULO;Direta;NA;NA;NA;NA;NA;NA;NA;NA;Dedução de Receita para a Formação do FUNDEB - IPVA;Dedução de Receita para a Formação do FUNDEB - IPVA;1;Receita Corrente;7;2;1;51;0;1;1;A;S;N;N;S;00.1.500.9001;Tesouro Municipal;S;-910778927;-345001111,50;-142193723,90;-99692445,51;-86879842,89;-76917287,05;-25371104,11;-28803444,86;-27511818,53;-29026528,24;-25416001,95;-18308310,99;-26807501,85;-931929121,30;16/01/2026
1,72152010100000e+24;41906;2025;1;PREFEITURA DO MUNICÍPIO DE SÃO PAULO;Direta;NA;NA;NA;NA;NA;NA;NA;NA;Cota-Parte do IPI sobre Exportação;Cota-Parte do IPI sobre Exportação;1;Receita Corrente;7;2;1;52;0;1;1;A;S;P;P;S;00.1.500.9001;Tesouro Municipal;N;59459612;4624881,85;5369715,99;6194229,96;6598110,00;5235416,73;6739863,63;6226590,31;5500471,34;6696630,04;6671814,55;6140227,66;7053183,69;73051135,75;16/01/2026
1,72152010100000e+24;41908;2025;1;PREFEITURA DO MUNICÍPIO DE SÃO PAULO;Direta;NA;NA;NA;NA;NA;NA;NA;NA;Deduções de Receita para a Formação do FUNDEB - IPI sobre Exportação;Deduções de Receita para a Formação do FUNDEB - IPI sobre Exportação;1;Receita Corrente;7;2;1;52;0;1;1;A;S;N;N;S;00.1.500.9001;Tesouro Municipal;S;-11891922;-924976,37;-1073943,20;-1238845,99;-1319622,00;-1047083,35;-1347972,73;-1245318,07;-1100094,27;-1339326,01;-1334362,91;-1228045,53;-1410636,74;-14610227,17;16/01/2026
1,72153010100000e+24;41913;2025;1;PREFEITURA DO MUNICÍPIO DE SÃO PAULO;Direta;20;Secretaria Municipal de Mobilidade Urbana e Transporte - SMT;SMT;NA;NA;NA;NA;NA;Cota-Parte da Contribuição de Intervenção no Domínio Econômico;Cota-Parte da Contribuição de Intervenção no Domínio Econômico;1;Receita Corrente;7;2;1;53;0;1;1;A;S;N;N;S;03.1.750.0370;Transferências Estaduais;N;9941364;1726495,00;0,00;0,00;1599043,04;0,00;0,00;1758923,02;0,00;0,00;1854811,43;0,00;0,00;6939272,49;16/01/2026
1,72252010100000e+24;41924;2025;1;PREFEITURA DO MUNICÍPIO DE SÃO PAULO;Direta;NA;NA;NA;NA;NA;NA;NA;NA;Cota-Parte Royalties - Compensação Financeira Pela Produção Do Petróleo - Lei Nº 7.990/89, Artigo 9º - Principal;Cota-Parte Royalties - Compensação Financeira Pela Produção Do Petróle;1;Receita Corrente;7;2;2;52;0;1;1;A;S;N;N;S;00.1.705.9001;Tesouro Municipal;N;27903054;1331932,10;1431328,12;32609,02;1877162,68;3107010,75;38834,87;2767720,88;0,00;2683587,53;33570,22;1367171,86;2547869,78;17218797,81;16/01/2026
1,72999010100000e+24;42011;2025;1;PREFEITURA DO MUNICÍPIO DE SÃO PAULO;Direta;84;Fundo Municipal de Saúde;FMS/SMS;NA;NA;NA;NA;NA;Transferência do Fundo Estadual de Saúde - FMS;Transferência do Fundo Estadual de Saúde - FMS;1;Receita Corrente;7;2;9;99;0;1;1;A;S;N;S;S;03.1.621.0730;Transferências Estaduais;N;12000;0,00;0,00;0,00;0,00;0,00;0,00;0,00;0,00;0,00;0,00;0,00;0,00;0,00;16/01/2026
1,72999010200000e+24;42016;2025;1;PREFEITURA DO MUNICÍPIO DE SÃO PAULO;Direta;35;Fundo Municipal de Defesa do Consumidor;FMDC;NA;NA;NA;NA;NA;Transferência de Valores Estado-SP/FMDC;Transferência de Valores Estado-SP/FMDC;1;Receita Corrente;7;2;9;99;0;1;2;A;S;N;N;S;08.1.759.1167;Tesouro Municipal - Recursos Vinculados;N;1000;0,00;0,00;0,00;0,00;0,00;0,00;0,00;0,00;0,00;0,00;0,00;0,00;0,00;16/01/2026
1,74199010400000e+24;42052;2025;1;PREFEITURA DO MUNICÍPIO DE SÃO PAULO;Direta;35;Fundo Municipal de Defesa do Consumidor;FMDC;NA;NA;NA;NA;NA;Convênio FMDC x Instituições Privadas;Convênio FMDC x Instituições Privadas;1;Receita Corrente;7;4;1;99;0;1;4;A;S;N;N;S;08.1.759.1167;Tesouro Municipal - Recursos Vinculados;N;1000;0,00;0,00;0,00;0,00;0,00;0,00;0,00;0,00;0,00;0,00;0,00;0,00;0,00;16/01/2026
1,74199010800000e+24;42066;2025;1;PREFEITURA DO MUNICÍPIO DE SÃO PAULO;Direta;8;Fundo Municipal do Idoso;FMID;NA;NA;NA;NA;NA;Transferências de Instituições Privadas com Fins Lucrativos - IR Revertido - FMID;Transferências de Instituições Privadas com Fins Lucrativos - IR Rever;1;Receita Corrente;7;4;1;99;0;1;8;A;S;N;N;S;08.1.759.1183;Tesouro Municipal - Recursos Vinculados;N;0;0,00;4067,50;23238,60;4634,05;1572,71;2996,59;2374,34;6115,33;4577,45;4947,91;6838,18;8152268,30;8213630,96;16/01/2026
1,74199011200000e+24;42075;2025;1;PREFEITURA DO MUNICÍPIO DE SÃO PAULO;Direta;90;Fundo Municipal dos Direitos da Criança e do Adolescente;FUMCAD;NA;NA;NA;NA;NA;Transferências Instituições Privadas - FUMCAD - Doações Direcionadas;Transferências Instituições Privadas - FUMCAD - Doações Direcionadas;1;Receita Corrente;7;4;1;99;0;1;12;A;S;N;N;S;08.1.759.0958;Tesouro Municipal - Recursos Vinculados;N;17648425;0,00;323886,02;2286,55;286766,31;191111,11;879444,13;870138,06;0,00;1213533,39;697909,50;150450,07;9658555,53;14274080,67;16/01/2026
1,74199011400001e+24;42082;2025;1;PREFEITURA DO MUNICÍPIO DE SÃO PAULO;Direta;84;Fundo Municipal de Saúde;FMS/SMS;NA;NA;NA;NA;NA;Transferências Instituições Privadas COM Fins Lucrativos -Fms - Art. 15 Do Dec 59.301/2020- COVID-19;Transferências Instituições Privadas COM Fins Lucrativos -Fms - Art. 1;1;Receita Corrente;7;4;1;99;0;1;14;A;S;N;S;S;08.1.659.1265;Tesouro Municipal - Recursos Vinculados;N;494400;41565,78;41565,78;41565,78;41565,78;41565,78;41565,78;41565,78;42257,48;42257,48;42257,48;42257,48;42257,48;502247,86;16/01/2026
1,74199011400002e+24;42085;2025;1;PREFEITURA DO MUNICÍPIO DE SÃO PAULO;Direta;84;Fundo Municipal de Saúde;FMS/SMS;NA;NA;NA;NA;NA;Transferências Instituições Privadas SEM Fins Lucrativos -Fms - Art. 15 Do Dec 59.301/2020- COVID-19;Transferências Instituições Privadas SEM Fins Lucrativos -Fms - Art. 1;1;Receita Corrente;7;4;1;99;0;1;14;A;S;N;S;S;08.1.659.1265;Tesouro Municipal - Recursos Vinculados;N;1200;0,00;0,00;0,00;0,00;0,00;0,00;0,00;0,00;0,00;0,00;0,00;0,00;0,00;16/01/2026
1,74199011500000e+24;42088;2025;1;PREFEITURA DO MUNICÍPIO DE SÃO PAULO;Direta;8;Fundo Municipal do Idoso;FMID;NA;NA;NA;NA;NA;Transferências de Instituições Privadas sem Fins Lucrativos - FMID;Transferências de Instituições Privadas sem Fins Lucrativos - FMID;1;Receita Corrente;7;4;1;99;0;1;15;A;S;N;N;S;08.1.759.1183;Tesouro Municipal - Recursos Vinculados;N;0;72811,31;0,00;0,00;90594,67;22259,85;0,00;107539,88;0,00;3793,53;4173,37;0,00;7387,28;308559,89;16/01/2026
1,75150010100000e+24;42094;2025;1;PREFEITURA DO MUNICÍPIO DE SÃO PAULO;Direta;16;Secretaria Municipal de Educação;SME;NA;NA;NA;NA;NA;Transferências do FUNDEB - União;Transferências do FUNDEB - União;1;Receita Corrente;7;5;1;50;0;1;1;A;S;S;N;S;04.1.540.9001;Fundo Constitucional da Educação;N;711247784;66567530,27;89128885,00;58642204,34;59569229,01;75923878,51;78120320,40;47919737,84;63286503,10;52406077,81;62742001,06;74019646,21;83297532,55;811623546,10;16/01/2026
1,75150010100000e+24;42096;2025;1;PREFEITURA DO MUNICÍPIO DE SÃO PAULO;Direta;16;Secretaria Municipal de Educação;SME;NA;NA;NA;NA;NA;Deduções Transferências do FUNDEB - União;Deduções Transferências do FUNDEB - União;1;Receita Corrente;7;5;1;50;0;1;1;A;S;S;N;S;04.1.540.9001;Fundo Constitucional da Educação;S;0;0,00;0,00;0,00;0,00;0,00;0,00;0,00;0,00;0,00;0,00;0,00;-4751,78;-4751,78;16/01/2026
1,75150010200000e+24;42099;2025;1;PREFEITURA DO MUNICÍPIO DE SÃO PAULO;Direta;16;Secretaria Municipal de Educação;SME;NA;NA;NA;NA;NA;Transferências do FUNDEB - Estado;Transferências do FUNDEB - Estado;1;Receita Corrente;7;5;1;50;0;1;2;A;S;S;N;S;04.1.540.9001;Fundo Constitucional da Educação;N;6677460206;731039741,40;596320689,10;595503609,70;635924249,00;564823173,30;405982067,60;709005859,90;530413160,00;640998538,30;526729003,30;486592299,30;830482240,70;7253814632,00;16/01/2026
1,75150010200000e+24;42101;2025;1;PREFEITURA DO MUNICÍPIO DE SÃO PAULO;Direta;16;Secretaria Municipal de Educação;SME;NA;NA;NA;NA;NA;Deduções Transferências do FUNDEB - Estado;Deduções Transferências do FUNDEB - Estado;1;Receita Corrente;7;5;1;50;0;1;2;A;S;S;N;S;04.1.540.9001;Fundo Constitucional da Educação;S;0;0,00;0,00;0,00;0,00;0,00;0,00;0,00;0,00;0,00;0,00;0,00;-41943,03;-41943,03;16/01/2026
1,75999010200000e+24;42112;2025;1;PREFEITURA DO MUNICÍPIO DE SÃO PAULO;Direta;84;Fundo Municipal de Saúde;FMS/SMS;NA;NA;NA;NA;NA;Transferências de Outras Instituições Públicas - MPU/MPT X FMS - COVID-19;Transferências de Outras Instituições Públicas - MPU/MPT X FMS - COVID;1;Receita Corrente;7;5;9;99;0;1;2;A;S;N;S;S;05.1.659.1264;Outras Fontes;N;4080;1349,90;2150,00;800,00;2250,00;5277,38;0,00;0,00;0,00;13390,23;0,00;16094,22;0,00;41311,73;16/01/2026
1,75999010300000e+24;42115;2025;1;PREFEITURA DO MUNICÍPIO DE SÃO PAULO;Direta;84;Fundo Municipal de Saúde;FMS/SMS;NA;NA;NA;NA;NA;Transferências de Outras Instituições Públicas - MP-SP/TJESP X FMS - COVID-19;Transferências de Outras Instituições Públicas - MP-SP/TJESP X FMS - C;1;Receita Corrente;7;5;9;99;0;1;3;A;S;N;S;S;05.1.659.1263;Outras Fontes;N;336000;22998,60;30764,50;30555,83;10967,01;14961,88;28956,00;13716,97;31927,29;14370,00;8831,00;10704,00;9241,52;227994,60;16/01/2026
1,79199010100000e+24;42149;2025;1;PREFEITURA DO MUNICÍPIO DE SÃO PAULO;Direta;90;Fundo Municipal dos Direitos da Criança e do Adolescente;FUMCAD;NA;NA;NA;NA;NA;FUMCAD - Imposto de Renda;FUMCAD - Imposto de Renda;1;Receita Corrente;7;9;1;99;0;1;1;A;S;N;N;S;08.1.759.0958;Tesouro Municipal - Recursos Vinculados;N;39782207;928785,32;270651,90;903129,88;1005859,42;866674,48;640415,17;426757,09;4795573,99;13878,37;-49752,34;633596,81;30409744,19;40845314,28;16/01/2026
1,79199010100000e+24;42151;2025;1;PREFEITURA DO MUNICÍPIO DE SÃO PAULO;Direta;90;Fundo Municipal dos Direitos da Criança e do Adolescente;FUMCAD;NA;NA;NA;NA;NA;Deduções FUMCAD - Imposto de Renda;Deduções FUMCAD - Imposto de Renda;1;Receita Corrente;7;9;1;99;0;1;1;A;S;N;N;N;08.1.759.0958;Tesouro Municipal - Recursos Vinculados;S;0;0,00;0,00;0,00;0,00;0,00;-6092,71;0,00;0,00;0,00;0,00;0,00;0,00;-6092,71;16/01/2026
1,79199010700000e+24;42174;2025;1;PREFEITURA DO MUNICÍPIO DE SÃO PAULO;Direta;8;Fundo Municipal do Idoso;FMID;NA;NA;NA;NA;NA;Transferência de Pessoas Doações e Contribuições - IR Revertido-FMID;Transferência de Pessoas Doações e Contribuições - IR Revertido-FMID;1;Receita Corrente;7;9;1;99;0;1;7;A;S;N;N;S;08.1.759.1183;Tesouro Municipal - Recursos Vinculados;N;1134529;554,17;154,17;4748,49;2606,99;154,17;154,17;154,17;2573617,16;1094,17;214,17;1655,17;40250,17;2625357,17;16/01/2026
1,79199011000000e+24;42185;2025;1;PREFEITURA DO MUNICÍPIO DE SÃO PAULO;Direta;90;Fundo Municipal dos Direitos da Criança e do Adolescente;FUMCAD;NA;NA;NA;NA;NA;Transferências de Pessoas Físicas - FUMCAD - Doações Direcionadas;Transferências de Pessoas Físicas - FUMCAD - Doações Direcionadas;1;Receita Corrente;7;9;1;99;0;1;10;A;S;N;N;S;08.1.759.0958;Tesouro Municipal - Recursos Vinculados;N;2223425;0,00;3145,00;6130,00;3460,00;15096,80;270897,90;85301,00;0,00;19747,09;632627,61;143179,56;1547034,86;2726619,82;16/01/2026
1,91106110102000e+24;42542;2025;1;PREFEITURA DO MUNICÍPIO DE SÃO PAULO;Direta;94;Fundo Especial do Meio Ambiente e Desenvolvimento Sustentável;FEMA;NA;NA;NA;NA;NA;Multas Ambientais;Multas Ambientais;1;Receita Corrente;9;1;1;6;1;1;1;A;S;N;N;S;08.1.759.0081;Tesouro Municipal - Recursos Vinculados;N;2950908;43784,70;137653,81;153030,19;184153,78;429145,45;198585,10;21051,46;84246,56;153234,99;443165,63;98980,30;75308,78;2022340,75;16/01/2026
1,91106110102000e+24;42546;2025;1;PREFEITURA DO MUNICÍPIO DE SÃO PAULO;Direta;94;Fundo Especial do Meio Ambiente e Desenvolvimento Sustentável;FEMA;NA;NA;NA;NA;NA;PPI - Multas Ambientais - FEMA;PPI - Multas Ambientais - FEMA;1;Receita Corrente;9;1;1;6;1;1;1;A;S;N;N;S;08.1.759.0081;Tesouro Municipal - Recursos Vinculados;N;130500;11148,89;11261,31;9398,22;13455,71;8669,99;6534,54;9224,97;3354,52;7450,59;6851,44;6230,93;5731,11;99312,22;16/01/2026
1,91106120102000e+24;42558;2025;1;PREFEITURA DO MUNICÍPIO DE SÃO PAULO;Direta;94;Fundo Especial do Meio Ambiente e Desenvolvimento Sustentável;FEMA;NA;NA;NA;NA;NA;Multas Ambientais - FEMA - Multas e Juros;Multas Ambientais - FEMA - Multas e Juros;1;Receita Corrente;9;1;1;6;1;2;1;A;S;N;N;S;08.1.759.0081;Tesouro Municipal - Recursos Vinculados;N;870312;2507,38;108942,71;55974,36;127713,42;298551,38;88235,86;4815,36;34768,62;271591,28;116317,48;55304,70;16440,70;1181163,25;16/01/2026
1,91106120102000e+24;42562;2025;1;PREFEITURA DO MUNICÍPIO DE SÃO PAULO;Direta;94;Fundo Especial do Meio Ambiente e Desenvolvimento Sustentável;FEMA;NA;NA;NA;NA;NA;PPI - Multas Ambientais - FEMA - Multas e Juros;PPI - Multas Ambientais - FEMA - Multas e Juros;1;Receita Corrente;9;1;1;6;1;2;1;A;S;N;N;S;08.1.759.0081;Tesouro Municipal - Recursos Vinculados;N;40080;3374,16;3408,55;2934,40;4004,87;2718,89;2186,88;3408,28;845,19;2470,35;2300,20;2133,35;2010,66;31795,78;16/01/2026
1,91106130102000e+24;42572;2025;1;PREFEITURA DO MUNICÍPIO DE SÃO PAULO;Direta;94;Fundo Especial do Meio Ambiente e Desenvolvimento Sustentável;FEMA;NA;NA;NA;NA;NA;Multas Ambientais - FEMA - Dívida Ativa;Multas Ambientais - FEMA - Dívida Ativa;1;Receita Corrente;9;1;1;6;1;3;1;A;S;N;N;S;08.1.759.0081;Tesouro Municipal - Recursos Vinculados;N;156420;59933,11;45718,73;7470,06;26249,00;202661,36;101680,68;96221,11;232617,91;586104,93;112178,70;73865,46;494894,48;2039595,53;16/01/2026
1,91106140102000e+24;42588;2025;1;PREFEITURA DO MUNICÍPIO DE SÃO PAULO;Direta;94;Fundo Especial do Meio Ambiente e Desenvolvimento Sustentável;FEMA;NA;NA;NA;NA;NA;Multas Ambientais - FEMA - Dívida Ativa - Multas e Juros;Multas Ambientais - FEMA - Dívida Ativa - Multas e Juros;1;Receita Corrente;9;1;1;6;1;4;1;A;S;N;N;S;08.1.759.0081;Tesouro Municipal - Recursos Vinculados;N;77352;4212,22;1027,58;2511,02;4555,33;125776,16;5556,82;5135,05;37947,27;4892,16;27235,73;76223,82;35525,82;330598,98;16/01/2026
1,91107010101000e+24;42606;2025;1;PREFEITURA DO MUNICÍPIO DE SÃO PAULO;Direta;NA;NA;NA;NA;NA;NA;NA;NA;Multas Aplicadas pelo TCM/SP - LEI 9.167/80;Multas Aplicadas pelo TCM/SP - LEI 9.167/80;1;Receita Corrente;9;1;1;7;0;1;1;A;S;N;N;S;00.1.501.9001;Tesouro Municipal;N;29861;0,00;837,71;0,00;1020,40;801,50;20872,00;0,00;0,00;0,00;2962,79;3061,20;0,00;29555,60;16/01/2026
1,91107030101000e+24;42613;2025;1;PREFEITURA DO MUNICÍPIO DE SÃO PAULO;Direta;NA;NA;NA;NA;NA;NA;NA;NA;Multas Aplicadas pelo TCM/SP - LEI 9.167/80 - Dívida Ativa;Multas Aplicadas pelo TCM/SP - LEI 9.167/80 - Dívida Ativa;1;Receita Corrente;9;1;1;7;0;3;1;A;S;N;N;S;00.1.501.9001;Tesouro Municipal;N;6446;0,00;0,00;0,00;558,43;0,00;593,27;1371,57;850,27;0,00;0,00;0,00;515,96;3889,50;16/01/2026
1,91107040101000e+24;42618;2025;1;PREFEITURA DO MUNICÍPIO DE SÃO PAULO;Direta;NA;NA;NA;NA;NA;NA;NA;NA;Multas Aplicadas pelo TCM/SP - LEI 9.167/80 - Multas e Juros da Dívida Ativa;Multas Aplicadas pelo TCM/SP - LEI 9.167/80 - Multas e Juros da Dívida;1;Receita Corrente;9;1;1;7;0;4;1;A;S;N;N;S;00.1.501.9001;Tesouro Municipal;N;1000;0,00;0,00;0,00;134,03;0,00;148,32;403,33;42,51;0,00;0,00;0,00;25,80;753,99;16/01/2026
1,91108010100000e+24;42623;2025;1;PREFEITURA DO MUNICÍPIO DE SÃO PAULO;Direta;NA;NA;NA;NA;NA;NA;NA;NA;Multas Decorrentes de Sentenças Judiciais - FISC;Multas Decorrentes de Sentenças Judiciais - FISC;1;Receita Corrente;9;1;1;8;0;1;1;A;S;N;N;S;00.1.501.9001;Tesouro Municipal;N;1000;0,00;0,00;0,00;0,00;0,00;0,00;0,00;0,00;0,00;0,00;0,00;0,00;0,00;16/01/2026
1,91108010100000e+24;42625;2025;1;PREFEITURA DO MUNICÍPIO DE SÃO PAULO;Direta;NA;NA;NA;NA;NA;NA;NA;NA;Deduções Multas Decorrentes de Sentenças Judiciais - FISC;Deduções Multas Decorrentes de Sentenças Judiciais - FISC;1;Receita Corrente;9;1;1;8;0;1;1;A;S;N;N;N;00.1.501.9001;Tesouro Municipal;S;0;0,00;0,00;0,00;0,00;0,00;0,00;0,00;0,00;0,00;0,00;0,00;0,00;0,00;16/01/2026
1,91108010300000e+24;42633;2025;1;PREFEITURA DO MUNICÍPIO DE SÃO PAULO;Direta;35;Fundo Municipal de Defesa do Consumidor;FMDC;NA;NA;NA;NA;NA;Multas Decorrentes de Sentenças Judiciais - FMDC;Multas Decorrentes de Sentenças Judiciais - FMDC;1;Receita Corrente;9;1;1;8;0;1;3;A;S;N;N;S;08.1.759.1167;Tesouro Municipal - Recursos Vinculados;N;1000;0,00;0,00;0,00;0,00;0,00;0,00;0,00;0,00;0,00;0,00;0,00;0,00;0,00;16/01/2026
1,91108010600000e+24;42646;2025;1;PREFEITURA DO MUNICÍPIO DE SÃO PAULO;Direta;NA;NA;NA;NA;NA;NA;NA;NA;Multas Decorrentes de Sentenças Judiciais;Multas Decorrentes de Sentenças Judiciais;1;Receita Corrente;9;1;1;8;0;1;6;A;S;N;N;S;00.1.501.9001;Tesouro Municipal;N;5491947;93412,61;450731,32;401679,46;215111,88;433661,68;378400,69;77772,96;390049,76;20186,18;1190118,71;9575,25;1087478,72;4748179,22;16/01/2026
1,91109010100000e+24;42651;2025;1;PREFEITURA DO MUNICÍPIO DE SÃO PAULO;Direta;98;Fundo de Desenvolvimento Urbano;FUNDURB;NA;NA;NA;NA;NA;Multas e Juros - Contratos - FUNDURB;Multas e Juros - Contratos - FUNDURB;1;Receita Corrente;9;1;1;9;0;1;1;A;S;N;N;S;08.1.759.0402;Tesouro Municipal - Recursos Vinculados;N;8086;0,00;0,00;0,00;0,00;0,00;0,00;383,15;47,86;0,00;0,00;337,83;0,00;768,84;16/01/2026
1,91109010200000e+24;42656;2025;1;PREFEITURA DO MUNICÍPIO DE SÃO PAULO;Direta;NA;NA;NA;NA;NA;NA;NA;NA;Multas e Juros - Contratos PMSP;Multas e Juros - Contratos PMSP;1;Receita Corrente;9;1;1;9;0;1;2;A;S;N;N;S;00.1.501.9001;Tesouro Municipal;N;41671459;1587115,58;2177222,52;1742053,95;2256721,78;3272280,65;1587477,48;2478288,88;3354147,45;1863239,37;2650582,08;3471921,32;3739138,08;30180189,14;16/01/2026
1,91109010200000e+24;42658;2025;1;PREFEITURA DO MUNICÍPIO DE SÃO PAULO;Direta;NA;NA;NA;NA;NA;NA;NA;NA;Deduções Multas e Juros - Contratos PMSP;Deduções Multas e Juros - Contratos PMSP;1;Receita Corrente;9;1;1;9;0;1;2;A;S;N;N;S;00.1.501.9001;Tesouro Municipal;S;0;-2540,12;-76516,19;50882,88;-56675,20;0,00;-44934,42;-58461,04;-1095,00;-21443,82;0,00;-68887,46;-61032,12;-340702,49;16/01/2026
1,91109010300000e+24;42661;2025;16;FUNDAÇÃO PAULISTANA DE EDUCAÇÃO E TECNOLOGIA;Indireta;80;Fundação Paulistana de Educação Tecnologia e Cultura;FPETC;NA;NA;NA;NA;NA;Multas e Juros - Contratos Administração Indireta;Multas e Juros - Contratos Administração Indireta;1;Receita Corrente;9;1;1;9;0;1;3;A;S;N;N;S;06.1.501.9001;Recursos Próprios da Administração Indireta;N;0;0,00;840,00;0,00;0,00;0,00;0,00;0,00;0,00;0,00;0,00;0,00;0,00;840,00;16/01/2026
1,91109010300000e+24;42661;2025;4;HOSPITAL DO SERVIDOR PÚBLICO MUNICIPAL;Indireta;2;Hospital do Servidor Público Municipal;HSPM;NA;NA;NA;NA;NA;Multas e Juros - Contratos Administração Indireta;Multas e Juros - Contratos Administração Indireta;1;Receita Corrente;9;1;1;9;0;1;3;A;S;N;N;S;06.1.501.9001;Recursos Próprios da Administração Indireta;N;520512;14294,46;28040,31;14933,23;16170,01;22729,25;7319,79;45097,66;57731,91;61989,31;35444,87;4869,98;31516,08;340136,86;16/01/2026
1,91109010300000e+24;42661;2025;5;INSTITUTO DE PREVIDÊNCIA MUNICIPAL DE SÃO PAULO;Indireta;3;Instituto de Previdência Municipal de São Paulo;IPREM;NA;NA;NA;NA;NA;Multas e Juros - Contratos Administração Indireta;Multas e Juros - Contratos Administração Indireta;1;Receita Corrente;9;1;1;9;0;1;3;A;S;N;N;S;00.1.501.9001;Tesouro Municipal;N;1008;0,00;0,00;505,19;0,00;0,00;0,00;0,00;0,00;0,00;0,00;0,00;0,00;505,19;16/01/2026
1,91109010300000e+24;42661;2025;81;FUNDO MUNICIPAL DE LIMPEZA URBANA;Indireta;81;Fundo Municipal Limpeza Urbana;FMLU;NA;NA;NA;NA;NA;Multas e Juros - Contratos Administração Indireta;Multas e Juros - Contratos Administração Indireta;1;Receita Corrente;9;1;1;9;0;1;3;A;S;N;N;S;08.1.759.8006;Tesouro Municipal - Recursos Vinculados;N;1394912;0,00;0,00;0,00;633796,60;0,00;639822,46;637083,57;0,00;633796,60;0,00;0,00;0,00;2544499,23;16/01/2026
1,91109010300000e+24;42661;2025;85;FUNDAÇÃO THEATRO MUNICIPAL DE SÃO PAULO;Indireta;85;Fundação Theatro Municipal de São Paulo;FTMSP;NA;NA;NA;NA;NA;Multas e Juros - Contratos Administração Indireta;Multas e Juros - Contratos Administração Indireta;1;Receita Corrente;9;1;1;9;0;1;3;A;S;N;N;S;06.1.501.9001;Recursos Próprios da Administração Indireta;N;0;0,00;1000,00;0,00;0,00;0,00;0,00;0,00;0,00;0,00;0,00;0,00;0,00;1000,00;16/01/2026
1,91109010400000e+24;42666;2025;23;FUNDO ESPECIAL DE DESPESAS DO TCMSP;Legislativo;77;Fundo Especial de Despesas do Tribunal de Contas;FTCMSP;NA;NA;NA;NA;NA;Multas e Juros - Contratos Legislativo;Multas e Juros - Contratos Legislativo;1;Receita Corrente;9;1;1;9;0;1;4;A;S;N;N;S;08.1.759.8005;Tesouro Municipal - Recursos Vinculados;N;3000;0,00;0,00;1360,00;0,00;2144,00;0,00;15552,99;18712,50;0,00;0,00;0,00;0,00;37769,49;16/01/2026
1,91109010500000e+24;42671;2025;22;Fundo Especial de Despesas da Câmara;Legislativo;76;Fundo Especial de Despesas da Câmara Municipal de São Paulo;FECAM;NA;NA;NA;NA;NA;Multas e Juros - Contratos Legislativos  - CMSP;Multas e Juros - Contratos Legislativos  - CMSP;1;Receita Corrente;9;1;1;9;0;1;5;A;S;N;N;S;08.1.759.8004;Tesouro Municipal - Recursos Vinculados;N;95760;48900,00;0,00;5124,71;0,00;23208,28;126888,53;77443,33;0,00;186,96;0,00;0,00;16342,52;298094,33;16/01/2026
1,91109010600000e+24;42674;2025;22;Fundo Especial de Despesas da Câmara;Legislativo;76;Fundo Especial de Despesas da Câmara Municipal de São Paulo;FECAM;NA;NA;NA;NA;NA;Multas e Juros - Contratos Legislativos - FECAM;Multas e Juros - Contratos Legislativos - FECAM;1;Receita Corrente;9;1;1;9;0;1;6;A;S;N;N;S;08.1.759.8004;Tesouro Municipal - Recursos Vinculados;N;1000;0,00;0,00;0,00;0,00;0,00;0,00;0,00;0,00;0,00;0,00;0,00;0,00;0,00;16/01/2026
1,91109010700000e+24;42677;2025;1;PREFEITURA DO MUNICÍPIO DE SÃO PAULO;Direta;94;Fundo Especial do Meio Ambiente e Desenvolvimento Sustentável;FEMA;NA;NA;NA;NA;NA;Multas e Juros Contratuais - FEMA;Multas e Juros Contratuais - FEMA;1;Receita Corrente;9;1;1;9;0;1;7;A;S;N;N;S;08.1.759.0081;Tesouro Municipal - Recursos Vinculados;N;2443884;142301,53;103867,83;400309,87;251365,77;190216,41;228904,63;154879,87;187265,44;605869,28;130991,38;141692,24;320125,68;2857789,93;16/01/2026
1,91109010900000e+24;42684;2025;3;CINEMA E AUDIOVISUAL DE SÃO PAULO;Indireta;15;Cinema e Audiovisual de São Paulo;SPCINE;NA;NA;NA;NA;NA;Multas e Juros Previstos em Contratos - SPCINE;Multas e Juros Previstos em Contratos - SPCINE;1;Receita Corrente;9;1;1;9;0;1;9;A;S;N;N;S;09.1.501.9001;Recursos Próprios da Empresa Dependente;N;1000;0,00;0,00;0,00;0,00;0,00;0,00;0,00;0,00;0,00;0,00;0,00;0,00;0,00;16/01/2026
1,91109011000000e+24;42687;2025;5;INSTITUTO DE PREVIDÊNCIA MUNICIPAL DE SÃO PAULO;Indireta;3;Instituto de Previdência Municipal de São Paulo;IPREM;NA;NA;NA;NA;NA;Multas Previstas Em Contratos -IPREM;Multas Previstas Em Contratos -IPREM;1;Receita Corrente;9;1;1;9;0;1;10;A;S;N;N;S;00.1.501.9001;Tesouro Municipal;N;1008;0,00;0,00;0,00;0,00;0,00;0,00;0,00;0,00;0,00;0,00;0,00;0,00;0,00;16/01/2026
1,91109020700000e+24;42691;2025;1;PREFEITURA DO MUNICÍPIO DE SÃO PAULO;Direta;94;Fundo Especial do Meio Ambiente e Desenvolvimento Sustentável;FEMA;NA;NA;NA;NA;NA;Multas Previstas em Contratos - FEMA - Multas e Juros;Multas Previstas em Contratos - FEMA - Multas e Juros;1;Receita Corrente;9;1;1;9;0;2;7;A;S;N;N;S;08.1.759.0081;Tesouro Municipal - Recursos Vinculados;N;1000;0,00;0,00;0,00;0,00;0,00;0,00;0,00;0,00;0,00;0,00;0,00;0,00;0,00;16/01/2026
1,91109030200000e+24;42699;2025;1;PREFEITURA DO MUNICÍPIO DE SÃO PAULO;Direta;NA;NA;NA;NA;NA;NA;NA;NA;Multas e juros Contratos PMSP - Dívida Ativa;Multas e juros Contratos PMSP - Dívida Ativa;1;Receita Corrente;9;1;1;9;0;3;2;A;S;N;N;S;00.1.501.9001;Tesouro Municipal;N;2288064;358259,97;264188,15;307569,84;332550,99;371777,93;379080,52;522677,55;468676,69;424248,60;475780,55;963591,48;373410,31;5241812,58;16/01/2026
1,91109040200000e+24;42703;2025;1;PREFEITURA DO MUNICÍPIO DE SÃO PAULO;Direta;NA;NA;NA;NA;NA;NA;NA;NA;Multas e juros Contratos PMSP - Dívida Ativa - Multas e Juros;Multas e juros Contratos PMSP - Dívida Ativa - Multas e Juros;1;Receita Corrente;9;1;1;9;0;4;2;A;S;N;N;S;00.1.501.9001;Tesouro Municipal;N;485472;63338,73;54429,40;57014,22;61366,96;61676,29;75750,11;90185,96;61814,19;63907,88;65957,25;164795,29;63871,88;884108,16;16/01/2026
1,91113110100000e+24;42712;2025;1;PREFEITURA DO MUNICÍPIO DE SÃO PAULO;Direta;NA;NA;NA;NA;NA;NA;NA;NA;Multa Prevista na Lei Federal nº 12.846/2013;Multa Prevista na Lei Federal nº 12.846/2013;1;Receita Corrente;9;1;1;13;1;1;1;A;S;N;N;S;00.1.501.9001;Tesouro Municipal;N;1233960;35287,76;35979,79;36166,86;36225,41;36699,92;450548,16;46898,44;58259,07;129664,30;37346,28;37305,22;37483,92;977865,13;16/01/2026
1,91113130100000e+24;42722;2025;1;PREFEITURA DO MUNICÍPIO DE SÃO PAULO;Direta;NA;NA;NA;NA;NA;NA;NA;NA;Multa Prevista na Lei Federal nº 12.846/2013 - Dívida ativa;Multa Prevista na Lei Federal nº 12.846/2013 - Dívida ativa;1;Receita Corrente;9;1;1;13;1;3;1;A;S;N;N;S;00.1.501.9001;Tesouro Municipal;N;6065;12430,75;12674,18;12179,61;12455,10;12640,58;13847,81;13721,34;13877,87;14037,53;14145,14;14337,39;14474,47;160821,77;16/01/2026
1,91113140100000e+24;42727;2025;1;PREFEITURA DO MUNICÍPIO DE SÃO PAULO;Direta;NA;NA;NA;NA;NA;NA;NA;NA;Multa Lei Federal nº 12.846/2013 - Dívida ativa -  Multas e juros;Multa Lei Federal nº 12.846/2013 - Dívida ativa -  Multas e juros;1;Receita Corrente;9;1;1;13;1;4;1;A;S;N;N;S;00.1.501.9001;Tesouro Municipal;N;1000;195,10;135,75;105,66;105,66;105,66;323,35;160,01;160,01;160,01;160,01;160,01;160,01;1931,24;16/01/2026
1,92101010200000e+24;42734;2025;7;AGÊNCIA REG. DE SERV. PÚBLICOS DE SÃO PAULO;Indireta;33;Agência Reg. de Serv. Públicos do Mun de São Paulo;SPREGULA;NA;NA;NA;NA;NA;Indenizações de Companhias Seguradoras;Indenizações de Companhias Seguradoras;1;Receita Corrente;9;2;1;1;0;1;2;A;S;N;N;S;06.1.501.9001;Recursos Próprios da Administração Indireta;N;0;0,00;0,00;0,00;0,00;0,00;0,00;0,00;0,00;0,00;0,00;0,00;6999,99;6999,99;16/01/2026
1,92101010400000e+24;42744;2025;22;Fundo Especial de Despesas da Câmara;Legislativo;76;Fundo Especial de Despesas da Câmara Municipal de São Paulo;FECAM;NA;NA;NA;NA;NA;Outras Indenizações por Danos Causados ao Patrimônio Público;Outras Indenizações por Danos Causados ao Patrimônio Público;1;Receita Corrente;9;2;1;1;0;1;4;A;S;N;N;S;08.1.759.8004;Tesouro Municipal - Recursos Vinculados;N;0;0,00;0,00;0,00;0,00;0,00;0,00;0,00;502,86;0,00;0,00;0,00;0,00;502,86;16/01/2026
1,92101010400000e+24;42744;2025;1;PREFEITURA DO MUNICÍPIO DE SÃO PAULO;Direta;NA;NA;NA;NA;NA;NA;NA;NA;Outras Indenizações por Danos Causados ao Patrimônio Público;Outras Indenizações por Danos Causados ao Patrimônio Público;1;Receita Corrente;9;2;1;1;0;1;4;A;S;N;N;S;00.1.501.9001;Tesouro Municipal;N;1000;0,00;0,00;0,00;0,00;0,00;0,00;0,00;0,00;0,00;0,00;6779,41;0,00;6779,41;16/01/2026
1,92101010601001e+24;42756;2025;1;PREFEITURA DO MUNICÍPIO DE SÃO PAULO;Direta;NA;NA;NA;NA;NA;NA;NA;NA;Indenização por danos e Improbidade Administrativa- ODEBRECHT;Indenização por danos e Improbidade Administrativa- ODEBRECHT;1;Receita Corrente;9;2;1;1;0;1;6;A;S;N;N;S;00.1.501.9001;Tesouro Municipal;N;1025571;32518,84;45422,72;0,00;0,00;0,00;0,00;0,00;0,00;2063695,58;0,00;0,00;0,00;2141637,14;16/01/2026
1,92101010601002e+24;42759;2025;1;PREFEITURA DO MUNICÍPIO DE SÃO PAULO;Direta;NA;NA;NA;NA;NA;NA;NA;NA;Indenização por danos e Improbidade Administrativa;Indenização por danos e Improbidade Administrativa;1;Receita Corrente;9;2;1;1;0;1;6;A;S;N;N;S;00.1.501.9001;Tesouro Municipal;N;13446545;75060,45;1118274,77;117599,90;1324688,56;12850,58;38742,29;11560,79;59625,39;201369,83;174179,32;577227,43;97220,39;3808399,70;16/01/2026
1,92101010601003e+24;42762;2025;1;PREFEITURA DO MUNICÍPIO DE SÃO PAULO;Direta;NA;NA;NA;NA;NA;NA;NA;NA;Carta dos Liquidantes Conjuntos de Kildare, Durant e MacDoel;Carta dos Liquidantes Conjuntos de Kildare, Durant e MacDoel;1;Receita Corrente;9;2;1;1;0;1;6;A;S;N;N;S;00.1.501.9001;Tesouro Municipal;N;0;0,00;0,00;0,00;0,00;0,00;0,00;0,00;0,00;0,00;0,00;0,00;21057343,92;21057343,92;16/01/2026
1,92101010700000e+24;42765;2025;1;PREFEITURA DO MUNICÍPIO DE SÃO PAULO;Direta;NA;NA;NA;NA;NA;NA;NA;NA;Acidentes de trânsito;Acidentes de trânsito;1;Receita Corrente;9;2;1;1;0;1;7;A;S;N;N;S;00.1.501.9001;Tesouro Municipal;N;360414;33785,79;31008,72;10472,93;24711,87;39546,92;67866,46;30853,13;13021,74;33314,34;51184,30;19735,94;140835,57;496337,71;16/01/2026
1,92101010700000e+24;42767;2025;1;PREFEITURA DO MUNICÍPIO DE SÃO PAULO;Direta;NA;NA;NA;NA;NA;NA;NA;NA;Deduções Acidentes de trânsito;Deduções Acidentes de trânsito;1;Receita Corrente;9;2;1;1;0;1;7;A;S;N;N;N;00.1.501.9001;Tesouro Municipal;S;0;0,00;-4921,02;0,00;0,00;0,00;0,00;0,00;-60,23;0,00;0,00;0,00;0,00;-4981,25;16/01/2026
1,92101010800000e+24;42770;2025;1;PREFEITURA DO MUNICÍPIO DE SÃO PAULO;Direta;NA;NA;NA;NA;NA;NA;NA;NA;Ressarcimento de danos;Ressarcimento de danos;1;Receita Corrente;9;2;1;1;0;1;8;A;S;N;N;S;00.1.501.9001;Tesouro Municipal;N;42118;8284,38;61546,42;32407,28;-681,11;21943,94;208174,72;3419,58;20885,05;11250,09;20755,00;381,44;10763,28;399130,07;16/01/2026
1,92101010800000e+24;42772;2025;1;PREFEITURA DO MUNICÍPIO DE SÃO PAULO;Direta;NA;NA;NA;NA;NA;NA;NA;NA;Deduções Ressarcimento de danos;Deduções Ressarcimento de danos;1;Receita Corrente;9;2;1;1;0;1;8;A;S;N;N;S;00.1.501.9001;Tesouro Municipal;S;0;0,00;-875,92;0,00;0,00;0,00;0,00;0,00;0,00;0,00;0,00;0,00;0,00;-875,92;16/01/2026
1,92101010900000e+24;42775;2025;1;PREFEITURA DO MUNICÍPIO DE SÃO PAULO;Direta;NA;NA;NA;NA;NA;NA;NA;NA;Indenizações por Danos Causados ao Patrimônio Público - Veículos;Indenizações por Danos Causados ao Patrimônio Público - Veículos;1;Receita Corrente;9;2;1;1;0;1;9;A;S;N;N;S;00.1.501.9001;Tesouro Municipal;N;1000;0,00;0,00;0,00;0,00;0,00;0,00;0,00;0,00;0,00;0,00;0,00;0,00;0,00;16/01/2026
1,92101020400000e+24;42779;2025;1;PREFEITURA DO MUNICÍPIO DE SÃO PAULO;Direta;NA;NA;NA;NA;NA;NA;NA;NA;Outras Indenizações por Danos Causados ao Patrimônio Público - Multas e Juros;Outras Indenizações por Danos Causados ao Patrimônio Público - Multas;1;Receita Corrente;9;2;1;1;0;2;4;A;S;N;N;S;00.1.501.9001;Tesouro Municipal;N;0;0,00;0,00;0,00;0,00;0,00;0,00;0,00;0,00;0,00;0,00;3076,16;0,00;3076,16;16/01/2026
1,92101020601002e+24;42784;2025;1;PREFEITURA DO MUNICÍPIO DE SÃO PAULO;Direta;NA;NA;NA;NA;NA;NA;NA;NA;Indenização por danos e Improbidade Administrativa - Multas e Juros;Indenização por danos e Improbidade Administrativa - Multas e Juros;1;Receita Corrente;9;2;1;1;0;2;6;A;S;N;N;S;00.1.501.9001;Tesouro Municipal;N;1000;4714,34;0,00;0,00;9576,08;0,00;340001,28;0,00;214300,83;177616,01;7512,03;0,00;0,00;753720,57;16/01/2026
1,92102010100000e+24;42788;2025;1;PREFEITURA DO MUNICÍPIO DE SÃO PAULO;Direta;NA;NA;NA;NA;NA;NA;NA;NA;Indenização por Posse ou Ocupação Ilícita de Bens Públicos;Indenização por Posse ou Ocupação Ilícita de Bens Públicos;1;Receita Corrente;9;2;1;2;0;1;1;A;S;N;N;S;00.1.501.9001;Tesouro Municipal;N;4334799;1257769,49;271763,73;256128,10;1707763,80;85983,68;616411,51;127162,53;912145,48;611698,46;231237,20;397394,19;372997,80;6848455,97;16/01/2026
1,92102020100000e+24;42792;2025;1;PREFEITURA DO MUNICÍPIO DE SÃO PAULO;Direta;NA;NA;NA;NA;NA;NA;NA;NA;Indenização por Posse ou Ocupação Ilícita de Bens Públicos - Multas e Juros;Indenização por Posse ou Ocupação Ilícita de Bens Públicos - Multas e;1;Receita Corrente;9;2;1;2;0;2;1;A;S;N;N;S;00.1.501.9001;Tesouro Municipal;N;1069098;63298,01;72706,09;71528,04;50276,48;15597,11;29645,13;381,63;75161,55;391,88;15149,21;8032,63;5404,56;407572,32;16/01/2026
1,92199010100000e+24;42802;2025;1;PREFEITURA DO MUNICÍPIO DE SÃO PAULO;Direta;NA;NA;NA;NA;NA;NA;NA;NA;Outras Indenizações - PMSP;Outras Indenizações - PMSP;1;Receita Corrente;9;2;1;99;0;1;1;A;S;N;N;S;00.1.501.9001;Tesouro Municipal;N;234316;0,00;0,00;21505,46;0,00;143399,44;0,00;0,00;122640,02;0,00;92833,04;0,00;11135,71;391513,67;16/01/2026
1,92199010200000e+24;42807;2025;1;PREFEITURA DO MUNICÍPIO DE SÃO PAULO;Direta;35;Fundo Municipal de Defesa do Consumidor;FMDC;NA;NA;NA;NA;NA;Indenizações - Termo de Ajustamento de Conduta - FMDC;Indenizações - Termo de Ajustamento de Conduta - FMDC;1;Receita Corrente;9;2;1;99;0;1;2;A;S;N;N;S;08.1.759.1167;Tesouro Municipal - Recursos Vinculados;N;1000;0,00;0,00;0,00;0,00;0,00;0,00;0,00;0,00;0,00;0,00;0,00;0,00;0,00;16/01/2026
1,92199010300000e+24;42812;2025;1;PREFEITURA DO MUNICÍPIO DE SÃO PAULO;Direta;35;Fundo Municipal de Defesa do Consumidor;FMDC;NA;NA;NA;NA;NA;Indenizações - Decisões Judiciais - FMDC;Indenizações - Decisões Judiciais - FMDC;1;Receita Corrente;9;2;1;99;0;1;3;A;S;N;N;S;08.1.759.1167;Tesouro Municipal - Recursos Vinculados;N;1000;0,00;0,00;0,00;0,00;0,00;0,00;0,00;0,00;0,00;0,00;0,00;0,00;0,00;16/01/2026
1,92299010600000e+24;42910;2025;30;SÃO PAULO URBANISMO;Indireta;5;São Paulo Urbanismo;SPU;NA;NA;NA;NA;NA;Reembolso de Vale Transporte;Reembolso de Vale Transporte;1;Receita Corrente;9;2;2;99;0;1;6;A;S;N;N;S;09.1.501.9001;Recursos Próprios da Empresa Dependente;N;17160;0,00;2281,95;1360,47;1529,20;1529,20;869,86;1062,64;1762,91;1762,91;0,00;2459,55;1291,52;15910,21;16/01/2026
1,92299010600000e+24;42910;2025;83;COMPANHIA METROPOLITANA DE HABITAÇÃO DE SÃO PAULO;Indireta;83;Companhia Metropolitana de Habitação de São Paulo;COHAB;NA;NA;NA;NA;NA;Reembolso de Vale Transporte;Reembolso de Vale Transporte;1;Receita Corrente;9;2;2;99;0;1;6;A;S;N;N;S;09.1.501.9001;Recursos Próprios da Empresa Dependente;N;36000;3448,50;3098,66;3383,70;3018,46;3162,40;3144,76;2863,49;3041,79;3459,99;3215,99;3129,91;3022,37;37990,02;16/01/2026
1,92299010600000e+24;42910;2025;7;AGÊNCIA REG. DE SERV. PÚBLICOS DE SÃO PAULO;Indireta;33;Agência Reg. de Serv. Públicos do Mun de São Paulo;SPREGULA;NA;NA;NA;NA;NA;Reembolso de Vale Transporte;Reembolso de Vale Transporte;1;Receita Corrente;9;2;2;99;0;1;6;A;S;N;N;S;06.1.501.9001;Recursos Próprios da Administração Indireta;N;41760;4077,62;7348,06;5210,74;6697,99;5413,74;4916,55;4913,65;5332,85;5205,94;5624,08;5517,64;5495,62;65754,48;16/01/2026
1,92299010700000e+24;42915;2025;83;COMPANHIA METROPOLITANA DE HABITAÇÃO DE SÃO PAULO;Indireta;83;Companhia Metropolitana de Habitação de São Paulo;COHAB;NA;NA;NA;NA;NA;Reembolso de Vale Refeição;Reembolso de Vale Refeição;1;Receita Corrente;9;2;2;99;0;1;7;A;S;N;N;S;09.1.501.9001;Recursos Próprios da Empresa Dependente;N;276000;23903,86;24182,23;27926,38;29734,39;23511,52;25338,39;24963,78;24177,66;24009,93;22856,97;31617,76;23794,34;306017,21;16/01/2026
1,92299010700000e+24;42915;2025;7;AGÊNCIA REG. DE SERV. PÚBLICOS DE SÃO PAULO;Indireta;33;Agência Reg. de Serv. Públicos do Mun de São Paulo;SPREGULA;NA;NA;NA;NA;NA;Reembolso de Vale Refeição;Reembolso de Vale Refeição;1;Receita Corrente;9;2;2;99;0;1;7;A;S;N;N;S;06.1.501.9001;Recursos Próprios da Administração Indireta;N;2844;0,00;2301,26;694,72;557,16;650,02;0,00;1021,46;0,00;325,01;0,00;603,59;0,00;6153,22;16/01/2026
1,92299010700000e+24;42915;2025;30;SÃO PAULO URBANISMO;Indireta;5;São Paulo Urbanismo;SPU;NA;NA;NA;NA;NA;Reembolso de Vale Refeição;Reembolso de Vale Refeição;1;Receita Corrente;9;2;2;99;0;1;7;A;S;N;N;S;09.1.501.9001;Recursos Próprios da Empresa Dependente;N;185436;0,00;19949,52;8235,39;8214,56;8828,21;7592,65;7734,15;7365,96;8564,66;0,00;20509,97;8248,44;105243,51;16/01/2026
1,92299010800000e+24;42920;2025;7;AGÊNCIA REG. DE SERV. PÚBLICOS DE SÃO PAULO;Indireta;33;Agência Reg. de Serv. Públicos do Mun de São Paulo;SPREGULA;NA;NA;NA;NA;NA;Reembolso de Vale Alimentação;Reembolso de Vale Alimentação;1;Receita Corrente;9;2;2;99;0;1;8;A;S;N;N;S;06.1.501.9001;Recursos Próprios da Administração Indireta;N;0;0,00;1468,14;734,07;784,97;784,97;0,00;0,00;0,00;0,00;0,00;784,97;0,00;4557,12;16/01/2026
1,92299010800000e+24;42920;2025;30;SÃO PAULO URBANISMO;Indireta;5;São Paulo Urbanismo;SPU;NA;NA;NA;NA;NA;Reembolso de Vale Alimentação;Reembolso de Vale Alimentação;1;Receita Corrente;9;2;2;99;0;1;8;A;S;N;N;S;09.1.501.9001;Recursos Próprios da Empresa Dependente;N;87492;0,00;12420,45;5694,36;5607,59;5594,24;5698,17;5778,27;5896,94;6044,29;0,00;12202,84;6212,21;71149,36;16/01/2026
1,92299010800000e+24;42920;2025;83;COMPANHIA METROPOLITANA DE HABITAÇÃO DE SÃO PAULO;Indireta;83;Companhia Metropolitana de Habitação de São Paulo;COHAB;NA;NA;NA;NA;NA;Reembolso de Vale Alimentação;Reembolso de Vale Alimentação;1;Receita Corrente;9;2;2;99;0;1;8;A;S;N;N;S;09.1.501.9001;Recursos Próprios da Empresa Dependente;N;150000;12091,15;14423,67;12560,96;16140,14;11662,43;13381,36;13381,35;12218,31;12473,10;11920,66;12145,31;12777,93;155176,37;16/01/2026
1,92299010900000e+24;42925;2025;30;SÃO PAULO URBANISMO;Indireta;5;São Paulo Urbanismo;SPU;NA;NA;NA;NA;NA;Reembolso de Assistência Odontológica;Reembolso de Assistência Odontológica;1;Receita Corrente;9;2;2;99;0;1;9;A;S;N;N;S;09.1.501.9001;Recursos Próprios da Empresa Dependente;N;76224;0,00;4499,37;2266,53;2266,53;2390,04;2390,04;2508,74;2553,65;2808,41;0,00;5174,30;2603,44;29461,05;16/01/2026
1,92299011000000e+24;42930;2025;83;COMPANHIA METROPOLITANA DE HABITAÇÃO DE SÃO PAULO;Indireta;83;Companhia Metropolitana de Habitação de São Paulo;COHAB;NA;NA;NA;NA;NA;Reembolso de Auxílio Doença;Reembolso de Auxílio Doença;1;Receita Corrente;9;2;2;99;0;1;10;A;S;N;N;S;09.1.501.9001;Recursos Próprios da Empresa Dependente;N;1000;0,00;0,00;0,00;0,00;0,00;0,00;0,00;0,00;0,00;0,00;0,00;0,00;0,00;16/01/2026
1,92299011100000e+24;42935;2025;7;AGÊNCIA REG. DE SERV. PÚBLICOS DE SÃO PAULO;Indireta;33;Agência Reg. de Serv. Públicos do Mun de São Paulo;SPREGULA;NA;NA;NA;NA;NA;Outros Reembolsos - Folha de Pagamento;Outros Reembolsos - Folha de Pagamento;1;Receita Corrente;9;2;2;99;0;1;11;A;S;N;N;S;06.1.501.9001;Recursos Próprios da Administração Indireta;N;0;542,62;1862,07;611,37;0,00;0,00;0,00;0,00;20523,47;396,14;113,92;0,00;0,00;24049,59;16/01/2026
1,92299011100000e+24;42935;2025;22;Fundo Especial de Despesas da Câmara;Legislativo;76;Fundo Especial de Despesas da Câmara Municipal de São Paulo;FECAM;NA;NA;NA;NA;NA;Outros Reembolsos - Folha de Pagamento;Outros Reembolsos - Folha de Pagamento;1;Receita Corrente;9;2;2;99;0;1;11;A;S;N;N;S;08.1.759.8004;Tesouro Municipal - Recursos Vinculados;N;188040;16263,97;14806,99;11614,84;9572,00;16156,71;19809,02;10830,38;9581,88;8622,95;8458,30;9320,72;9561,17;144598,93;16/01/2026
1,92299011200000e+24;42940;2025;85;FUNDAÇÃO THEATRO MUNICIPAL DE SÃO PAULO;Indireta;85;Fundação Theatro Municipal de São Paulo;FTMSP;NA;NA;NA;NA;NA;Restituições Diversas;Restituições Diversas;1;Receita Corrente;9;2;2;99;0;1;12;A;S;N;N;S;06.1.501.9001;Recursos Próprios da Administração Indireta;N;0;91,67;91,67;91,67;4089,30;91,67;91,67;91,67;91,67;91,67;91,67;0,00;91,67;5006,00;16/01/2026
1,92299011200000e+24;42940;2025;81;FUNDO MUNICIPAL DE LIMPEZA URBANA;Indireta;81;Fundo Municipal Limpeza Urbana;FMLU;NA;NA;NA;NA;NA;Restituições Diversas;Restituições Diversas;1;Receita Corrente;9;2;2;99;0;1;12;A;S;N;N;S;08.1.759.8006;Tesouro Municipal - Recursos Vinculados;N;0;464881,90;0,00;929763,80;464881,90;464881,90;464881,90;464881,90;464881,90;0,00;0,00;0,00;0,00;3719055,20;16/01/2026
1,92299011200000e+24;42940;2025;7;AGÊNCIA REG. DE SERV. PÚBLICOS DE SÃO PAULO;Indireta;33;Agência Reg. de Serv. Públicos do Mun de São Paulo;SPREGULA;NA;NA;NA;NA;NA;Restituições Diversas;Restituições Diversas;1;Receita Corrente;9;2;2;99;0;1;12;A;S;N;N;S;06.1.501.9001;Recursos Próprios da Administração Indireta;N;21840;0,00;0,00;0,00;2514,78;3155,92;4181,16;2596,45;3028,90;4065,95;923,00;1419,68;13712,54;35598,38;16/01/2026
1,92299011200000e+24;42940;2025;1;PREFEITURA DO MUNICÍPIO DE SÃO PAULO;Direta;NA;NA;NA;NA;NA;NA;NA;NA;Restituições Diversas;Restituições Diversas;1;Receita Corrente;9;2;2;99;0;1;12;A;S;N;N;S;00.1.501.9001;Tesouro Municipal;N;13068049;1569597,20;488926,10;2623115,13;676200,54;523181,39;1432319,36;522359,60;301778,70;686959,39;709603,60;702429,85;536267,47;10772738,33;16/01/2026
1,92299011200000e+24;42940;2025;91;Fundo Municipal de Habitação - COHAB;Indireta;91;Fundo Municipal de Habitação;FMH;NA;NA;NA;NA;NA;Restituições Diversas;Restituições Diversas;1;Receita Corrente;9;2;2;99;0;1;12;A;S;N;N;S;08.1.759.8011;Tesouro Municipal - Recursos Vinculados;N;1000;7,35;3721,16;134756,14;114367,62;25927,33;1238,07;16467,56;2,12;118,83;170631,39;2516835,77;9801,06;2993874,40;16/01/2026
1,92299011200000e+24;42940;2025;83;COMPANHIA METROPOLITANA DE HABITAÇÃO DE SÃO PAULO;Indireta;83;Companhia Metropolitana de Habitação de São Paulo;COHAB;NA;NA;NA;NA;NA;Restituições Diversas;Restituições Diversas;1;Receita Corrente;9;2;2;99;0;1;12;A;S;N;N;S;09.1.501.9001;Recursos Próprios da Empresa Dependente;N;1065000;9621,47;4043,69;77083,47;38091,13;44789,42;13617,48;120266,22;16553,40;14890,73;76839,21;31376,81;16209,99;463383,02;16/01/2026
1,92299011200000e+24;42940;2025;4;HOSPITAL DO SERVIDOR PÚBLICO MUNICIPAL;Indireta;2;Hospital do Servidor Público Municipal;HSPM;NA;NA;NA;NA;NA;Restituições Diversas;Restituições Diversas;1;Receita Corrente;9;2;2;99;0;1;12;A;S;N;N;S;06.1.501.9001;Recursos Próprios da Administração Indireta;N;1200;0,00;0,00;0,00;0,00;0,00;0,00;0,00;0,00;0,00;0,00;0,00;0,00;0,00;16/01/2026
1,92299011200000e+24;42942;2025;1;PREFEITURA DO MUNICÍPIO DE SÃO PAULO;Direta;NA;NA;NA;NA;NA;NA;NA;NA;Deduções Restituições Diversas;Deduções Restituições Diversas;1;Receita Corrente;9;2;2;99;0;1;12;A;S;N;N;S;00.1.501.9001;Tesouro Municipal;S;0;0,00;0,00;0,00;0,00;0,00;0,00;-123663,64;0,00;0,00;-21505,10;0,00;-18466,08;-163634,82;16/01/2026
1,92299011200000e+24;42945;2025;1;PREFEITURA DO MUNICÍPIO DE SÃO PAULO;Direta;NA;NA;NA;NA;NA;NA;NA;NA;Restituições Diversas - Parcelamentos;Restituições Diversas - Parcelamentos;1;Receita Corrente;9;2;2;99;0;1;12;A;S;N;N;S;00.1.501.9001;Tesouro Municipal;N;453104;36140,76;37685,32;21965,51;20421,19;18424,48;18263,61;17902,78;15729,63;18891,97;17842,23;24298,28;55242,12;302807,88;16/01/2026
1,92299011200000e+24;42947;2025;1;PREFEITURA DO MUNICÍPIO DE SÃO PAULO;Direta;NA;NA;NA;NA;NA;NA;NA;NA;Deduções Restituições Diversas - Parcelamentos;Deduções Restituições Diversas - Parcelamentos;1;Receita Corrente;9;2;2;99;0;1;12;A;S;N;N;S;00.1.501.9001;Tesouro Municipal;S;0;-12,83;0,00;-20,13;-4,29;-2,21;-27,11;-120,67;-264,08;-0,40;-1,18;-2,17;-1,22;-456,29;16/01/2026
1,92299011300000e+24;42950;2025;7;AGÊNCIA REG. DE SERV. PÚBLICOS DE SÃO PAULO;Indireta;33;Agência Reg. de Serv. Públicos do Mun de São Paulo;SPREGULA;NA;NA;NA;NA;NA;Reembolsos INSS de Salário Família/ Salario Maternidade;Reembolsos INSS de Salário Família/ Salario Maternidade;1;Receita Corrente;9;2;2;99;0;1;13;A;S;N;N;S;06.1.501.9001;Recursos Próprios da Administração Indireta;N;0;0,00;0,00;0,00;0,00;0,00;0,00;0,00;0,00;0,00;0,00;0,00;0,00;0,00;16/01/2026
1,92299011300000e+24;42950;2025;1;PREFEITURA DO MUNICÍPIO DE SÃO PAULO;Direta;NA;NA;NA;NA;NA;NA;NA;NA;Reembolsos INSS de Salário Família/ Salario Maternidade;Reembolsos INSS de Salário Família/ Salario Maternidade;1;Receita Corrente;9;2;2;99;0;1;13;A;S;N;N;S;00.1.501.9001;Tesouro Municipal;N;0;0,00;0,00;0,00;0,00;0,00;12197,60;8692,54;8692,54;6449,30;13219,08;4346,27;289,75;53887,08;16/01/2026
1,92299011500000e+24;42960;2025;1;PREFEITURA DO MUNICÍPIO DE SÃO PAULO;Direta;35;Fundo Municipal de Defesa do Consumidor;FMDC;NA;NA;NA;NA;NA;Restituições Diversas - FMDC;Restituições Diversas - FMDC;1;Receita Corrente;9;2;2;99;0;1;15;A;S;N;N;S;08.1.759.1167;Tesouro Municipal - Recursos Vinculados;N;1000;0,00;0,00;0,00;0,00;0,00;0,00;0,00;0,00;0,00;0,00;0,00;0,00;0,00;16/01/2026
1,92299011600000e+24;42965;2025;1;PREFEITURA DO MUNICÍPIO DE SÃO PAULO;Direta;NA;NA;NA;NA;NA;NA;NA;NA;Restituições de Bloqueios Judiciais;Restituições de Bloqueios Judiciais;1;Receita Corrente;9;2;2;99;0;1;16;A;S;N;N;S;00.1.501.9001;Tesouro Municipal;N;689070;4795158,24;928004,18;0,00;16157,66;0,00;0,00;0,00;0,00;0,00;0,00;0,00;0,00;5739320,08;16/01/2026
1,92299011600000e+24;42965;2025;91;Fundo Municipal de Habitação - COHAB;Indireta;91;Fundo Municipal de Habitação;FMH;NA;NA;NA;NA;NA;Restituições de Bloqueios Judiciais;Restituições de Bloqueios Judiciais;1;Receita Corrente;9;2;2;99;0;1;16;A;S;N;N;S;08.1.759.8011;Tesouro Municipal - Recursos Vinculados;N;1000;0,00;0,00;0,00;0,00;0,00;0,00;0,00;0,00;0,00;0,00;0,00;0,00;0,00;16/01/2026
1,92299011800000e+24;42973;2025;1;PREFEITURA DO MUNICÍPIO DE SÃO PAULO;Direta;NA;NA;NA;NA;NA;NA;NA;NA;Restituições - S.D.A.;Restituições - S.D.A.;1;Receita Corrente;9;2;2;99;0;1;18;A;S;N;N;S;00.1.501.9001;Tesouro Municipal;N;251831;18408,32;18626,48;19733,28;14043,42;29309,34;53994,81;18291,04;19078,62;28643,58;19448,36;18605,64;17638,39;275821,28;16/01/2026
1,92299012000000e+24;42979;2025;1;PREFEITURA DO MUNICÍPIO DE SÃO PAULO;Direta;NA;NA;NA;NA;NA;NA;NA;NA;Restituição - Agentes Públicos Demitidos, Exonerados, Licenciados ou Falecidos;Restituição - Agentes Públicos Demitidos, Exonerados, Licenciados ou F;1;Receita Corrente;9;2;2;99;0;1;20;A;S;N;N;S;00.1.501.9001;Tesouro Municipal;N;1507259;94326,51;116751,89;103240,44;188378,76;166241,06;229351,33;49906,75;167511,29;281676,13;117271,24;118322,01;194238,70;1827216,11;16/01/2026
1,92299012100000e+24;42984;2025;1;PREFEITURA DO MUNICÍPIO DE SÃO PAULO;Direta;NA;NA;NA;NA;NA;NA;NA;NA;Restituições - Débitos de Servidores Municipais Ativos;Restituições - Débitos de Servidores Municipais Ativos;1;Receita Corrente;9;2;2;99;0;1;21;A;S;N;N;S;00.1.501.9001;Tesouro Municipal;N;1256145;108886,56;89752,49;61890,78;75928,80;101314,53;81398,94;146297,53;56913,22;44235,11;84789,57;105354,32;36069,21;992831,06;16/01/2026
1,92299012200000e+24;42987;2025;22;Fundo Especial de Despesas da Câmara;Legislativo;76;Fundo Especial de Despesas da Câmara Municipal de São Paulo;FECAM;NA;NA;NA;NA;NA;Reembolso de Despesas - FECAM;Reembolso de Despesas - FECAM;1;Receita Corrente;9;2;2;99;0;1;22;A;S;N;N;S;08.1.759.8004;Tesouro Municipal - Recursos Vinculados;N;65640;9391,66;2034,46;5699,47;9817,50;6961,07;12084,50;6382,65;6764,75;7140,43;12179,85;2630,82;566,56;81653,72;16/01/2026
1,92299012300000e+24;42990;2025;1;PREFEITURA DO MUNICÍPIO DE SÃO PAULO;Direta;NA;NA;NA;NA;NA;NA;NA;NA;Restituições - Glosa Adiantamento;Restituições - Glosa Adiantamento;1;Receita Corrente;9;2;2;99;0;1;23;A;S;N;N;S;00.1.501.9001;Tesouro Municipal;N;39680;4215,81;16445,52;5450,00;-4000,00;0,00;0,00;793,76;742,35;629,70;2378,08;7606,58;1267,00;35528,80;16/01/2026
1,92299012400000e+24;42995;2025;30;SÃO PAULO URBANISMO;Indireta;5;São Paulo Urbanismo;SPU;NA;NA;NA;NA;NA;Outras Restituições - SP URBANISMO;Outras Restituições - SP URBANISMO;1;Receita Corrente;9;2;2;99;0;1;24;A;S;N;N;N;09.1.501.9001;Recursos Próprios da Empresa Dependente;N;168000;15748,15;34871,20;25933,52;27157,37;411789,87;1886966,11;7769,06;6561,24;7551,79;0,00;16990,85;8483,52;2449822,68;16/01/2026
1,92299012500000e+24;42998;2025;1;PREFEITURA DO MUNICÍPIO DE SÃO PAULO;Direta;NA;NA;NA;NA;NA;NA;NA;NA;Reembolso de despesas com água e energia elétrica;Reembolso de despesas com água e energia elétrica;1;Receita Corrente;9;2;2;99;0;1;25;A;S;N;N;S;00.1.501.9001;Tesouro Municipal;N;41029;0,00;50952,64;0,00;6319,95;0,00;0,00;0,00;0,00;53,96;0,00;0,00;16137,05;73463,60;16/01/2026
1,92299012600000e+24;43001;2025;1;PREFEITURA DO MUNICÍPIO DE SÃO PAULO;Direta;NA;NA;NA;NA;NA;NA;NA;NA;Restituição de Despesas Relativas à Custas Judiciais;Restituição de Despesas Relativas à Custas Judiciais;1;Receita Corrente;9;2;2;99;0;1;26;A;S;N;N;S;00.1.501.9001;Tesouro Municipal;N;10610;0,00;0,00;0,00;0,00;0,00;0,00;0,00;0,00;0,00;0,00;0,00;0,00;0,00;16/01/2026
1,92299012700000e+24;43004;2025;1;PREFEITURA DO MUNICÍPIO DE SÃO PAULO;Direta;NA;NA;NA;NA;NA;NA;NA;NA;Restituição dos Custos de Serviços e Materiais Utilizados - LAI - Decreto 53623/2012, Art. 7º;Restituição dos Custos de Serviços e Materiais Utilizados - LAI - Decr;1;Receita Corrente;9;2;2;99;0;1;27;A;S;N;N;S;00.1.501.9001;Tesouro Municipal;N;1000;0,00;0,00;60,00;0,00;0,00;0,00;0,00;0,00;0,00;0,00;0,00;0,00;60,00;16/01/2026
1,92299012900000e+24;43012;2025;1;PREFEITURA DO MUNICÍPIO DE SÃO PAULO;Direta;NA;NA;NA;NA;NA;NA;NA;NA;Restituição de Despesas Relativas a Emolumentos de Cartório;Restituição de Despesas Relativas a Emolumentos de Cartório;1;Receita Corrente;9;2;2;99;0;1;29;A;S;N;N;S;00.1.501.9001;Tesouro Municipal;N;1000;0,00;121,81;0,00;13,49;0,00;0,00;0,00;0,00;0,00;0,00;0,00;12,04;147,34;16/01/2026
1,92299013000000e+24;43015;2025;30;SÃO PAULO URBANISMO;Indireta;5;São Paulo Urbanismo;SPU;NA;NA;NA;NA;NA;Outros Reembolsos - Folha de Pagamento - SP Urbanismo;Outros Reembolsos - Folha de Pagamento - SP Urbanismo;1;Receita Corrente;9;2;2;99;0;1;30;A;S;N;N;S;09.1.501.9001;Recursos Próprios da Empresa Dependente;N;64680;340,89;535,93;2322,91;911,96;924,74;1024,74;157,44;157,44;924,74;924,74;169,14;1854,05;10248,72;16/01/2026
1,92299013100000e+24;43018;2025;1;PREFEITURA DO MUNICÍPIO DE SÃO PAULO;Direta;NA;NA;NA;NA;NA;NA;NA;NA;Restituição - Multas de Trânsito;Restituição - Multas de Trânsito;1;Receita Corrente;9;2;2;99;0;1;31;A;S;N;N;S;00.1.501.9001;Tesouro Municipal;N;0;0,00;0,00;0,00;0,00;0,00;0,00;0,00;0,00;0,00;9365,71;0,00;0,00;9365,71;16/01/2026
1,92299013200000e+24;43021;2025;1;PREFEITURA DO MUNICÍPIO DE SÃO PAULO;Direta;NA;NA;NA;NA;NA;NA;NA;NA;Restituição de Valores Pagos à Maior - Tesouro Municipal;Restituição de Valores Pagos à Maior - Tesouro Municipal;1;Receita Corrente;9;2;2;99;0;1;32;A;S;N;N;S;00.1.501.9001;Tesouro Municipal;N;1000;0,00;0,00;0,00;0,00;0,00;0,00;0,00;0,00;0,00;0,00;0,00;0,00;0,00;16/01/2026
1,92299021100000e+24;43025;2025;22;Fundo Especial de Despesas da Câmara;Legislativo;76;Fundo Especial de Despesas da Câmara Municipal de São Paulo;FECAM;NA;NA;NA;NA;NA;Outros Reembolsos- Folha de Pagamento- Multas e Juros;Outros Reembolsos- Folha de Pagamento- Multas e Juros;1;Receita Corrente;9;2;2;99;0;2;11;A;S;N;N;S;08.1.759.8004;Tesouro Municipal - Recursos Vinculados;N;3360;170,60;149,07;222,24;625,68;529,42;406,44;445,06;398,75;200,03;374,26;539,97;291,87;4353,39;16/01/2026
1,92299021800000e+24;43028;2025;1;PREFEITURA DO MUNICÍPIO DE SÃO PAULO;Direta;NA;NA;NA;NA;NA;NA;NA;NA;Restituições - S.D.A. - Multas e Juros;Restituições - S.D.A. - Multas e Juros;1;Receita Corrente;9;2;2;99;0;2;18;A;S;N;N;S;00.1.501.9001;Tesouro Municipal;N;64304;3006,16;2682,96;4389,80;2665,50;3378,30;20933,90;4025,16;3452,57;4151,29;3337,59;2305,06;1800,52;56128,81;16/01/2026
1,92299022200000e+24;43034;2025;22;Fundo Especial de Despesas da Câmara;Legislativo;76;Fundo Especial de Despesas da Câmara Municipal de São Paulo;FECAM;NA;NA;NA;NA;NA;Reembolso de despesas- FECAM- Multas e Juros;Reembolso de despesas- FECAM- Multas e Juros;1;Receita Corrente;9;2;2;99;0;2;22;A;S;N;N;S;08.1.759.8004;Tesouro Municipal - Recursos Vinculados;N;1000;0,00;0,00;0,00;0,00;0,00;0,00;0,00;0,00;0,00;0,00;0,00;0,00;0,00;16/01/2026
1,92399010100000e+24;43087;2025;1;PREFEITURA DO MUNICÍPIO DE SÃO PAULO;Direta;NA;NA;NA;NA;NA;NA;NA;NA;Ressarcimentos Decorrentes da Cobrança de Dívida Ativa;Ressarcimentos Decorrentes da Cobrança de Dívida Ativa;1;Receita Corrente;9;2;3;99;0;1;1;A;S;N;N;S;00.1.501.9001;Tesouro Municipal;N;77304;2205,88;3909,20;4692,60;3770,71;8855,79;4951,16;7231,64;4744,27;7851,12;9688,99;2071,30;2138,12;62110,78;16/01/2026
1,92399010400000e+24;43098;2025;1;PREFEITURA DO MUNICÍPIO DE SÃO PAULO;Direta;NA;NA;NA;NA;NA;NA;NA;NA;"Ressarcimento de Despesas - Autódromo Municipal José Carlos Pace""""";"Ressarcimento de Despesas - Autódromo Municipal José Carlos Pace""""";1;Receita Corrente;9;2;3;99;0;1;4;A;S;N;N;S;00.1.501.9001;Tesouro Municipal;N;1690899;72924,88;81010,32;81154,48;23779,76;108965,91;428351,76;0,00;1992,20;5913,05;295615,28;332733,24;191311,12;1623752,00;16/01/2026
1,92399010600000e+24;43104;2025;1;PREFEITURA DO MUNICÍPIO DE SÃO PAULO;Direta;NA;NA;NA;NA;NA;NA;NA;NA;Outros Ressarcimentos - Ações Judiciais;Outros Ressarcimentos - Ações Judiciais;1;Receita Corrente;9;2;3;99;0;1;6;A;S;N;N;S;00.1.501.9001;Tesouro Municipal;N;295330;482,01;7896,25;21824,54;380350,21;38639,01;5913,67;1925,43;428,86;20040,13;286809,22;443,89;21502,49;786255,71;16/01/2026
1,92399010700000e+24;43109;2025;1;PREFEITURA DO MUNICÍPIO DE SÃO PAULO;Direta;NA;NA;NA;NA;NA;NA;NA;NA;Ressarcimentos - Serviços Executados pela MSP;Ressarcimentos - Serviços Executados pela MSP;1;Receita Corrente;9;2;3;99;0;1;7;A;S;N;N;N;00.1.501.9001;Tesouro Municipal;N;149171;0,00;0,00;7385,47;0,00;0,00;0,00;0,00;0,00;0,00;0,00;0,00;0,00;7385,47;16/01/2026
1,92399010800000e+24;43112;2025;1;PREFEITURA DO MUNICÍPIO DE SÃO PAULO;Direta;NA;NA;NA;NA;NA;NA;NA;NA;Outros Ressarcimentos;Outros Ressarcimentos;1;Receita Corrente;9;2;3;99;0;1;8;A;S;N;N;S;00.1.501.9001;Tesouro Municipal;N;270682;14352,32;44407,85;16617,63;20293,54;870923,09;43710,30;9777,14;24012,56;72345,03;24614,63;1123064,85;281352,73;2545471,67;16/01/2026
1,92399010800000e+24;43112;2025;7;AGÊNCIA REG. DE SERV. PÚBLICOS DE SÃO PAULO;Indireta;33;Agência Reg. de Serv. Públicos do Mun de São Paulo;SPREGULA;NA;NA;NA;NA;NA;Outros Ressarcimentos;Outros Ressarcimentos;1;Receita Corrente;9;2;3;99;0;1;8;A;S;N;N;S;06.1.501.9001;Recursos Próprios da Administração Indireta;N;0;0,00;0,00;0,00;0,00;0,00;0,00;0,00;0,00;0,00;0,00;0,00;926,03;926,03;16/01/2026
1,92399010900000e+24;43115;2025;1;PREFEITURA DO MUNICÍPIO DE SÃO PAULO;Direta;NA;NA;NA;NA;NA;NA;NA;NA;Ressarcimento - Desistência Ação Expropriatória;Ressarcimento - Desistência Ação Expropriatória;1;Receita Corrente;9;2;3;99;0;1;9;A;S;N;N;S;00.1.501.9001;Tesouro Municipal;N;263928;0,00;0,00;0,00;0,00;0,00;0,00;0,00;0,00;26903,92;-26903,92;0,00;0,00;0,00;16/01/2026
1,93105010200000e+24;43133;2025;1;PREFEITURA DO MUNICÍPIO DE SÃO PAULO;Direta;94;Fundo Especial do Meio Ambiente e Desenvolvimento Sustentável;FEMA;NA;NA;NA;NA;NA;Determinações Judiciais ao FEMA;Determinações Judiciais ao FEMA;1;Receita Corrente;9;3;1;5;0;1;2;A;S;N;N;S;08.1.759.0081;Tesouro Municipal - Recursos Vinculados;N;1000;0,00;0,00;0,00;0,00;0,00;0,00;0,00;0,00;0,00;0,00;0,00;0,00;0,00;16/01/2026
1,94999027600000e+24;43172;2025;1;PREFEITURA DO MUNICÍPIO DE SÃO PAULO;Direta;98;Fundo de Desenvolvimento Urbano;FUNDURB;NA;NA;NA;NA;NA;Outorga Onerosa - Plano Diretor - Direito de Construir - FUNDURB - Multas e Juros;Outorga Onerosa - Plano Diretor - Direito de Construir - FUNDURB - Mul;1;Receita Corrente;9;4;9;99;0;2;76;A;S;N;N;S;08.1.759.0402;Tesouro Municipal - Recursos Vinculados;N;84881;8,19;22,20;93,72;1426,32;681,20;0,00;168,42;2123,80;0,00;0,00;0,00;139,25;4663,10;16/01/2026
1,99903010100000e+24;43180;2025;9;FUNDO FINANCEIRO - FUNFIN;Indireta;3;Fundo Financeiro - FUNFIN;FUNFIN;NA;NA;NA;NA;NA;Compensações Financeiras entre o RGPS e o RPPS;Compensações Financeiras entre o RGPS e o RPPS;1;Receita Corrente;9;9;9;3;0;1;1;A;S;N;N;S;20.1.801.9001;Recursos Vinculados à Previdência Social;N;42547272;1798018,85;2098537,50;2437615,62;3728534,41;1085786,77;2967951,72;4241300,29;987315,32;985993,91;1318875,23;5908683,26;7965560,93;35524173,81;16/01/2026
1,99903010100000e+24;43180;2025;8;FUNDO PREVIDENCIÁRIO - FUNPREV;Indireta;3;Fundo Previdenciário - FUNPREV;FUNPREV;NA;NA;NA;NA;NA;Compensações Financeiras entre o RGPS e o RPPS;Compensações Financeiras entre o RGPS e o RPPS;1;Receita Corrente;9;9;9;3;0;1;1;A;S;N;N;S;20.1.800.9001;Recursos Vinculados à Previdência Social;N;104582640;5953441,29;6488511,67;7865866,64;8352418,28;7527650,31;5821650,67;8295746,56;5324539,93;5494908,46;3764054,62;639114,42;15068377,55;80596280,40;16/01/2026
1,99903010100000e+24;43184;2025;8;FUNDO PREVIDENCIÁRIO - FUNPREV;Indireta;3;Fundo Previdenciário - FUNPREV;FUNPREV;NA;NA;NA;NA;NA;Parcelamento de Compensações Financeiras entre o RGPS e o RPPS;Parcelamento de Compensações Financeiras entre o RGPS e o RPPS;1;Receita Corrente;9;9;9;3;0;1;1;A;S;N;N;S;20.1.800.9001;Recursos Vinculados à Previdência Social;N;5291160;0,00;0,00;0,00;0,00;0,00;0,00;0,00;0,00;0,00;0,00;0,00;0,00;0,00;16/01/2026
1,99903010100000e+24;43184;2025;9;FUNDO FINANCEIRO - FUNFIN;Indireta;3;Fundo Financeiro - FUNFIN;FUNFIN;NA;NA;NA;NA;NA;Parcelamento de Compensações Financeiras entre o RGPS e o RPPS;Parcelamento de Compensações Financeiras entre o RGPS e o RPPS;1;Receita Corrente;9;9;9;3;0;1;1;A;S;N;N;S;20.1.801.9001;Recursos Vinculados à Previdência Social;N;195936;0,00;0,00;0,00;0,00;0,00;0,00;0,00;0,00;0,00;0,00;0,00;0,00;0,00;16/01/2026
1,99903010200000e+24;43189;2025;8;FUNDO PREVIDENCIÁRIO - FUNPREV;Indireta;3;Fundo Previdenciário - FUNPREV;FUNPREV;NA;NA;NA;NA;NA;Compensações Financeiras entre Regimes Próprios de Previdência Social - Estados;Compensações Financeiras entre Regimes Próprios de Previdência Social;1;Receita Corrente;9;9;9;3;0;1;2;A;S;N;N;S;20.1.800.9001;Recursos Vinculados à Previdência Social;N;24737316;308305,09;2461762,38;206321,61;708622,75;2307986,01;3393723,01;2476351,37;782556,73;1117262,65;799653,01;1112788,21;1176232,66;16851565,48;16/01/2026
1,99903010200000e+24;43189;2025;9;FUNDO FINANCEIRO - FUNFIN;Indireta;3;Fundo Financeiro - FUNFIN;FUNFIN;NA;NA;NA;NA;NA;Compensações Financeiras entre Regimes Próprios de Previdência Social - Estados;Compensações Financeiras entre Regimes Próprios de Previdência Social;1;Receita Corrente;9;9;9;3;0;1;2;A;S;N;N;S;20.1.801.9001;Recursos Vinculados à Previdência Social;N;6097932;310840,49;3650476,08;487379,41;2287510,27;1947657,22;2885859,10;3692609,40;1739811,02;977392,60;931628,93;738126,36;1250495,00;20899785,88;16/01/2026
1,99903010300000e+24;43192;2025;9;FUNDO FINANCEIRO - FUNFIN;Indireta;3;Fundo Financeiro - FUNFIN;FUNFIN;NA;NA;NA;NA;NA;Compensações Financeiras entre Regimes Próprios de Previdência Social - Munícipios;Compensações Financeiras entre Regimes Próprios de Previdência Social;1;Receita Corrente;9;9;9;3;0;1;3;A;S;N;N;S;20.1.801.9001;Recursos Vinculados à Previdência Social;N;823212;35400,57;9620,15;7173,64;8955,22;7978,94;7978,94;6942,30;132499,21;10153,96;22693,96;25260,99;52172,53;326830,41;16/01/2026
1,99903010300000e+24;43192;2025;8;FUNDO PREVIDENCIÁRIO - FUNPREV;Indireta;3;Fundo Previdenciário - FUNPREV;FUNPREV;NA;NA;NA;NA;NA;Compensações Financeiras entre Regimes Próprios de Previdência Social - Munícipios;Compensações Financeiras entre Regimes Próprios de Previdência Social;1;Receita Corrente;9;9;9;3;0;1;3;A;S;N;N;S;20.1.800.9001;Recursos Vinculados à Previdência Social;N;4711872;3371,82;4848,35;5577,21;28900,33;9586,20;13469,49;7404,47;8086,83;6615,66;6615,66;82469,14;36787,89;213733,05;16/01/2026
1,99903020100000e+24;43196;2025;8;FUNDO PREVIDENCIÁRIO - FUNPREV;Indireta;3;Fundo Previdenciário - FUNPREV;FUNPREV;NA;NA;NA;NA;NA;Multas e Juros - Compensações Financeiras entre o RGPS e o RPPS;Multas e Juros - Compensações Financeiras entre o RGPS e o RPPS;1;Receita Corrente;9;9;9;3;0;2;1;A;S;N;N;S;20.1.800.9001;Recursos Vinculados à Previdência Social;N;1000;0,00;0,00;0,00;0,00;0,00;0,00;0,00;0,00;0,00;0,00;0,00;0,00;0,00;16/01/2026
1,99912110101000e+24;43215;2025;1;PREFEITURA DO MUNICÍPIO DE SÃO PAULO;Direta;21;Procuradoria Geral do Município - PGM;PGM;NA;NA;NA;NA;NA;Receita de Honorários de Advogados;Receita de Honorários de Advogados;1;Receita Corrente;9;9;9;12;1;1;1;A;S;N;N;N;08.1.799.9002;Tesouro Municipal - Recursos Vinculados;N;0;0,00;0,00;0,00;0,00;0,00;0,00;0,00;0,00;0,00;0,00;0,00;0,00;0,00;16/01/2026
1,99912110101000e+24;43220;2025;1;PREFEITURA DO MUNICÍPIO DE SÃO PAULO;Direta;21;Procuradoria Geral do Município - PGM;PGM;NA;NA;NA;NA;NA;Receita de Honorários de Advogados - Parcelamentos;Receita de Honorários de Advogados - Parcelamentos;1;Receita Corrente;9;9;9;12;1;1;1;A;S;N;N;S;08.1.799.9002;Tesouro Municipal - Recursos Vinculados;N;0;0,00;0,00;0,00;0,00;0,00;0,00;0,00;0,00;0,00;0,00;0,00;0,00;0,00;16/01/2026
1,99912110102000e+24;43225;2025;1;PREFEITURA DO MUNICÍPIO DE SÃO PAULO;Direta;21;Procuradoria Geral do Município - PGM;PGM;NA;NA;NA;NA;NA;Receita de Honorários de Advogados - Folha de Pagamento;Receita de Honorários de Advogados - Folha de Pagamento;1;Receita Corrente;9;9;9;12;1;1;1;A;S;N;N;S;08.1.799.9002;Tesouro Municipal - Recursos Vinculados;N;0;0,00;0,00;0,00;0,00;0,00;0,00;0,00;0,00;0,00;0,00;0,00;0,00;0,00;16/01/2026
1,99912120101000e+24;43232;2025;1;PREFEITURA DO MUNICÍPIO DE SÃO PAULO;Direta;21;Procuradoria Geral do Município - PGM;PGM;NA;NA;NA;NA;NA;Receita de Honorários de Advogados - Multas e Juros;Receita de Honorários de Advogados - Multas e Juros;1;Receita Corrente;9;9;9;12;1;2;1;A;S;N;N;N;08.1.799.9002;Tesouro Municipal - Recursos Vinculados;N;0;0,00;0,00;0,00;0,00;0,00;0,00;0,00;0,00;0,00;0,00;0,00;0,00;0,00;16/01/2026
1,99912120101000e+24;43237;2025;1;PREFEITURA DO MUNICÍPIO DE SÃO PAULO;Direta;21;Procuradoria Geral do Município - PGM;PGM;NA;NA;NA;NA;NA;Receita de Honorários de Advogados - Parcelamentos - Multas e Juros;Receita de Honorários de Advogados - Parcelamentos - Multas e Juros;1;Receita Corrente;9;9;9;12;1;2;1;A;S;N;N;S;08.1.799.9002;Tesouro Municipal - Recursos Vinculados;N;0;0,00;0,00;0,00;0,00;0,00;0,00;0,00;0,00;0,00;0,00;0,00;0,00;0,00;16/01/2026
1,99912210101000e+24;43250;2025;1;PREFEITURA DO MUNICÍPIO DE SÃO PAULO;Direta;NA;NA;NA;NA;NA;NA;NA;NA;Receita de Ônus de Sucumbência;Receita de Ônus de Sucumbência;1;Receita Corrente;9;9;9;12;2;1;1;A;S;N;N;S;00.1.501.9001;Tesouro Municipal;N;2241072;103041,36;94896,49;96023,33;1025329,30;528925,79;-408880,05;15410,44;287537,46;96684,06;11120,15;107972,83;128478,19;2086539,35;16/01/2026
1,99912210101000e+24;43252;2025;1;PREFEITURA DO MUNICÍPIO DE SÃO PAULO;Direta;NA;NA;NA;NA;NA;NA;NA;NA;Deduções Receita de Ônus de Sucumbência;Deduções Receita de Ônus de Sucumbência;1;Receita Corrente;9;9;9;12;2;1;1;A;S;N;N;S;00.1.501.9001;Tesouro Municipal;S;0;0,00;0,00;0,00;0,00;0,00;0,00;0,00;0,00;0,00;-1504,68;0,00;0,00;-1504,68;16/01/2026
1,99999210300000e+24;43287;2025;1;PREFEITURA DO MUNICÍPIO DE SÃO PAULO;Direta;95;Fundo Especial de Promoção de Atividades Culturais;FEPAC;NA;NA;NA;NA;NA;FEPAC;FEPAC;1;Receita Corrente;9;9;9;99;2;1;3;A;S;N;N;S;08.1.759.0021;Tesouro Municipal - Recursos Vinculados;N;1477368;38206,32;165217,72;64802,29;284689,51;173779,11;62804,70;92257,50;20473,67;50136,02;189043,85;36534,81;48585,64;1226531,14;16/01/2026
1,99999210300000e+24;43289;2025;1;PREFEITURA DO MUNICÍPIO DE SÃO PAULO;Direta;95;Fundo Especial de Promoção de Atividades Culturais;FEPAC;NA;NA;NA;NA;NA;Deduções FEPAC;Deduções FEPAC;1;Receita Corrente;9;9;9;99;2;1;3;A;S;N;N;S;08.1.759.0021;Tesouro Municipal - Recursos Vinculados;S;0;0,00;0,00;0,00;0,00;0,00;0,00;-4989,59;0,00;0,00;0,00;0,00;0,00;-4989,59;16/01/2026
1,99999210800000e+24;43302;2025;1;PREFEITURA DO MUNICÍPIO DE SÃO PAULO;Direta;94;Fundo Especial do Meio Ambiente e Desenvolvimento Sustentável;FEMA;NA;NA;NA;NA;NA;FEMA;FEMA;1;Receita Corrente;9;9;9;99;2;1;8;A;S;N;N;S;08.1.759.0081;Tesouro Municipal - Recursos Vinculados;N;8923200;689566,40;700809,00;739616,55;873323,98;738759,65;692724,97;835292,22;783011,02;839402,63;1127012,52;723797,21;726784,13;9470100,28;16/01/2026
1,99999210800000e+24;43304;2025;1;PREFEITURA DO MUNICÍPIO DE SÃO PAULO;Direta;94;Fundo Especial do Meio Ambiente e Desenvolvimento Sustentável;FEMA;NA;NA;NA;NA;NA;Deduções FEMA;Deduções FEMA;1;Receita Corrente;9;9;9;99;2;1;8;A;S;N;N;S;08.1.759.0081;Tesouro Municipal - Recursos Vinculados;S;0;0,00;-5144,00;0,00;0,00;-442,70;-1598,00;-5433,68;-13174,03;-5336,70;-5227,20;-1336,85;-917,00;-38610,16;16/01/2026
1,99999211200000e+24;43307;2025;5;INSTITUTO DE PREVIDÊNCIA MUNICIPAL DE SÃO PAULO;Indireta;3;Instituto de Previdência Municipal de São Paulo;IPREM;NA;NA;NA;NA;NA;Outras Receitas;Outras Receitas;1;Receita Corrente;9;9;9;99;2;1;12;A;S;N;N;S;00.1.501.9001;Tesouro Municipal;N;1008;0,02;0,00;0,00;0,00;0,00;0,00;0,00;0,00;0,00;0,00;0,00;0,00;0,02;16/01/2026
1,99999211200000e+24;43307;2025;7;AGÊNCIA REG. DE SERV. PÚBLICOS DE SÃO PAULO;Indireta;33;Agência Reg. de Serv. Públicos do Mun de São Paulo;SPREGULA;NA;NA;NA;NA;NA;Outras Receitas;Outras Receitas;1;Receita Corrente;9;9;9;99;2;1;12;A;S;N;N;S;06.1.501.9001;Recursos Próprios da Administração Indireta;N;0;0,00;42,40;21,20;21,20;21,20;3355,48;21,20;4950,23;1734,77;21,20;6442,25;10209,96;26841,09;16/01/2026
1,99999211200000e+24;43307;2025;4;HOSPITAL DO SERVIDOR PÚBLICO MUNICIPAL;Indireta;2;Hospital do Servidor Público Municipal;HSPM;NA;NA;NA;NA;NA;Outras Receitas;Outras Receitas;1;Receita Corrente;9;9;9;99;2;1;12;A;S;N;N;S;06.1.501.9001;Recursos Próprios da Administração Indireta;N;14958300;2010131,36;1642088,46;3308988,10;1449180,48;565430,19;2249243,40;1193407,77;1634599,34;2269238,02;1930274,15;490848,84;503062,32;19246492,43;16/01/2026
1,99999211200000e+24;43307;2025;9;FUNDO FINANCEIRO - FUNFIN;Indireta;3;Fundo Financeiro - FUNFIN;FUNFIN;NA;NA;NA;NA;NA;Outras Receitas;Outras Receitas;1;Receita Corrente;9;9;9;99;2;1;12;A;S;N;N;S;20.1.801.9001;Recursos Vinculados à Previdência Social;N;1000;374,61;374,61;374,61;374,61;405,56;374,61;374,61;574,39;374,61;0,00;0,00;1117431,42;1121033,64;16/01/2026
1,99999211200000e+24;43307;2025;1;PREFEITURA DO MUNICÍPIO DE SÃO PAULO;Direta;NA;NA;NA;NA;NA;NA;NA;NA;Outras Receitas;Outras Receitas;1;Receita Corrente;9;9;9;99;2;1;12;A;S;N;N;S;00.1.501.9001;Tesouro Municipal;N;0;1700,59;18,10;0,00;0,00;114194,57;0,00;18,10;18,10;0,00;0,00;0,00;0,00;115949,46;16/01/2026
1,99999211200000e+24;43307;2025;8;FUNDO PREVIDENCIÁRIO - FUNPREV;Indireta;3;Fundo Previdenciário - FUNPREV;FUNPREV;NA;NA;NA;NA;NA;Outras Receitas;Outras Receitas;1;Receita Corrente;9;9;9;99;2;1;12;A;S;N;N;S;20.1.800.9001;Recursos Vinculados à Previdência Social;N;128424;95,23;0,00;54,38;336,34;54,38;54,38;54,38;54,38;54,38;7,11;3367,84;2253417,41;2257550,21;16/01/2026
1,99999212000000e+24;43312;2025;1;PREFEITURA DO MUNICÍPIO DE SÃO PAULO;Direta;NA;NA;NA;NA;NA;NA;NA;NA;Eventuais Diversos - PMSP;Eventuais Diversos - PMSP;1;Receita Corrente;9;9;9;99;2;1;20;A;S;N;N;S;00.1.501.9001;Tesouro Municipal;N;522672;97,92;11376,44;177329,33;-33020,57;62475,39;2750,76;25076,28;127108,93;-95486,61;1,00;14160,01;-148967,72;142901,16;16/01/2026
1,99999212000000e+24;43314;2025;1;PREFEITURA DO MUNICÍPIO DE SÃO PAULO;Direta;NA;NA;NA;NA;NA;NA;NA;NA;Deduções Eventuais Diversos - PMSP;Deduções Eventuais Diversos - PMSP;1;Receita Corrente;9;9;9;99;2;1;20;A;S;N;N;S;00.1.501.9001;Tesouro Municipal;S;0;0,00;0,00;0,00;0,00;0,00;0,00;0,00;0,00;-2752,94;0,00;0,00;-9513,67;-12266,61;16/01/2026
1,99999212100000e+24;43317;2025;1;PREFEITURA DO MUNICÍPIO DE SÃO PAULO;Direta;NA;NA;NA;NA;NA;NA;NA;NA;Leilões - DSV/SPTRANS/CET;Leilões - DSV/SPTRANS/CET;1;Receita Corrente;9;9;9;99;2;1;21;A;S;N;N;S;00.1.501.9001;Tesouro Municipal;N;4381176;0,00;0,00;0,00;0,00;0,00;0,00;0,00;0,00;0,00;0,00;0,00;0,00;0,00;16/01/2026
1,99999212500000e+24;43332;2025;1;PREFEITURA DO MUNICÍPIO DE SÃO PAULO;Direta;99;Fundo Municipal de Iluminação Pública;FUNDIP;NA;NA;NA;NA;NA;Leilões - FUNDIP;Leilões - FUNDIP;1;Receita Corrente;9;9;9;99;2;1;25;A;S;N;N;S;08.1.751.0253;Tesouro Municipal - Recursos Vinculados;N;1000;0,00;0,00;0,00;0,00;0,00;0,00;0,00;0,00;0,00;0,00;0,00;0,00;0,00;16/01/2026
1,99999213400000e+24;43342;2025;23;FUNDO ESPECIAL DE DESPESAS DO TCMSP;Legislativo;77;Fundo Especial de Despesas do Tribunal de Contas;FTCMSP;NA;NA;NA;NA;NA;Fundo Especial de Despesas do TCM;Fundo Especial de Despesas do TCM;1;Receita Corrente;9;9;9;99;2;1;34;A;S;N;N;S;08.1.759.8005;Tesouro Municipal - Recursos Vinculados;N;3000;0,00;935,97;0,00;0,00;0,00;0,00;969,10;0,00;0,00;0,00;0,00;0,00;1905,07;16/01/2026
1,99999214100000e+24;43351;2025;5;INSTITUTO DE PREVIDÊNCIA MUNICIPAL DE SÃO PAULO;Indireta;3;Instituto de Previdência Municipal de São Paulo;IPREM;NA;NA;NA;NA;NA;Outros Créditos;Outros Créditos;1;Receita Corrente;9;9;9;99;2;1;41;A;S;N;N;S;00.1.501.9001;Tesouro Municipal;N;58104;1000,00;90,00;1009,88;90,00;90,00;2481,83;120,00;120,00;40267,74;3543,72;29243,11;11887,32;89943,60;16/01/2026
1,99999214100000e+24;43351;2025;8;FUNDO PREVIDENCIÁRIO - FUNPREV;Indireta;3;Fundo Previdenciário - FUNPREV;FUNPREV;NA;NA;NA;NA;NA;Outros Créditos;Outros Créditos;1;Receita Corrente;9;9;9;99;2;1;41;A;S;N;N;S;20.1.800.9001;Recursos Vinculados à Previdência Social;N;112560;0,00;0,00;0,00;1595,78;0,00;0,00;0,00;0,00;3733,50;0,00;0,00;0,00;5329,28;16/01/2026
1,99999214100000e+24;43351;2025;83;COMPANHIA METROPOLITANA DE HABITAÇÃO DE SÃO PAULO;Indireta;83;Companhia Metropolitana de Habitação de São Paulo;COHAB;NA;NA;NA;NA;NA;Outros Créditos;Outros Créditos;1;Receita Corrente;9;9;9;99;2;1;41;A;S;N;N;S;09.1.501.9001;Recursos Próprios da Empresa Dependente;N;1000;0,65;0,03;0,04;0,01;0,01;0,03;0,02;0,11;27,00;0,05;0,05;0,14;28,14;16/01/2026
1,99999214600000e+24;43371;2025;1;PREFEITURA DO MUNICÍPIO DE SÃO PAULO;Direta;NA;NA;NA;NA;NA;NA;NA;NA;Documentos Eletrônicos a Classificar;Documentos Eletrônicos a Classificar;1;Receita Corrente;9;9;9;99;2;1;46;A;S;N;N;S;00.1.501.9001;Tesouro Municipal;N;0;0,00;0,00;0,00;0,00;0,00;0,00;0,00;0,00;0,00;0,00;0,00;0,00;0,00;16/01/2026
1,99999214700000e+24;43378;2025;1;PREFEITURA DO MUNICÍPIO DE SÃO PAULO;Direta;NA;NA;NA;NA;NA;NA;NA;NA;Programa de Parcelamento Incentivado - PPI;Programa de Parcelamento Incentivado - PPI;1;Receita Corrente;9;9;9;99;2;1;47;A;S;N;N;S;00.1.501.9001;Tesouro Municipal;N;14231;0,00;0,00;0,00;0,00;0,00;0,00;0,00;0,00;0,00;0,00;0,00;345,66;345,66;16/01/2026
1,99999214700000e+24;43380;2025;1;PREFEITURA DO MUNICÍPIO DE SÃO PAULO;Direta;NA;NA;NA;NA;NA;NA;NA;NA;Deduções Programa de Parcelamento Incentivado - PPI;Deduções Programa de Parcelamento Incentivado - PPI;1;Receita Corrente;9;9;9;99;2;1;47;A;S;N;N;S;00.1.501.9001;Tesouro Municipal;S;0;0,00;0,00;0,00;0,00;0,00;0,00;0,00;0,00;0,00;0,00;0,00;0,00;0,00;16/01/2026
1,99999214900000e+24;43388;2025;1;PREFEITURA DO MUNICÍPIO DE SÃO PAULO;Direta;NA;NA;NA;NA;NA;NA;NA;NA;Parcelamento Administrativo de Débitos Tributários - PAT;Parcelamento Administrativo de Débitos Tributários - PAT;1;Receita Corrente;9;9;9;99;2;1;49;A;S;P;P;S;00.1.501.9001;Tesouro Municipal;N;30026;0,00;0,00;0,00;0,00;0,00;0,00;0,00;0,00;0,00;0,00;12016,70;0,00;12016,70;16/01/2026
1,99999215100000e+24;43398;2025;1;PREFEITURA DO MUNICÍPIO DE SÃO PAULO;Direta;NA;NA;NA;NA;NA;NA;NA;NA;Adjudicação de Bens de Herança Vacante;Adjudicação de Bens de Herança Vacante;1;Receita Corrente;9;9;9;99;2;1;51;A;S;N;N;S;00.1.501.9001;Tesouro Municipal;N;99114;4322,89;0,00;146653,52;0,00;0,00;21733,97;0,00;0,00;56873,76;263665,03;1957206,65;161591,61;2612047,43;16/01/2026
1,99999215200000e+24;43403;2025;1;PREFEITURA DO MUNICÍPIO DE SÃO PAULO;Direta;NA;NA;NA;NA;NA;NA;NA;NA;Receita de Reversão de Garantias em Favor do Município;Receita de Reversão de Garantias em Favor do Município;1;Receita Corrente;9;9;9;99;2;1;52;A;S;N;N;S;00.1.501.9001;Tesouro Municipal;N;2979704;0,00;380700,24;0,00;-374679,02;0,00;0,00;0,00;0,00;0,00;0,00;0,00;0,00;6021,22;16/01/2026
1,99999215200000e+24;43405;2025;1;PREFEITURA DO MUNICÍPIO DE SÃO PAULO;Direta;NA;NA;NA;NA;NA;NA;NA;NA;Deduções da Receita de Reversão de Garantias em Favor do Município;Deduções da Receita de Reversão de Garantias em Favor do Município;1;Receita Corrente;9;9;9;99;2;1;52;A;S;N;N;S;00.1.501.9001;Tesouro Municipal;S;0;0,00;-341,37;-258,40;0,00;0,00;0,00;0,00;0,00;0,00;0,00;0,00;0,00;-599,77;16/01/2026
1,99999215600000e+24;43416;2025;22;Fundo Especial de Despesas da Câmara;Legislativo;76;Fundo Especial de Despesas da Câmara Municipal de São Paulo;FECAM;NA;NA;NA;NA;NA;Receitas Diversas - CMSP;Receitas Diversas - CMSP;1;Receita Corrente;9;9;9;99;2;1;56;A;S;N;N;S;08.1.759.8004;Tesouro Municipal - Recursos Vinculados;N;15240;0,00;138,49;0,00;0,00;0,00;45,29;295,41;0,00;4220,57;557734,60;0,00;7134,70;569569,06;16/01/2026
1,99999215700000e+24;43419;2025;22;Fundo Especial de Despesas da Câmara;Legislativo;76;Fundo Especial de Despesas da Câmara Municipal de São Paulo;FECAM;NA;NA;NA;NA;NA;Receitas Diversas - FECAM;Receitas Diversas - FECAM;1;Receita Corrente;9;9;9;99;2;1;57;A;S;N;N;S;08.1.759.8004;Tesouro Municipal - Recursos Vinculados;N;1000;0,00;0,00;0,00;0,00;0,00;0,00;0,00;0,00;0,00;0,00;0,00;0,00;0,00;16/01/2026
1,99999217200000e+24;43435;2025;1;PREFEITURA DO MUNICÍPIO DE SÃO PAULO;Direta;NA;NA;NA;NA;NA;NA;NA;NA;Excessos relativos a levantamentos judiciais;Excessos relativos a levantamentos judiciais;1;Receita Corrente;9;9;9;99;2;1;72;A;S;N;N;S;00.1.501.9001;Tesouro Municipal;N;18342;0,00;0,00;0,00;0,00;0,00;0,00;117,00;0,00;0,00;0,00;0,00;0,00;117,00;16/01/2026
1,99999217300000e+24;43440;2025;30;SÃO PAULO URBANISMO;Indireta;5;São Paulo Urbanismo;SPU;NA;NA;NA;NA;NA;Outras Receitas - Primárias - SP URBANISMO;Outras Receitas - Primárias - SP URBANISMO;1;Receita Corrente;9;9;9;99;2;1;73;A;S;N;N;S;09.1.501.9001;Recursos Próprios da Empresa Dependente;N;1000;2930,00;2780,00;2914,72;50,00;2071,49;0,00;0,00;100,00;3247,34;34185,69;112,48;150,00;48541,72;16/01/2026
1,99999225600000e+24;43450;2025;22;Fundo Especial de Despesas da Câmara;Legislativo;76;Fundo Especial de Despesas da Câmara Municipal de São Paulo;FECAM;NA;NA;NA;NA;NA;Receitas Diversas- CMSP- Multas e Juros;Receitas Diversas- CMSP- Multas e Juros;1;Receita Corrente;9;9;9;99;2;2;56;A;S;N;N;S;08.1.759.8004;Tesouro Municipal - Recursos Vinculados;N;1000;0,00;0,00;0,00;0,00;0,00;0,00;0,00;0,00;0,00;0,00;0,00;0,00;0,00;16/01/2026
1,99999226000000e+24;43453;2025;1;PREFEITURA DO MUNICÍPIO DE SÃO PAULO;Direta;NA;NA;NA;NA;NA;NA;NA;NA;Multas e Juros Diversos - PMSP;Multas e Juros Diversos - PMSP;1;Receita Corrente;9;9;9;99;2;2;60;A;S;N;N;S;00.1.501.9001;Tesouro Municipal;N;86041;4814,76;934,44;0,00;0,00;0,00;0,00;43,14;453,36;169,27;453,36;0,00;0,00;6868,33;16/01/2026
1,99999226300000e+24;43458;2025;83;COMPANHIA METROPOLITANA DE HABITAÇÃO DE SÃO PAULO;Indireta;83;Companhia Metropolitana de Habitação de São Paulo;COHAB;NA;NA;NA;NA;NA;Multas e Juros Diversos - COHAB;Multas e Juros Diversos - COHAB;1;Receita Corrente;9;9;9;99;2;2;63;A;S;N;N;S;09.1.501.9001;Recursos Próprios da Empresa Dependente;N;493000;59605,94;17691,61;9438,80;15181,61;103323,56;17834,99;12816,55;22758,90;61721,95;38444,32;15767,76;17277,46;391863,45;16/01/2026
1,99999230190000e+24;43485;2025;1;PREFEITURA DO MUNICÍPIO DE SÃO PAULO;Direta;NA;NA;NA;NA;NA;NA;NA;NA;JUD;JUD;1;Receita Corrente;9;9;9;99;2;3;1;A;S;N;N;S;00.1.501.9001;Tesouro Municipal;N;722449;46351,42;44634,85;129082,02;81209,09;44873,61;39907,23;86533,07;56340,38;39347,74;26238,54;18548,74;45702,38;658769,07;16/01/2026
1,99999230190000e+24;43489;2025;1;PREFEITURA DO MUNICÍPIO DE SÃO PAULO;Direta;NA;NA;NA;NA;NA;NA;NA;NA;PPI - JUD;PPI - JUD;1;Receita Corrente;9;9;9;99;2;3;1;A;S;N;N;S;00.1.501.9001;Tesouro Municipal;N;3313997;454326,28;1175651,59;293513,03;281873,08;271111,12;271393,69;260903,44;241649,01;286642,18;271943,27;251591,99;294287,27;4354885,95;16/01/2026
1,99999320100000e+24;43509;2025;9;FUNDO FINANCEIRO - FUNFIN;Indireta;3;Fundo Financeiro - FUNFIN;FUNFIN;NA;NA;NA;NA;NA;Multas e Juros - Outras Multas e Juros de Mora;Multas e Juros - Outras Multas e Juros de Mora;1;Receita Corrente;9;9;9;99;3;2;1;A;S;N;N;S;20.1.801.9001;Recursos Vinculados à Previdência Social;N;1320;0,00;301,00;305,00;0,00;16,05;0,00;301,00;0,00;0,00;0,00;369,33;41,30;1333,68;16/01/2026
1,99999320100000e+24;43509;2025;8;FUNDO PREVIDENCIÁRIO - FUNPREV;Indireta;3;Fundo Previdenciário - FUNPREV;FUNPREV;NA;NA;NA;NA;NA;Multas e Juros - Outras Multas e Juros de Mora;Multas e Juros - Outras Multas e Juros de Mora;1;Receita Corrente;9;9;9;99;3;2;1;A;S;N;N;S;20.1.800.9001;Recursos Vinculados à Previdência Social;N;0;2930,19;3468,45;302,18;22957,31;749,29;8294,50;244,46;184,00;55454,44;664,73;3266,75;1006,52;99522,82;16/01/2026
1,99999320100000e+24;43509;2025;5;INSTITUTO DE PREVIDÊNCIA MUNICIPAL DE SÃO PAULO;Indireta;3;Instituto de Previdência Municipal de São Paulo;IPREM;NA;NA;NA;NA;NA;Multas e Juros - Outras Multas e Juros de Mora;Multas e Juros - Outras Multas e Juros de Mora;1;Receita Corrente;9;9;9;99;3;2;1;A;S;N;N;S;00.1.501.9001;Tesouro Municipal;N;1008;0,00;0,00;0,00;0,00;0,00;43238,63;0,00;0,00;2200,00;44522,82;0,00;0,00;89961,45;16/01/2026
1,99999320200000e+24;43514;2025;83;COMPANHIA METROPOLITANA DE HABITAÇÃO DE SÃO PAULO;Indireta;83;Companhia Metropolitana de Habitação de São Paulo;COHAB;NA;NA;NA;NA;NA;Multas e Juros - Retribuição de Uso - Carteira COHAB-SP;Multas e Juros - Retribuição de Uso - Carteira COHAB-SP;1;Receita Corrente;9;9;9;99;3;2;2;A;S;N;N;S;09.1.501.9001;Recursos Próprios da Empresa Dependente;N;119000;2434,88;1825,22;1738,56;5162,60;3198,39;2634,62;1458,74;11357,36;3602,29;91724,24;56989,49;3210,97;185337,36;16/01/2026
1,99999320400000e+24;43524;2025;83;COMPANHIA METROPOLITANA DE HABITAÇÃO DE SÃO PAULO;Indireta;83;Companhia Metropolitana de Habitação de São Paulo;COHAB;NA;NA;NA;NA;NA;Juros Moratórios de Financiamentos Habitacionais;Juros Moratórios de Financiamentos Habitacionais;1;Receita Corrente;9;9;9;99;3;2;4;A;S;N;N;S;09.1.501.9001;Recursos Próprios da Empresa Dependente;N;667000;77400,79;35547,35;-65688,72;45301,08;64264,55;-17593,15;58413,65;43964,08;-15814,58;-1823,30;9807,97;73278,49;307058,21;16/01/2026
1,99999320600000e+24;43534;2025;91;Fundo Municipal de Habitação - COHAB;Indireta;91;Fundo Municipal de Habitação;FMH;NA;NA;NA;NA;NA;Juros Moratórios de Financiamentos Habitacionais - FMH;Juros Moratórios de Financiamentos Habitacionais - FMH;1;Receita Corrente;9;9;9;99;3;2;6;A;S;N;N;S;08.1.759.8011;Tesouro Municipal - Recursos Vinculados;N;2500000;203835,84;253231,64;292321,36;185231,15;194677,00;229393,17;204084,46;191556,53;241225,23;238707,23;219821,91;206809,39;2660894,91;16/01/2026
1,99999320700000e+24;43539;2025;91;Fundo Municipal de Habitação - COHAB;Indireta;91;Fundo Municipal de Habitação;FMH;NA;NA;NA;NA;NA;Juros Moratórios de Financiamentos Habitacionais - PSH;Juros Moratórios de Financiamentos Habitacionais - PSH;1;Receita Corrente;9;9;9;99;3;2;7;A;S;N;N;S;08.1.759.8011;Tesouro Municipal - Recursos Vinculados;N;124800;25263,88;32065,55;11996,41;16173,05;19260,96;14957,73;14310,53;17061,73;19267,92;13277,39;22137,96;20003,84;225776,95;16/01/2026
1,99999321000000e+24;43544;2025;22;Fundo Especial de Despesas da Câmara;Legislativo;76;Fundo Especial de Despesas da Câmara Municipal de São Paulo;FECAM;NA;NA;NA;NA;NA;Atualização Monetária;Atualização Monetária;1;Receita Corrente;9;9;9;99;3;2;10;A;S;N;N;S;08.1.759.8004;Tesouro Municipal - Recursos Vinculados;N;7800;57,60;18,99;0,00;0,00;94,50;0,00;272,09;7,78;29,30;41,85;17,57;-234,46;305,22;16/01/2026
1,99999321000000e+24;43544;2025;5;INSTITUTO DE PREVIDÊNCIA MUNICIPAL DE SÃO PAULO;Indireta;3;Instituto de Previdência Municipal de São Paulo;IPREM;NA;NA;NA;NA;NA;Atualização Monetária;Atualização Monetária;1;Receita Corrente;9;9;9;99;3;2;10;A;S;N;N;S;00.1.501.9001;Tesouro Municipal;N;1008;0,00;0,00;0,00;0,00;0,00;0,00;0,00;28,30;-28,30;0,00;0,00;0,00;0,00;16/01/2026
1,99999321000000e+24;43544;2025;8;FUNDO PREVIDENCIÁRIO - FUNPREV;Indireta;3;Fundo Previdenciário - FUNPREV;FUNPREV;NA;NA;NA;NA;NA;Atualização Monetária;Atualização Monetária;1;Receita Corrente;9;9;9;99;3;2;10;A;S;N;N;S;20.1.800.9001;Recursos Vinculados à Previdência Social;N;89280;41335,52;9068,85;7684,38;19559,79;19892,86;39334,72;61163,74;14528,94;93402,53;17538,43;7058,43;9625,18;340193,37;16/01/2026
1,99999321000000e+24;43544;2025;9;FUNDO FINANCEIRO - FUNFIN;Indireta;3;Fundo Financeiro - FUNFIN;FUNFIN;NA;NA;NA;NA;NA;Atualização Monetária;Atualização Monetária;1;Receita Corrente;9;9;9;99;3;2;10;A;S;N;N;S;20.1.801.9001;Recursos Vinculados à Previdência Social;N;17988;35301,92;8994,93;7176,31;4019,01;9809,58;6085,27;8590,86;12483,38;5699,81;12204,22;5966,32;2836,70;119168,31;16/01/2026
1,99999321100000e+24;43547;2025;1;PREFEITURA DO MUNICÍPIO DE SÃO PAULO;Direta;NA;NA;NA;NA;NA;NA;NA;NA;Outras Receitas - Financeiras Relativas a Levantamentos Judiciais;Outras Receitas - Financeiras Relativas a Levantamentos Judiciais;1;Receita Corrente;9;9;9;99;3;2;11;A;S;N;N;S;00.1.501.9001;Tesouro Municipal;N;486508;0,00;0,00;14,86;13,75;0,00;0,00;0,00;0,00;0,00;0,00;0,00;0,00;28,61;16/01/2026
1,99999321200000e+24;43550;2025;1;PREFEITURA DO MUNICÍPIO DE SÃO PAULO;Direta;87;Fundo Municipal de Desenvolvimento de Trânsito;FMDT;NA;NA;NA;NA;NA;Acréscimos por atraso no repasse financeiro - Multas de Trânsito - FMDT;Acréscimos por atraso no repasse financeiro - Multas de Trânsito - FMD;1;Receita Corrente;9;9;9;99;3;2;12;A;S;N;N;S;08.1.752.0626;Tesouro Municipal - Recursos Vinculados;N;1200;0,03;12,95;0,00;0,00;0,00;0,17;0,00;0,00;37,27;0,24;0,00;5,10;55,76;16/01/2026
2,11201010501000e+24;43578;2025;1;PREFEITURA DO MUNICÍPIO DE SÃO PAULO;Direta;17;Secretaria Municipal da Fazenda;SF;NA;NA;NA;NA;NA;Recursos da Operação de Crédito autorizada conforme Art. 1º, II, da Lei 17.254/2019;Recursos da Operação de Crédito autorizada conforme Art. 1º, II, da Le;2;Receita de Capital;1;1;2;1;0;1;5;A;S;N;N;N;01.1.754.0000;Operações de Crédito;N;1347839197;0,00;0,00;0,00;0,00;0,00;0,00;0,00;0,00;0,00;0,00;0,00;0,00;0,00;16/01/2026
2,11254010300000e+24;43601;2025;1;PREFEITURA DO MUNICÍPIO DE SÃO PAULO;Direta;38;Secretaria Municipal de Segurança Urbana;SMSU;NA;NA;NA;NA;NA;Operações de Crédito SMSU X BNDS;Operações de Crédito SMSU X BNDS;2;Receita de Capital;1;1;2;54;0;1;3;A;S;N;N;N;01.1.754.0000;Operações de Crédito;N;59893691;0,00;0,00;0,00;0,00;0,00;0,00;0,00;0,00;0,00;0,00;0,00;0,00;0,00;16/01/2026
2,12201010105000e+24;43630;2025;1;PREFEITURA DO MUNICÍPIO DE SÃO PAULO;Direta;22;Secretaria Municipal de Infraestrutura Urbana e Obras;SIURB;NA;NA;NA;NA;NA;Operações de Crédito Externas - Corredor Aricanduva;Operações de Crédito Externas - Corredor Aricanduva;2;Receita de Capital;1;2;2;1;0;1;1;A;S;N;N;S;01.1.754.1376;Operações de Crédito;N;391069255;0,00;0,00;0,00;0,00;0,00;0,00;0,00;0,00;0,00;0,00;0,00;0,00;0,00;16/01/2026
2,21301010400000e+24;43657;2025;1;PREFEITURA DO MUNICÍPIO DE SÃO PAULO;Direta;NA;NA;NA;NA;NA;NA;NA;NA;Alienação de Outros Bens Móveis;Alienação de Outros Bens Móveis;2;Receita de Capital;2;1;3;1;0;1;4;A;S;N;N;S;10.1.755.9001;Alienação de Bens/Ativos;N;1001992;0,00;0,00;0,00;0,00;0,00;0,00;2109823,00;0,00;0,00;0,00;0,00;0,00;2109823,00;16/01/2026
2,21301010500000e+24;43662;2025;23;FUNDO ESPECIAL DE DESPESAS DO TCMSP;Legislativo;77;Fundo Especial de Despesas do Tribunal de Contas;FTCMSP;NA;NA;NA;NA;NA;Alienação de Bens e Materiais - FED/TCM;Alienação de Bens e Materiais - FED/TCM;2;Receita de Capital;2;1;3;1;0;1;5;A;S;N;N;S;10.1.756.8003;Alienação de Bens/Ativos;N;6000;0,00;0,00;0,00;0,00;0,00;0,00;53300,00;0,00;0,00;0,00;0,00;0,00;53300,00;16/01/2026
2,21301010600000e+24;43665;2025;1;PREFEITURA DO MUNICÍPIO DE SÃO PAULO;Direta;NA;NA;NA;NA;NA;NA;NA;NA;Alienação de Veículos;Alienação de Veículos;2;Receita de Capital;2;1;3;1;0;1;6;A;S;N;N;S;10.1.755.9001;Alienação de Bens/Ativos;N;1272147;0,00;0,00;0,00;0,00;0,00;0,00;863750,00;0,00;0,00;0,00;0,00;0,00;863750,00;16/01/2026
2,22101010101001e+24;43672;2025;83;COMPANHIA METROPOLITANA DE HABITAÇÃO DE SÃO PAULO;Indireta;83;Companhia Metropolitana de Habitação de São Paulo;COHAB;NA;NA;NA;NA;NA;Alienação de Áreas, Terrenos, Glebas, Lojas, Salas;Alienação de Áreas, Terrenos, Glebas, Lojas, Salas;2;Receita de Capital;2;2;1;1;0;1;1;A;S;N;N;S;10.1.756.8003;Alienação de Bens/Ativos;N;1000;0,00;0,00;0,00;0,00;0,00;0,00;42364862,60;0,00;0,00;0,00;0,00;0,00;42364862,60;16/01/2026
2,22101010102002e+24;43686;2025;1;PREFEITURA DO MUNICÍPIO DE SÃO PAULO;Direta;7;Fundo Municipal de Desenvolvimento Social;FMD;NA;NA;NA;NA;NA;Alienação de Bens e Direitos Imobiliários - FMD;Alienação de Bens e Direitos Imobiliários - FMD;2;Receita de Capital;2;2;1;1;0;1;1;A;S;N;N;S;10.1.755.1224;Alienação de Bens/Ativos;N;0;1675410,32;0,00;0,00;0,00;0,00;1987711,32;0,00;0,00;392928067,40;20680424,60;0,00;0,00;417271613,60;16/01/2026
2,22101010201000e+24;43695;2025;8;FUNDO PREVIDENCIÁRIO - FUNPREV;Indireta;3;Fundo Previdenciário - FUNPREV;FUNPREV;NA;NA;NA;NA;NA;Alienação de Outros Bens Imóveis;Alienação de Outros Bens Imóveis;2;Receita de Capital;2;2;1;1;0;1;2;A;S;N;N;S;10.1.756.8003;Alienação de Bens/Ativos;N;0;0,00;0,00;0,00;0,00;294136,63;0,00;0,00;0,00;0,00;0,00;0,00;0,00;294136,63;16/01/2026
2,22101010201000e+24;43695;2025;1;PREFEITURA DO MUNICÍPIO DE SÃO PAULO;Direta;NA;NA;NA;NA;NA;NA;NA;NA;Alienação de Outros Bens Imóveis;Alienação de Outros Bens Imóveis;2;Receita de Capital;2;2;1;1;0;1;2;A;S;N;N;S;10.1.755.9001;Alienação de Bens/Ativos;N;11471415;0,00;0,00;0,00;3541198,94;0,00;0,00;0,00;0,00;539316,07;0,00;374550,34;90901,54;4545966,89;16/01/2026
2,31106010101004e+24;43728;2025;8;FUNDO PREVIDENCIÁRIO - FUNPREV;Indireta;3;Fundo Previdenciário - FUNPREV;FUNPREV;NA;NA;NA;NA;NA;Empréstimos Hipotecários - Resolução 546/96;Empréstimos Hipotecários - Resolução 546/96;2;Receita de Capital;3;1;1;6;0;1;1;A;S;N;N;S;20.1.800.9001;Recursos Vinculados à Previdência Social;N;1000;0,00;0,00;0,00;597,54;0,00;0,00;0,00;0,00;0,00;0,00;0,00;0,00;597,54;16/01/2026
2,31106010102001e+24;43744;2025;83;COMPANHIA METROPOLITANA DE HABITAÇÃO DE SÃO PAULO;Indireta;83;Companhia Metropolitana de Habitação de São Paulo;COHAB;NA;NA;NA;NA;NA;Amortização - Financiamentos Habitacionais - COHAB-SP;Amortização - Financiamentos Habitacionais - COHAB-SP;2;Receita de Capital;3;1;1;6;0;1;1;A;S;N;N;S;09.1.501.9001;Recursos Próprios da Empresa Dependente;N;26000;541574,27;471255,70;561359,74;593019,92;636440,40;536920,47;501109,56;546454,81;592277,07;569469,24;452658,51;797343,85;6799883,54;16/01/2026
2,31106010102002e+24;43749;2025;83;COMPANHIA METROPOLITANA DE HABITAÇÃO DE SÃO PAULO;Indireta;83;Companhia Metropolitana de Habitação de São Paulo;COHAB;NA;NA;NA;NA;NA;Amortização - Poupança Prévia COHAB - SP;Amortização - Poupança Prévia COHAB - SP;2;Receita de Capital;3;1;1;6;0;1;1;A;S;N;N;S;09.1.501.9001;Recursos Próprios da Empresa Dependente;N;2964000;282177,89;228478,83;263941,74;294708,08;304962,76;289123,20;315440,20;323583,09;363541,27;313885,36;278614,24;301574,59;3560031,25;16/01/2026
2,31106010102004e+24;43754;2025;83;COMPANHIA METROPOLITANA DE HABITAÇÃO DE SÃO PAULO;Indireta;83;Companhia Metropolitana de Habitação de São Paulo;COHAB;NA;NA;NA;NA;NA;Amortizações por Sinistros - Financiamentos Habitacionais/COHAB-SP;Amortizações por Sinistros - Financiamentos Habitacionais/COHAB-SP;2;Receita de Capital;3;1;1;6;0;1;1;A;S;N;N;S;09.1.501.9001;Recursos Próprios da Empresa Dependente;N;256000;30336,25;136101,39;0,00;46081,88;128511,02;65646,12;56654,49;0,00;0,00;0,00;85826,79;0,00;549157,94;16/01/2026
2,31106010102006e+24;43759;2025;91;Fundo Municipal de Habitação - COHAB;Indireta;91;Fundo Municipal de Habitação;FMH;NA;NA;NA;NA;NA;Amortização - Financiamento Habitacional/FMH;Amortização - Financiamento Habitacional/FMH;2;Receita de Capital;3;1;1;6;0;1;1;A;S;N;N;S;08.1.759.8011;Tesouro Municipal - Recursos Vinculados;N;14000000;1157793,17;991830,81;1143570,05;1298233,90;1361839,79;1221148,12;1444452,64;1412274,43;1370409,14;1449550,20;1321100,04;1425948,02;15598150,31;16/01/2026
2,31106010102007e+24;43764;2025;91;Fundo Municipal de Habitação - COHAB;Indireta;91;Fundo Municipal de Habitação;FMH;NA;NA;NA;NA;NA;Amortização - Poupança Prévia FMH;Amortização - Poupança Prévia FMH;2;Receita de Capital;3;1;1;6;0;1;1;A;S;N;N;S;08.1.759.8011;Tesouro Municipal - Recursos Vinculados;N;9600;0,00;0,00;0,00;0,00;0,00;0,00;0,00;0,00;0,00;0,00;0,00;0,00;0,00;16/01/2026
2,31106010102008e+24;43769;2025;91;Fundo Municipal de Habitação - COHAB;Indireta;91;Fundo Municipal de Habitação;FMH;NA;NA;NA;NA;NA;Amortização - Sinistros FMH - Part. Cart. COHAB-SP;Amortização - Sinistros FMH - Part. Cart. COHAB-SP;2;Receita de Capital;3;1;1;6;0;1;1;A;S;N;N;S;08.1.759.8011;Tesouro Municipal - Recursos Vinculados;N;725582;32621,12;0,00;5200,25;28313,25;162368,59;18297,96;83532,40;68451,01;17419,65;191736,27;15034,39;11347,86;634322,75;16/01/2026
2,41150910100000e+24;43808;2025;1;PREFEITURA DO MUNICÍPIO DE SÃO PAULO;Direta;84;Fundo Municipal de Saúde;FMS/SMS;NA;NA;NA;NA;NA;Transferência De Recursos Do SUS - Outros Programas Financiados Por Transferências Fundo A Fundo - Principal;Transferência De Recursos Do SUS - Outros Programas Financiados Por Tr;2;Receita de Capital;4;1;1;50;9;1;1;A;S;N;S;S;02.1.601.1185;Transferências Federais;N;3000000;0,00;0,00;0,00;0,00;0,00;0,00;0,00;0,00;0,00;0,00;0,00;0,00;0,00;16/01/2026
2,41151210100000e+24;43825;2025;1;PREFEITURA DO MUNICÍPIO DE SÃO PAULO;Direta;84;Fundo Municipal de Saúde;FMS/SMS;NA;NA;NA;NA;NA;Transferência De Recursos Do Sistema Único De Saúde - SUS - Destinados À Atenção Especializada - Principal;Transferência De Recursos Do Sistema Único De Saúde - SUS - Destinados;2;Receita de Capital;4;1;1;51;2;1;1;A;S;N;S;S;02.1.601.1185;Transferências Federais;N;3000000;0,00;0,00;0,00;0,00;0,00;0,00;0,00;0,00;0,00;0,00;0,00;0,00;0,00;16/01/2026
2,41450010700000e+24;43874;2025;1;PREFEITURA DO MUNICÍPIO DE SÃO PAULO;Direta;84;Fundo Municipal de Saúde;FMS/SMS;NA;NA;NA;NA;NA;Convênios com o Ministério da Saúde -FMS;Convênios com o Ministério da Saúde -FMS;2;Receita de Capital;4;1;4;50;0;1;7;A;S;N;S;N;02.1.631.0000;Transferências Federais;N;28000000;0,00;0,00;0,00;0,00;0,00;0,00;0,00;0,00;0,00;0,00;0,00;0,00;0,00;16/01/2026
2,41452010100000e+24;43893;2025;1;PREFEITURA DO MUNICÍPIO DE SÃO PAULO;Direta;22;Secretaria Municipal de Infraestrutura Urbana e Obras;SIURB;NA;NA;NA;NA;NA;Convênio SIURB X União;Convênio SIURB X União;2;Receita de Capital;4;1;4;52;0;1;1;A;S;N;N;N;02.1.700.0000;Transferências Federais;N;45938760;0,00;0,00;0,00;0,00;0,00;0,00;0,00;0,00;0,00;0,00;0,00;0,00;0,00;16/01/2026
2,41499010100000e+24;43907;2025;1;PREFEITURA DO MUNICÍPIO DE SÃO PAULO;Direta;12;Secretaria Municipal das Subprefeituras;SMSUB;NA;NA;NA;NA;NA;Convênio SMSUB X União;Convênio SMSUB X União;2;Receita de Capital;4;1;4;99;0;1;1;A;S;N;N;N;02.1.700.0000;Transferências Federais;N;1000;0,00;0,00;0,00;0,00;0,00;0,00;0,00;0,00;0,00;0,00;0,00;0,00;0,00;16/01/2026
2,41499010500000e+24;43917;2025;1;PREFEITURA DO MUNICÍPIO DE SÃO PAULO;Direta;19;Secretaria Municipal de Esportes e Lazer;SEME;NA;NA;NA;NA;NA;Convênio SEME X União;Convênio SEME X União;2;Receita de Capital;4;1;4;99;0;1;5;A;S;N;N;N;02.1.700.0000;Transferências Federais;N;16000000;0,00;0,00;0,00;0,00;0,00;0,00;0,00;0,00;0,00;0,00;0,00;0,00;0,00;16/01/2026
2,41499011300000e+24;43947;2025;1;PREFEITURA DO MUNICÍPIO DE SÃO PAULO;Direta;22;Secretaria Municipal de Infraestrutura Urbana e Obras;SIURB;NA;NA;NA;NA;NA;Convênio SIURB X União;Convênio SIURB X União;2;Receita de Capital;4;1;4;99;0;1;13;A;S;N;N;N;02.1.700.0000;Transferências Federais;N;54591972;0,00;0,00;0,00;0,00;0,00;0,00;0,00;0,00;0,00;0,00;0,00;0,00;0,00;16/01/2026
2,41499012200000e+24;43977;2025;1;PREFEITURA DO MUNICÍPIO DE SÃO PAULO;Direta;14;Secretaria Municipal de Habitação;SEHAB;NA;NA;NA;NA;NA;Convênio SEHAB X União;Convênio SEHAB X União;2;Receita de Capital;4;1;4;99;0;1;22;A;S;N;N;N;02.1.700.0000;Transferências Federais;N;22504104;0,00;0,00;0,00;0,00;0,00;0,00;0,00;0,00;0,00;0,00;0,00;0,00;0,00;16/01/2026
2,41499012700000e+24;43994;2025;1;PREFEITURA DO MUNICÍPIO DE SÃO PAULO;Direta;12;Secretaria Municipal das Subprefeituras;SMSUB;NA;NA;NA;NA;NA;Transferências Advindas de Emendas Parlamentares - Convênio SMSUB X União;Transferências Advindas de Emendas Parlamentares - Convênio SMSUB X Un;2;Receita de Capital;4;1;4;99;0;1;27;A;S;N;N;N;02.1.700.0000;Transferências Federais;N;1000;0,00;0,00;0,00;0,00;0,00;0,00;0,00;0,00;0,00;0,00;0,00;0,00;0,00;16/01/2026
2,41499013100000e+24;44006;2025;1;PREFEITURA DO MUNICÍPIO DE SÃO PAULO;Direta;38;Secretaria Municipal de Segurança Urbana;SMSU;NA;NA;NA;NA;NA;Convênio SMSU x União;Convênio SMSU x União;2;Receita de Capital;4;1;4;99;0;1;31;A;S;N;N;N;02.1.700.0000;Transferências Federais;N;120000;0,00;0,00;0,00;0,00;0,00;0,00;0,00;0,00;0,00;0,00;0,00;0,00;0,00;16/01/2026
2,42150010100000e+24;44031;2025;1;PREFEITURA DO MUNICÍPIO DE SÃO PAULO;Direta;84;Fundo Municipal de Saúde;FMS/SMS;NA;NA;NA;NA;NA;Secretaria de Estado da Saúde - SMS/FMS;Secretaria de Estado da Saúde - SMS/FMS;2;Receita de Capital;4;2;1;50;0;1;1;A;S;N;S;S;03.1.621.0730;Transferências Estaduais;N;30000;0,00;0,00;0,00;0,00;0,00;6449557,00;1730000,00;0,00;0,00;200000,00;0,00;500000,00;8879557,00;16/01/2026
2,42252010200000e+24;44064;2025;1;PREFEITURA DO MUNICÍPIO DE SÃO PAULO;Direta;86;Fundo Municipal de Saneamento Ambiental e Infraestrutura;FMSAI;NA;NA;NA;NA;NA;Convênio PMSP x SABESP - Fundo Municipal de Saneamento Ambiental e Infraestrutura;Convênio PMSP x SABESP - Fundo Municipal de Saneamento Ambiental e Inf;2;Receita de Capital;4;2;2;52;0;1;2;A;S;N;N;N;03.1.759.0709;Transferências Estaduais;N;0;0,00;0,00;0,00;0,00;0,00;0,00;0,00;0,00;0,00;0,00;0,00;0,00;0,00;16/01/2026
2,42252010300000e+24;44069;2025;1;PREFEITURA DO MUNICÍPIO DE SÃO PAULO;Direta;22;Secretaria Municipal de Infraestrutura Urbana e Obras;SIURB;NA;NA;NA;NA;NA;Convênio SIURB x Estado;Convênio SIURB x Estado;2;Receita de Capital;4;2;2;52;0;1;3;A;S;N;N;N;03.1.701.0000;Transferências Estaduais;N;1000;0,00;0,00;0,00;0,00;0,00;0,00;0,00;0,00;0,00;0,00;0,00;0,00;0,00;16/01/2026
2,42253010100000e+24;44076;2025;1;PREFEITURA DO MUNICÍPIO DE SÃO PAULO;Direta;94;Fundo Especial do Meio Ambiente e Desenvolvimento Sustentável;FEMA;NA;NA;NA;NA;NA;Convênio PMSP X SABESP - FEMA;Convênio PMSP X SABESP - FEMA;2;Receita de Capital;4;2;2;53;0;1;1;A;S;N;N;N;03.1.701.0000;Transferências Estaduais;N;3240000;0,00;0,00;0,00;0,00;0,00;0,00;0,00;0,00;0,00;0,00;0,00;0,00;0,00;16/01/2026
2,42299011100000e+24;44106;2025;1;PREFEITURA DO MUNICÍPIO DE SÃO PAULO;Direta;22;Secretaria Municipal de Infraestrutura Urbana e Obras;SIURB;NA;NA;NA;NA;NA;Convênio SIURB x Estado;Convênio SIURB x Estado;2;Receita de Capital;4;2;2;99;0;1;11;A;S;N;N;N;03.1.701.0000;Transferências Estaduais;N;1000;0,00;0,00;0,00;0,00;0,00;0,00;0,00;0,00;0,00;0,00;0,00;0,00;0,00;16/01/2026
2,44199010101000e+24;44135;2025;1;PREFEITURA DO MUNICÍPIO DE SÃO PAULO;Direta;84;Fundo Municipal de Saúde;FMS/SMS;NA;NA;NA;NA;NA;Instituições Privadas x SMS- Acordo MP- UPA Pediatra Menino Jesus;Instituições Privadas x SMS- Acordo MP- UPA Pediatra Menino Jesus;2;Receita de Capital;4;4;1;99;0;1;1;A;S;N;S;S;05.1.659.1234;Outras Fontes;N;480000;0,00;0,00;0,00;0,00;0,00;0,00;0,00;0,00;0,00;0,00;0,00;0,00;0,00;16/01/2026
2,99999010106000e+24;44226;2025;1;PREFEITURA DO MUNICÍPIO DE SÃO PAULO;Direta;75;Fundo Municipal de Parques;FMP;NA;NA;NA;NA;NA;Fundo Municipal de Parques - FMP;Fundo Municipal de Parques - FMP;2;Receita de Capital;9;9;9;99;0;1;1;A;S;N;N;S;08.1.759.1387;Tesouro Municipal - Recursos Vinculados;N;4000;0,00;0,00;0,00;0,00;0,00;0,00;0,00;0,00;0,00;0,00;0,00;0,00;0,00;16/01/2026
2,99999010109000e+24;44231;2025;1;PREFEITURA DO MUNICÍPIO DE SÃO PAULO;Direta;98;Fundo de Desenvolvimento Urbano;FUNDURB;NA;NA;NA;NA;NA;Outorga Onerosa Cota Solidariedade - FUNDURB;Outorga Onerosa Cota Solidariedade - FUNDURB;2;Receita de Capital;9;9;9;99;0;1;1;A;S;N;N;S;08.1.759.0402;Tesouro Municipal - Recursos Vinculados;N;50491073;11194004,13;7020506,84;9982116,55;4890699,33;16209022,37;21687731,58;11723263,73;20318562,10;24792728,77;21483127,91;27921764,08;21964037,83;199187565,20;16/01/2026
2,99999010111000e+24;44236;2025;1;PREFEITURA DO MUNICÍPIO DE SÃO PAULO;Direta;98;Fundo de Desenvolvimento Urbano;FUNDURB;NA;NA;NA;NA;NA;Outorga Onerosa - Plano Diretor - Direito de Construir - FUNDURB;Outorga Onerosa - Plano Diretor - Direito de Construir - FUNDURB;2;Receita de Capital;9;9;9;99;0;1;1;A;S;N;N;S;08.1.759.0402;Tesouro Municipal - Recursos Vinculados;N;931382643;160315648,50;112105936,50;138924839,70;107465201,70;110634531,80;164481058,10;99736960,48;159130247,00;150743582,40;112499918,90;88421077,19;139161689,10;1543620691,00;16/01/2026
2,99999010111000e+24;44238;2025;1;PREFEITURA DO MUNICÍPIO DE SÃO PAULO;Direta;98;Fundo de Desenvolvimento Urbano;FUNDURB;NA;NA;NA;NA;NA;Deduções Outorga Onerosa - Plano Diretor - Direito de Construir - FUNDURB;Deduções Outorga Onerosa - Plano Diretor - Direito de Construir - FUND;2;Receita de Capital;9;9;9;99;0;1;1;A;S;N;N;N;08.1.759.0402;Tesouro Municipal - Recursos Vinculados;S;0;-11487,21;-181158,50;0,00;0,00;-266889,12;0,00;0,00;-371102,65;-464043,28;-49195,43;-167183,19;-77575,27;-1588634,65;16/01/2026
2,99999010112000e+24;44241;2025;91;Fundo Municipal de Habitação - COHAB;Indireta;91;Fundo Municipal de Habitação;FMH;NA;NA;NA;NA;NA;Outorga Onerosa - Lei de Anistia;Outorga Onerosa - Lei de Anistia;2;Receita de Capital;9;9;9;99;0;1;1;A;S;N;N;S;08.1.759.8011;Tesouro Municipal - Recursos Vinculados;N;200000;0,00;0,00;0,00;0,00;0,00;0,00;0,00;58777,00;0,00;0,00;0,00;0,00;58777,00;16/01/2026
2,99999010116000e+24;44251;2025;1;PREFEITURA DO MUNICÍPIO DE SÃO PAULO;Direta;88;Fundo de Preservação do Patrimônio Histórico e Cultural;FUNPATRI;NA;NA;NA;NA;NA;FUNPATRI;FUNPATRI;2;Receita de Capital;9;9;9;99;0;1;1;A;S;N;N;S;08.1.759.0750;Tesouro Municipal - Recursos Vinculados;N;7296;601,17;601,17;0,00;1218,30;0,00;1243,69;0,00;0,00;0,00;25313,27;0,00;0,00;28977,60;16/01/2026
2,99999010117000e+24;44256;2025;1;PREFEITURA DO MUNICÍPIO DE SÃO PAULO;Direta;94;Fundo Especial do Meio Ambiente e Desenvolvimento Sustentável;FEMA;NA;NA;NA;NA;NA;FEMA - Crédito de Carbono;FEMA - Crédito de Carbono;2;Receita de Capital;9;9;9;99;0;1;1;A;S;N;N;S;08.1.759.0081;Tesouro Municipal - Recursos Vinculados;N;1000;0,00;0,00;0,00;0,00;0,00;0,00;0,00;0,00;0,00;0,00;0,00;0,00;0,00;16/01/2026
2,99999010127000e+24;44276;2025;1;PREFEITURA DO MUNICÍPIO DE SÃO PAULO;Direta;NA;NA;NA;NA;NA;NA;NA;NA;PMSP - SEHAB/Gestão de Crédito - COHAB/HABI;PMSP - SEHAB/Gestão de Crédito - COHAB/HABI;2;Receita de Capital;9;9;9;99;0;1;1;A;S;N;N;S;00.1.501.9001;Tesouro Municipal;N;18789174;2166310,51;2338079,04;2123239,94;2248703,03;2153149,93;2305079,82;2096907,63;2221722,11;2204686,51;2292613,20;2216194,36;1980884,56;26347570,64;16/01/2026
2,99999010131000e+24;44286;2025;91;Fundo Municipal de Habitação - COHAB;Indireta;91;Fundo Municipal de Habitação;FMH;NA;NA;NA;NA;NA;Carteira FMH - Recursos Habitacionais - COHAB/SP;Carteira FMH - Recursos Habitacionais - COHAB/SP;2;Receita de Capital;9;9;9;99;0;1;1;A;S;N;N;S;08.1.759.8011;Tesouro Municipal - Recursos Vinculados;N;1000;360,90;3220,28;1451,97;8373,36;19213,28;10939,95;10298,98;13188,56;10019,96;15875,38;3327,84;2068,28;98338,74;16/01/2026
2,99999010136000e+24;44296;2025;1;PREFEITURA DO MUNICÍPIO DE SÃO PAULO;Direta;94;Fundo Especial do Meio Ambiente e Desenvolvimento Sustentável;FEMA;NA;NA;NA;NA;NA;FEMA - Compensações Ambientais;FEMA - Compensações Ambientais;2;Receita de Capital;9;9;9;99;0;1;1;A;S;N;N;S;08.1.759.0081;Tesouro Municipal - Recursos Vinculados;N;1000;0,00;0,00;0,00;0,00;0,00;0,00;0,00;0,00;0,00;0,00;0,00;0,00;0,00;16/01/2026
2,99999010137000e+24;44301;2025;8;FUNDO PREVIDENCIÁRIO - FUNPREV;Indireta;3;Fundo Previdenciário - FUNPREV;FUNPREV;NA;NA;NA;NA;NA;Empréstimo - Indenização a Receber;Empréstimo - Indenização a Receber;2;Receita de Capital;9;9;9;99;0;1;1;A;S;N;N;S;20.1.800.9001;Recursos Vinculados à Previdência Social;N;1000;0,00;0,00;0,00;0,00;0,00;0,00;0,00;0,00;0,00;0,00;0,00;0,00;0,00;16/01/2026
2,99999010143000e+24;44316;2025;1;PREFEITURA DO MUNICÍPIO DE SÃO PAULO;Direta;28;Encargos Gerais do Município;EGM;NA;NA;NA;NA;NA;Depósito Judicial - LEI COMPLEMENTAR 151/2015 - BB;Depósito Judicial - LEI COMPLEMENTAR 151/2015 - BB;2;Receita de Capital;9;9;9;99;0;1;1;A;S;N;N;S;11.1.757.1510;Depósitos Judiciais;N;1160000004;89616746,33;48927193,06;34258745,19;31643479,19;54926783,97;39870722,56;108457049,90;42001269,68;35839243,53;43772095,35;64733862,28;154256103,10;748303294,10;16/01/2026
2,99999010155000e+24;44360;2025;30;SÃO PAULO URBANISMO;Indireta;5;São Paulo Urbanismo;SPU;NA;NA;NA;NA;NA;Indenização por Expropriação de Imóvel Municipal;Indenização por Expropriação de Imóvel Municipal;2;Receita de Capital;9;9;9;99;0;1;1;A;S;N;N;S;09.1.501.9001;Recursos Próprios da Empresa Dependente;N;1000;0,00;0,00;0,00;0,00;0,00;0,00;0,00;0,00;0,00;0,00;0,00;0,00;0,00;16/01/2026
2,99999010155000e+24;44360;2025;1;PREFEITURA DO MUNICÍPIO DE SÃO PAULO;Direta;NA;NA;NA;NA;NA;NA;NA;NA;Indenização por Expropriação de Imóvel Municipal;Indenização por Expropriação de Imóvel Municipal;2;Receita de Capital;9;9;9;99;0;1;1;A;S;N;N;S;00.1.501.9001;Tesouro Municipal;N;820786;0,00;0,00;0,00;0,00;0,00;0,00;0,00;0,00;460172,43;0,00;0,00;0,00;460172,43;16/01/2026
2,99999010158001e+24;44367;2025;1;PREFEITURA DO MUNICÍPIO DE SÃO PAULO;Direta;94;Fundo Especial do Meio Ambiente e Desenvolvimento Sustentável;FEMA;NA;NA;NA;NA;NA;SNUC LEI 9985 - APA Bororé-Colônia;SNUC LEI 9985 - APA Bororé-Colônia;2;Receita de Capital;9;9;9;99;0;1;1;A;S;N;N;S;08.1.759.0081;Tesouro Municipal - Recursos Vinculados;N;1000;0,00;0,00;0,00;0,00;0,00;0,00;0,00;0,00;0,00;0,00;0,00;0,00;0,00;16/01/2026
2,99999010158002e+24;44370;2025;1;PREFEITURA DO MUNICÍPIO DE SÃO PAULO;Direta;94;Fundo Especial do Meio Ambiente e Desenvolvimento Sustentável;FEMA;NA;NA;NA;NA;NA;SNUC LEI 9985 - APA Capivari-Monos;SNUC LEI 9985 - APA Capivari-Monos;2;Receita de Capital;9;9;9;99;0;1;1;A;S;N;N;S;08.1.759.0081;Tesouro Municipal - Recursos Vinculados;N;1000;0,00;0,00;0,00;0,00;0,00;0,00;0,00;0,00;0,00;0,00;0,00;0,00;0,00;16/01/2026
2,99999010158003e+24;44373;2025;1;PREFEITURA DO MUNICÍPIO DE SÃO PAULO;Direta;94;Fundo Especial do Meio Ambiente e Desenvolvimento Sustentável;FEMA;NA;NA;NA;NA;NA;SNUC LEI 9985 - PNM Cratera de Colônia;SNUC LEI 9985 - PNM Cratera de Colônia;2;Receita de Capital;9;9;9;99;0;1;1;A;S;N;N;S;08.1.759.0081;Tesouro Municipal - Recursos Vinculados;N;1000;0,00;0,00;0,00;0,00;0,00;0,00;0,00;0,00;0,00;0,00;0,00;0,00;0,00;16/01/2026
2,99999010158004e+24;44376;2025;1;PREFEITURA DO MUNICÍPIO DE SÃO PAULO;Direta;94;Fundo Especial do Meio Ambiente e Desenvolvimento Sustentável;FEMA;NA;NA;NA;NA;NA;SNUC LEI 9985 - PNM Bororé;SNUC LEI 9985 - PNM Bororé;2;Receita de Capital;9;9;9;99;0;1;1;A;S;N;N;S;08.1.759.0081;Tesouro Municipal - Recursos Vinculados;N;1000;0,00;0,00;0,00;0,00;0,00;0,00;0,00;0,00;0,00;0,00;0,00;0,00;0,00;16/01/2026
2,99999010158006e+24;44382;2025;1;PREFEITURA DO MUNICÍPIO DE SÃO PAULO;Direta;94;Fundo Especial do Meio Ambiente e Desenvolvimento Sustentável;FEMA;NA;NA;NA;NA;NA;SNUC LEI 9985 - PNM Varginha;SNUC LEI 9985 - PNM Varginha;2;Receita de Capital;9;9;9;99;0;1;1;A;S;N;N;S;08.1.759.0081;Tesouro Municipal - Recursos Vinculados;N;1000;0,00;0,00;0,00;0,00;0,00;0,00;0,00;0,00;0,00;0,00;0,00;0,00;0,00;16/01/2026
2,99999010158007e+24;44385;2025;1;PREFEITURA DO MUNICÍPIO DE SÃO PAULO;Direta;94;Fundo Especial do Meio Ambiente e Desenvolvimento Sustentável;FEMA;NA;NA;NA;NA;NA;SNUC LEI 9985 - PNM Itaim;SNUC LEI 9985 - PNM Itaim;2;Receita de Capital;9;9;9;99;0;1;1;A;S;N;N;S;08.1.759.0081;Tesouro Municipal - Recursos Vinculados;N;1000;0,00;0,00;0,00;0,00;0,00;0,00;0,00;0,00;0,00;0,00;0,00;0,00;0,00;16/01/2026
2,99999010158008e+24;44388;2025;1;PREFEITURA DO MUNICÍPIO DE SÃO PAULO;Direta;94;Fundo Especial do Meio Ambiente e Desenvolvimento Sustentável;FEMA;NA;NA;NA;NA;NA;SNUC LEI 9985 - PNM Jaceguava;SNUC LEI 9985 - PNM Jaceguava;2;Receita de Capital;9;9;9;99;0;1;1;A;S;N;N;S;08.1.759.0081;Tesouro Municipal - Recursos Vinculados;N;1000;0,00;0,00;0,00;0,00;0,00;0,00;0,00;0,00;0,00;0,00;0,00;0,00;0,00;16/01/2026
2,99999010159000e+24;44394;2025;1;PREFEITURA DO MUNICÍPIO DE SÃO PAULO;Direta;94;Fundo Especial do Meio Ambiente e Desenvolvimento Sustentável;FEMA;NA;NA;NA;NA;NA;Determinações Judiciais ao FEMA;Determinações Judiciais ao FEMA;2;Receita de Capital;9;9;9;99;0;1;1;A;S;N;N;S;08.1.759.0081;Tesouro Municipal - Recursos Vinculados;N;1000;0,00;0,00;0,00;0,00;0,00;0,00;0,00;0,00;0,00;0,00;0,00;0,00;0,00;16/01/2026
2,99999010202000e+24;44403;2025;1;PREFEITURA DO MUNICÍPIO DE SÃO PAULO;Direta;NA;NA;NA;NA;NA;NA;NA;NA;Desistência/Excesso de Desapropriações - Tesouro Municipal;Desistência/Excesso de Desapropriações - Tesouro Municipal;2;Receita de Capital;9;9;9;99;0;1;2;A;S;N;N;S;00.1.501.9001;Tesouro Municipal;N;3820401;5731577,04;5187,17;69838,40;150319,13;1879632,98;3586549,14;57307,77;362520,08;16701,51;108227,33;619851,20;119932,83;12707644,58;16/01/2026
2,99999010203000e+24;44408;2025;1;PREFEITURA DO MUNICÍPIO DE SÃO PAULO;Direta;98;Fundo de Desenvolvimento Urbano;FUNDURB;NA;NA;NA;NA;NA;Desistência/Excesso de Desapropriações - FUNDURB;Desistência/Excesso de Desapropriações - FUNDURB;2;Receita de Capital;9;9;9;99;0;1;2;A;S;N;N;S;08.1.759.0402;Tesouro Municipal - Recursos Vinculados;N;811844;604,20;456334,01;0,00;0,00;4852,85;10907,79;3169,88;484831,48;0,00;0,00;279574,12;5617646,02;6857920,35;16/01/2026
2,99999010204000e+24;44413;2025;1;PREFEITURA DO MUNICÍPIO DE SÃO PAULO;Direta;94;Fundo Especial do Meio Ambiente e Desenvolvimento Sustentável;FEMA;NA;NA;NA;NA;NA;Desistência/Excesso de Desapropriações - FEMA;Desistência/Excesso de Desapropriações - FEMA;2;Receita de Capital;9;9;9;99;0;1;2;A;S;N;N;S;08.1.759.0081;Tesouro Municipal - Recursos Vinculados;N;3600000;0,00;0,00;0,00;0,00;0,00;0,00;0,00;0,00;0,00;0,00;97952,89;0,00;97952,89;16/01/2026
2,99999010205000e+24;44418;2025;1;PREFEITURA DO MUNICÍPIO DE SÃO PAULO;Direta;29;Secretaria Municipal de Urbanismo e Licenciamento;SMUL;NA;NA;NA;NA;NA;Desistência/Excesso - Depósito Judicial em Desapropriações - Operações Urbanas - Água Espraiada;Desistência/Excesso - Depósito Judicial em Desapropriações - Operações;2;Receita de Capital;9;9;9;99;0;1;2;A;S;N;N;S;08.1.799.0624;Tesouro Municipal - Recursos Vinculados;N;325526;164489,09;0,00;93626,58;2712129,48;0,00;0,00;373687,13;0,00;169198,80;17409,11;0,00;101904,15;3632444,34;16/01/2026
2,99999010206000e+24;44423;2025;1;PREFEITURA DO MUNICÍPIO DE SÃO PAULO;Direta;29;Secretaria Municipal de Urbanismo e Licenciamento;SMUL;NA;NA;NA;NA;NA;Desistência/Excesso - Depósito Judicial em Desapropriações - Operações Urbanas - Faria Lima;Desistência/Excesso - Depósito Judicial em Desapropriações - Operações;2;Receita de Capital;9;9;9;99;0;1;2;A;S;N;N;S;08.1.799.0625;Tesouro Municipal - Recursos Vinculados;N;1301500;0,00;15301,28;0,00;0,00;198047,31;0,00;0,00;0,00;0,00;0,00;0,00;0,00;213348,59;16/01/2026
2,99999010208000e+24;44433;2025;1;PREFEITURA DO MUNICÍPIO DE SÃO PAULO;Direta;86;Fundo Municipal de Saneamento Ambiental e Infraestrutura;FMSAI;NA;NA;NA;NA;NA;Saldo Remanescente de Desapropriações - FMSAI;Saldo Remanescente de Desapropriações - FMSAI;2;Receita de Capital;9;9;9;99;0;1;2;A;S;N;N;S;08.1.759.0709;Tesouro Municipal - Recursos Vinculados;N;0;0,00;45817,03;11302,01;107056,21;3546167,20;0,00;70116,55;406612,84;198485,29;7833,65;0,00;0,00;4393390,78;16/01/2026
2,99999010210000e+24;44439;2025;1;PREFEITURA DO MUNICÍPIO DE SÃO PAULO;Direta;29;Secretaria Municipal de Urbanismo e Licenciamento;SMUL;NA;NA;NA;NA;NA;Desistência/Excesso - Depósito Judicial em Desapropriações - Operações Urbanas - Água Branca;Desistência/Excesso - Depósito Judicial em Desapropriações - Operações;2;Receita de Capital;9;9;9;99;0;1;2;A;S;N;N;S;08.1.799.0710;Tesouro Municipal - Recursos Vinculados;N;0;0,00;0,00;0,00;0,00;0,00;0,00;0,00;0,00;0,00;0,00;0,00;0,00;0,00;16/01/2026
2,99999010212000e+24;44445;2025;1;PREFEITURA DO MUNICÍPIO DE SÃO PAULO;Direta;87;Fundo Municipal de Desenvolvimento de Trânsito;FMDT;NA;NA;NA;NA;NA;Desistência de Desapropriações - FMDT;Desistência de Desapropriações - FMDT;2;Receita de Capital;9;9;9;99;0;1;2;A;S;N;N;S;08.1.752.0626;Tesouro Municipal - Recursos Vinculados;N;1200;0,00;0,00;0,00;0,00;0,00;0,00;0,00;0,00;0,00;0,00;0,00;0,00;0,00;16/01/2026
7,11250010100000e+24;44453;2025;1;PREFEITURA DO MUNICÍPIO DE SÃO PAULO;Direta;NA;NA;NA;NA;NA;NA;NA;NA;Imposto sobre a Propriedade Predial e Territorial Urbana - Principal;Imposto sobre a Propriedade Predial e Territorial Urbana - Principal;7;Receita Intra Corrente;1;1;2;50;0;1;1;A;S;P;P;S;00.1.500.9001;Tesouro Municipal;N;281226;0,00;0,00;0,00;0,00;146990,19;0,00;0,00;0,00;0,00;1946,51;0,00;209348,31;358285,01;16/01/2026
7,11451110100000e+24;44472;2025;1;PREFEITURA DO MUNICÍPIO DE SÃO PAULO;Direta;NA;NA;NA;NA;NA;NA;NA;NA;Imposto sobre Serviços de Qualquer Natureza - Principal;Imposto sobre Serviços de Qualquer Natureza - Principal;7;Receita Intra Corrente;1;1;4;51;1;1;1;A;S;P;P;S;00.1.500.9001;Tesouro Municipal;N;51314;0,00;0,00;0,00;0,00;8172,15;0,00;0,00;0,00;0,00;28950,87;0,00;20396,20;57519,22;16/01/2026
7,11451120100000e+24;44476;2025;1;PREFEITURA DO MUNICÍPIO DE SÃO PAULO;Direta;NA;NA;NA;NA;NA;NA;NA;NA;Imposto sobre Serviços de Qualquer Natureza - Multas e Juros;Imposto sobre Serviços de Qualquer Natureza - Multas e Juros;7;Receita Intra Corrente;1;1;4;51;1;2;1;A;S;P;P;S;00.1.500.9001;Tesouro Municipal;N;72280;0,00;0,00;0,00;0,00;0,00;0,00;0,00;0,00;0,00;0,00;0,00;0,00;0,00;16/01/2026
7,12101010300000e+24;44494;2025;1;PREFEITURA DO MUNICÍPIO DE SÃO PAULO;Direta;NA;NA;NA;NA;NA;NA;NA;NA;Taxa de Fiscalização de Estabelecimentos - TFE;Taxa de Fiscalização de Estabelecimentos - TFE;7;Receita Intra Corrente;1;2;1;1;0;1;3;A;S;N;N;S;00.1.501.9001;Tesouro Municipal;N;1805;0,00;0,00;0,00;0,00;0,00;0,00;0,00;0,00;0,00;1392,40;0,00;0,00;1392,40;16/01/2026
7,12101010500000e+24;44500;2025;1;PREFEITURA DO MUNICÍPIO DE SÃO PAULO;Direta;NA;NA;NA;NA;NA;NA;NA;NA;Taxa p/ Exame e Verificação de  Projetos e Construções;Taxa p/ Exame e Verificação de  Projetos e Construções;7;Receita Intra Corrente;1;2;1;1;0;1;5;A;S;N;N;S;00.1.501.9001;Tesouro Municipal;N;1000;0,00;0,00;0,00;0,00;0,00;0,00;0,00;0,00;0,00;0,00;0,00;0,00;0,00;16/01/2026
7,12101010600000e+24;44503;2025;1;PREFEITURA DO MUNICÍPIO DE SÃO PAULO;Direta;NA;NA;NA;NA;NA;NA;NA;NA;Taxa de Vistoria de Aparelhos de Transporte Vertical e Horizontal;Taxa de Vistoria de Aparelhos de Transporte Vertical e Horizontal;7;Receita Intra Corrente;1;2;1;1;0;1;6;A;S;N;N;S;00.1.501.9001;Tesouro Municipal;N;1349;0,00;0,00;0,00;0,00;0,00;0,00;0,00;0,00;0,00;822,81;0,00;0,00;822,81;16/01/2026
7,21502110100000e+24;44691;2025;9;FUNDO FINANCEIRO - FUNFIN;Indireta;3;Fundo Financeiro - FUNFIN;FUNFIN;NA;NA;NA;NA;NA;CPSSS Patronal do Servidor Civil Ativo - PMSP;CPSSS Patronal do Servidor Civil Ativo - PMSP;7;Receita Intra Corrente;2;1;5;2;1;1;1;A;S;N;N;S;20.1.801.9001;Recursos Vinculados à Previdência Social;N;3393093054;229515526,80;227184145,00;229430674,40;219769346,90;227816965,20;229870638,90;230483392,50;229367546,60;229195883,60;229603728,30;228970981,30;449305432,90;2960514262,00;16/01/2026
7,21502110100000e+24;44691;2025;8;FUNDO PREVIDENCIÁRIO - FUNPREV;Indireta;3;Fundo Previdenciário - FUNPREV;FUNPREV;NA;NA;NA;NA;NA;CPSSS Patronal do Servidor Civil Ativo - PMSP;CPSSS Patronal do Servidor Civil Ativo - PMSP;7;Receita Intra Corrente;2;1;5;2;1;1;1;A;S;N;N;S;20.1.800.9001;Recursos Vinculados à Previdência Social;N;313386424;28392149,36;31220501,04;31973419,93;35841980,63;37546329,81;37600435,51;37344814,47;37426543,63;37283739,61;37111026,60;37015028,73;72873255,22;461629224,50;16/01/2026
7,21502110200000e+24;44694;2025;8;FUNDO PREVIDENCIÁRIO - FUNPREV;Indireta;3;Fundo Previdenciário - FUNPREV;FUNPREV;NA;NA;NA;NA;NA;CPSSS Patronal do Servidor Civil Ativo - IPREM;CPSSS Patronal do Servidor Civil Ativo - IPREM;7;Receita Intra Corrente;2;1;5;2;1;1;2;A;S;N;N;S;20.1.800.9001;Recursos Vinculados à Previdência Social;N;217867;26620,74;15988,42;15988,42;27817,76;24150,22;72026,00;72026,00;72026,00;72026,00;72258,62;72303,36;131285,12;674516,66;16/01/2026
7,21502110200000e+24;44694;2025;9;FUNDO FINANCEIRO - FUNFIN;Indireta;3;Fundo Financeiro - FUNFIN;FUNFIN;NA;NA;NA;NA;NA;CPSSS Patronal do Servidor Civil Ativo - IPREM;CPSSS Patronal do Servidor Civil Ativo - IPREM;7;Receita Intra Corrente;2;1;5;2;1;1;2;A;S;N;N;S;20.1.801.9001;Recursos Vinculados à Previdência Social;N;1635784;204426,76;104824,44;103815,14;94611,56;97269,50;99950,74;100134,56;100215,34;100201,02;100426,42;100295,44;199671,22;1405842,14;16/01/2026
7,21502110400000e+24;44700;2025;8;FUNDO PREVIDENCIÁRIO - FUNPREV;Indireta;3;Fundo Previdenciário - FUNPREV;FUNPREV;NA;NA;NA;NA;NA;CPSSS Patronal do Servidor Civil Ativo - HSPM;CPSSS Patronal do Servidor Civil Ativo - HSPM;7;Receita Intra Corrente;2;1;5;2;1;1;4;A;S;N;N;S;20.1.800.9001;Recursos Vinculados à Previdência Social;N;8983832;585516,19;545995,65;542399,71;858780,12;862115,76;852279,28;841677,59;839006,11;773987,06;742509,76;600001,62;1184619,41;9228888,26;16/01/2026
7,21502110400000e+24;44700;2025;9;FUNDO FINANCEIRO - FUNFIN;Indireta;3;Fundo Financeiro - FUNFIN;FUNFIN;NA;NA;NA;NA;NA;CPSSS Patronal do Servidor Civil Ativo - HSPM;CPSSS Patronal do Servidor Civil Ativo - HSPM;7;Receita Intra Corrente;2;1;5;2;1;1;4;A;S;N;N;S;20.1.801.9001;Recursos Vinculados à Previdência Social;N;39091603;2996994,03;3000335,24;3008856,70;2731709,94;2730325,17;2762796,34;2749590,06;2753175,80;2765839,49;2757655,79;2919326,57;5812215,50;36988820,63;16/01/2026
7,21502110500000e+24;44703;2025;8;FUNDO PREVIDENCIÁRIO - FUNPREV;Indireta;3;Fundo Previdenciário - FUNPREV;FUNPREV;NA;NA;NA;NA;NA;CPSSS Patronal do Servidor Civil Ativo - TCMSP;CPSSS Patronal do Servidor Civil Ativo - TCMSP;7;Receita Intra Corrente;2;1;5;2;1;1;5;A;S;N;N;S;20.1.800.9001;Recursos Vinculados à Previdência Social;N;6058039;659399,25;272339,35;264584,61;324985,89;328932,19;329271,79;334715,18;347670,81;360776,57;358262,53;363572,10;703717,05;4648227,32;16/01/2026
7,21502110500000e+24;44703;2025;9;FUNDO FINANCEIRO - FUNFIN;Indireta;3;Fundo Financeiro - FUNFIN;FUNFIN;NA;NA;NA;NA;NA;CPSSS Patronal do Servidor Civil Ativo - TCMSP;CPSSS Patronal do Servidor Civil Ativo - TCMSP;7;Receita Intra Corrente;2;1;5;2;1;1;5;A;S;N;N;S;20.1.801.9001;Recursos Vinculados à Previdência Social;N;41972236;2208565,21;2309589,14;2297697,55;2213751,14;2309424,64;2250591,02;2267548,77;2255018,40;2228549,12;2235688,11;2220985,47;4645371,42;29442779,99;16/01/2026
7,21502110600000e+24;44706;2025;9;FUNDO FINANCEIRO - FUNFIN;Indireta;3;Fundo Financeiro - FUNFIN;FUNFIN;NA;NA;NA;NA;NA;CPSSS Patronal do Servidor Civil Ativo - CMSP;CPSSS Patronal do Servidor Civil Ativo - CMSP;7;Receita Intra Corrente;2;1;5;2;1;1;6;A;S;N;N;S;20.1.801.9001;Recursos Vinculados à Previdência Social;N;48361523;2859319,78;2862495,84;2869613,44;2775105,78;2872966,14;3003208,72;2902397,22;2906537,32;2909443,74;2904025,80;2896753,52;5769981,76;37531849,06;16/01/2026
7,21502110600000e+24;44706;2025;8;FUNDO PREVIDENCIÁRIO - FUNPREV;Indireta;3;Fundo Previdenciário - FUNPREV;FUNPREV;NA;NA;NA;NA;NA;CPSSS Patronal do Servidor Civil Ativo - CMSP;CPSSS Patronal do Servidor Civil Ativo - CMSP;7;Receita Intra Corrente;2;1;5;2;1;1;6;A;S;N;N;S;20.1.800.9001;Recursos Vinculados à Previdência Social;N;790490;134204,54;137221,66;140245,10;231792,74;238942,52;265350,82;282782,76;289144,26;293877,28;300230,20;302967,52;569404,80;3186164,20;16/01/2026
7,21502111200000e+24;44724;2025;9;FUNDO FINANCEIRO - FUNFIN;Indireta;3;Fundo Financeiro - FUNFIN;FUNFIN;NA;NA;NA;NA;ALTERAÇÃO DESCRIÇÃO 6310.2022/0001301-8;CPSSS Patronal do Servidor Civil Ativo - PMSP - Afastados, cessionário pertencente ao OFSS;CPSSS Patronal Serv Civ Ativo - PMSP - Afast, cess pert OFSS;7;Receita Intra Corrente;2;1;5;2;1;1;12;A;S;N;N;S;20.1.801.9001;Recursos Vinculados à Previdência Social;N;517218;23656,33;12839,48;14962,32;13322,70;13322,70;13356,98;13357,00;12003,35;14710,65;13357,00;13357,00;13357,00;171602,51;16/01/2026
7,21502111200000e+24;44724;2025;8;FUNDO PREVIDENCIÁRIO - FUNPREV;Indireta;3;Fundo Previdenciário - FUNPREV;FUNPREV;NA;NA;NA;NA;ALTERAÇÃO DESCRIÇÃO 6310.2022/0001301-8;CPSSS Patronal do Servidor Civil Ativo - PMSP - Afastados, cessionário pertencente ao OFSS;CPSSS Patronal Serv Civ Ativo - PMSP - Afast, cess pert OFSS;7;Receita Intra Corrente;2;1;5;2;1;1;12;A;S;N;N;S;20.1.800.9001;Recursos Vinculados à Previdência Social;N;1000;4360,16;6566,55;4568,13;6852,20;6852,20;6852,20;-31602,08;2284,07;2284,07;2284,07;2284,07;2284,07;15869,71;16/01/2026
7,21502111300000e+24;44727;2025;8;FUNDO PREVIDENCIÁRIO - FUNPREV;Indireta;3;Fundo Previdenciário - FUNPREV;FUNPREV;NA;NA;NA;NA;ALTERAÇÃO DESCRIÇÃO 6310.2022/0001301-8;CPSSS Patronal do Servidor Civil Ativo - IPREM - Afastados, cessionário pertencente ao OFSS;CPSSS Patronal Serv Civ Ativo - IPREM - Afast, cess pert OFSS;7;Receita Intra Corrente;2;1;5;2;1;1;13;A;S;N;N;S;20.1.800.9001;Recursos Vinculados à Previdência Social;N;1000;0,00;0,00;0,00;0,00;0,00;0,00;0,00;0,00;0,00;0,00;0,00;0,00;0,00;16/01/2026
7,21502111300000e+24;44727;2025;9;FUNDO FINANCEIRO - FUNFIN;Indireta;3;Fundo Financeiro - FUNFIN;FUNFIN;NA;NA;NA;NA;ALTERAÇÃO DESCRIÇÃO 6310.2022/0001301-8;CPSSS Patronal do Servidor Civil Ativo - IPREM - Afastados, cessionário pertencente ao OFSS;CPSSS Patronal Serv Civ Ativo - IPREM - Afast, cess pert OFSS;7;Receita Intra Corrente;2;1;5;2;1;1;13;A;S;N;N;S;20.1.801.9001;Recursos Vinculados à Previdência Social;N;1000;0,00;0,00;0,00;0,00;0,00;0,00;0,00;0,00;0,00;0,00;0,00;0,00;0,00;16/01/2026
7,21502111500000e+24;44733;2025;8;FUNDO PREVIDENCIÁRIO - FUNPREV;Indireta;3;Fundo Previdenciário - FUNPREV;FUNPREV;NA;NA;NA;NA;ALTERAÇÃO DESCRIÇÃO 6310.2022/0001301-8;CPSSS Patronal do Servidor Civil Ativo - HSPM - Afastados, cessionário pertencente ao OFSS;CPSSS Patronal Serv Civ Ativo - HSPM - Afast, cess pert OFSS;7;Receita Intra Corrente;2;1;5;2;1;1;15;A;S;N;N;S;20.1.800.9001;Recursos Vinculados à Previdência Social;N;1000;0,00;0,00;0,00;0,00;0,00;0,00;0,00;0,00;0,00;0,00;0,00;0,00;0,00;16/01/2026
7,21502111600000e+24;44736;2025;8;FUNDO PREVIDENCIÁRIO - FUNPREV;Indireta;3;Fundo Previdenciário - FUNPREV;FUNPREV;NA;NA;NA;NA;ALTERAÇÃO DESCRIÇÃO 6310.2022/0001301-8;CPSSS Patronal do Servidor Civil Ativo - TCMSP - Afastados, cessionário pertencente ao OFSS;CPSSS Patronal Serv Civ Ativo - TCMSP - Afast, cess pert OFSS;7;Receita Intra Corrente;2;1;5;2;1;1;16;A;S;N;N;S;20.1.800.9001;Recursos Vinculados à Previdência Social;N;1000;0,00;0,00;0,00;0,00;0,00;0,00;0,00;0,00;0,00;0,00;0,00;0,00;0,00;16/01/2026
7,21502111700000e+24;44739;2025;8;FUNDO PREVIDENCIÁRIO - FUNPREV;Indireta;3;Fundo Previdenciário - FUNPREV;FUNPREV;NA;NA;NA;NA;ALTERAÇÃO DESCRIÇÃO 6310.2022/0001301-8;CPSSS Patronal do Servidor Civil Ativo - CMSP - Afastados, cessionário pertencente ao OFSS;CPSSS Patronal Serv Civ Ativo - CMSP - Afast, cess pert OFSS;7;Receita Intra Corrente;2;1;5;2;1;1;17;A;S;N;N;S;20.1.800.9001;Recursos Vinculados à Previdência Social;N;1000;0,00;0,00;0,00;0,00;0,00;0,00;0,00;0,00;0,00;0,00;0,00;0,00;0,00;16/01/2026
7,31101110100000e+24;44809;2025;9;FUNDO FINANCEIRO - FUNFIN;Indireta;3;Fundo Financeiro - FUNFIN;FUNFIN;NA;NA;NA;NA;NA;Aluguéis;Aluguéis;7;Receita Intra Corrente;3;1;1;1;1;1;1;A;S;N;N;S;20.1.801.9001;Recursos Vinculados à Previdência Social;N;1000;0,00;0,00;0,00;0,00;0,00;0,00;0,00;0,00;0,00;0,00;0,00;0,00;0,00;16/01/2026
7,31101110100000e+24;44809;2025;8;FUNDO PREVIDENCIÁRIO - FUNPREV;Indireta;3;Fundo Previdenciário - FUNPREV;FUNPREV;NA;NA;NA;NA;NA;Aluguéis;Aluguéis;7;Receita Intra Corrente;3;1;1;1;1;1;1;A;S;N;N;S;20.1.800.9001;Recursos Vinculados à Previdência Social;N;2880000;471686,24;235843,12;235843,12;235843,12;235843,12;235843,12;235843,12;235843,12;235843,12;235843,12;235843,12;297516,12;3127633,56;16/01/2026
7,31101110100000e+24;44809;2025;30;SÃO PAULO URBANISMO;Indireta;5;São Paulo Urbanismo;SPU;NA;NA;NA;NA;NA;Aluguéis;Aluguéis;7;Receita Intra Corrente;3;1;1;1;1;1;1;A;S;N;N;S;09.1.501.9001;Recursos Próprios da Empresa Dependente;N;2100000;189580,63;159116,23;217049,11;227385,57;200968,90;200968,90;200968,90;200968,90;200968,90;219483,87;190196,64;467771,23;2675427,78;16/01/2026
7,31101110100000e+24;44809;2025;83;COMPANHIA METROPOLITANA DE HABITAÇÃO DE SÃO PAULO;Indireta;83;Companhia Metropolitana de Habitação de São Paulo;COHAB;NA;NA;NA;NA;NA;Aluguéis;Aluguéis;7;Receita Intra Corrente;3;1;1;1;1;1;1;A;S;N;N;S;09.1.501.9001;Recursos Próprios da Empresa Dependente;N;0;0,00;0,00;0,00;1708421,99;1503770,88;1344961,40;898929,53;745711,14;1220750,08;1845356,32;2127025,04;2227491,88;13622418,26;16/01/2026
7,61101010100000e+24;44829;2025;83;COMPANHIA METROPOLITANA DE HABITAÇÃO DE SÃO PAULO;Indireta;83;Companhia Metropolitana de Habitação de São Paulo;COHAB;NA;NA;NA;NA;NA;Remuneração de Serviços Prestados;Remuneração de Serviços Prestados;7;Receita Intra Corrente;6;1;1;1;0;1;1;A;S;N;N;S;09.1.501.9001;Recursos Próprios da Empresa Dependente;N;7140000;0,00;650563,80;602625,38;1206692,75;605383,18;605923,93;607672,35;0,00;1215344,71;0,00;608285,23;1217706,00;7320197,33;16/01/2026
7,61101010400000e+24;44844;2025;3;CINEMA E AUDIOVISUAL DE SÃO PAULO;Indireta;15;Cinema e Audiovisual de São Paulo;SPCINE;NA;NA;NA;NA;NA;Taxas de Administração - SPCINE;Taxas de Administração - SPCINE;7;Receita Intra Corrente;6;1;1;1;0;1;4;A;S;N;N;S;09.1.501.9001;Recursos Próprios da Empresa Dependente;N;8320000;0,00;694508,04;700716,64;498193,96;589342,87;378635,13;406347,82;490450,94;518712,03;670725,07;1075351,52;284189,80;6307173,82;16/01/2026
7,73299010200000e+24;44901;2025;3;CINEMA E AUDIOVISUAL DE SÃO PAULO;Indireta;15;Cinema e Audiovisual de São Paulo;SPCINE;NA;NA;NA;NA;OBSERVAÇÃO: NÃO HABILITAR DRD PARA ESTA RUBRICA. AGUARDANDO AJUSTE DO VALOR PREVISTO NO EXERCÍCIO DE 2025 PARA INATIVAÇÃO.;SPCINE X SMC - Política Audiovisual;SPCINE X SMC - Política Audiovisual;7;Receita Intra Corrente;7;3;2;99;0;1;2;A;S;N;N;N;09.1.501.9001;Recursos Próprios da Empresa Dependente;N;1000;0,00;0,00;0,00;0,00;0,00;0,00;0,00;0,00;0,00;0,00;0,00;0,00;0,00;16/01/2026
7,73299010300000e+24;44904;2025;3;CINEMA E AUDIOVISUAL DE SÃO PAULO;Indireta;15;Cinema e Audiovisual de São Paulo;SPCINE;NA;NA;NA;NA;OBSERVAÇÃO: NÃO HABILITAR DRD PARA ESTA RUBRICA. AGUARDANDO AJUSTE DO VALOR PREVISTO NO EXERCÍCIO DE 2025 PARA INATIVAÇÃO. SEI 8610.2024/0003021-4.;SPCINE X SMTUR - Projeto Audiovisual;SPCINE X SMTUR - Projeto Audiovisual;7;Receita Intra Corrente;7;3;2;99;0;1;3;A;S;N;N;N;09.1.501.9001;Recursos Próprios da Empresa Dependente;N;1000;0,00;0,00;0,00;0,00;0,00;0,00;0,00;0,00;0,00;0,00;0,00;0,00;0,00;16/01/2026
7,73299010400000e+24;44907;2025;3;CINEMA E AUDIOVISUAL DE SÃO PAULO;Indireta;15;Cinema e Audiovisual de São Paulo;SPCINE;NA;NA;NA;NA;OBSERVAÇÃO: NÃO HABILITAR DRD PARA ESTA RUBRICA. AGUARDANDO AJUSTE DO VALOR PREVISTO NO EXERCÍCIO DE 2025 PARA INATIVAÇÃO.;SPCINE X SME -  Eventos Educacionais, Culturais e Esportivos nos Centros Educacionais Unificados;SPCINE X SME -  Eventos Educacionais, Culturais e Esportivos nos Centr;7;Receita Intra Corrente;7;3;2;99;0;1;4;A;S;N;N;N;09.1.501.9001;Recursos Próprios da Empresa Dependente;N;5000000;0,00;0,00;0,00;0,00;0,00;0,00;0,00;0,00;0,00;0,00;0,00;0,00;0,00;16/01/2026
7,73299010500000e+24;44910;2025;3;CINEMA E AUDIOVISUAL DE SÃO PAULO;Indireta;15;Cinema e Audiovisual de São Paulo;SPCINE;NA;NA;NA;NA;OBSERVAÇÃO: NÃO HABILITAR DRD PARA ESTA RUBRICA. AGUARDANDO AJUSTE DO VALOR PREVISTO NO EXERCÍCIO DE 2025 PARA INATIVAÇÃO.;SPCINE X SGM -  Transferência de Recursos para Apoio à Memória do Audiovisual;SPCINE X SGM -  Transferência de Recursos para Apoio à Memória do Audi;7;Receita Intra Corrente;7;3;2;99;0;1;5;A;S;N;N;N;09.1.501.9001;Recursos Próprios da Empresa Dependente;N;1000;0,00;0,00;0,00;0,00;0,00;0,00;0,00;0,00;0,00;0,00;0,00;0,00;0,00;16/01/2026
7,91108010100000e+24;44951;2025;1;PREFEITURA DO MUNICÍPIO DE SÃO PAULO;Direta;90;Fundo Municipal dos Direitos da Criança e do Adolescente;FUMCAD;NA;NA;NA;NA;NA;Multas Decorrentes de Sentenças Judiciais - FUMCAD;Multas Decorrentes de Sentenças Judiciais - FUMCAD;7;Receita Intra Corrente;9;1;1;8;0;1;1;A;S;N;N;S;08.1.759.0958;Tesouro Municipal - Recursos Vinculados;N;2600000;0,00;0,00;0,00;0,00;0,00;0,00;0,00;0,00;0,00;173268,85;0,00;0,00;173268,85;16/01/2026
8,22101010200000e+24;44962;2025;83;COMPANHIA METROPOLITANA DE HABITAÇÃO DE SÃO PAULO;Indireta;83;Companhia Metropolitana de Habitação de São Paulo;COHAB;NA;NA;NA;NA;NA;Alienação de Áreas, Terrenos, Glebas, Lojas, Salas;Alienação de Áreas, Terrenos, Glebas, Lojas, Salas;8;Receita Intra de Capital;2;2;1;1;0;1;2;A;S;N;N;S;10.1.756.8003;Alienação de Bens/Ativos;N;1000;0,00;0,00;0,00;0,00;0,00;0,00;0,00;0,00;0,00;0,00;0,00;0,00;0,00;16/01/2026
8,43299010800000e+24;45004;2025;1;PREFEITURA DO MUNICÍPIO DE SÃO PAULO;Direta;14;Secretaria Municipal de Habitação;SEHAB;NA;NA;NA;NA;NA;Convênio SEHAB X COHAB;Convênio SEHAB X COHAB;8;Receita Intra de Capital;4;3;2;99;0;1;8;A;S;N;N;N;05.1.703.0000;Outras Fontes;N;0;0,00;0,00;0,00;0,00;0,00;0,00;0,00;0,00;0,00;0,00;0,00;0,00;0,00;16/01/2026
8,43999010200000e+24;45015;2025;83;COMPANHIA METROPOLITANA DE HABITAÇÃO DE SÃO PAULO;Indireta;83;Companhia Metropolitana de Habitação de São Paulo;COHAB;NA;NA;NA;NA;SEI 6017.2022/0038022-0;Desapropriação/Alienação com recursos da PMSP;Desapropriação/Alienação com recursos da PMSP;8;Receita Intra de Capital;4;3;9;99;0;1;2;A;S;N;N;N;10.1.756.8003;Alienação de Bens/Ativos;N;1000;0,00;0,00;0,00;0,00;0,00;0,00;0,00;0,00;0,00;0,00;0,00;0,00;0,00;16/01/2026
1,79201010100000e+24;45111;2025;1;PREFEITURA DO MUNICÍPIO DE SÃO PAULO;Direta;34;Secretaria Municipal de Direitos Humanos e Cidadania;SMDHC;NA;NA;NA;NA;NA;Doações não Identificadas - Cidade Solidária - Covid-19 - SMDHC;Doações não Identificadas - Cidade Solidária - Covid-19 - SMDHC;1;Receita Corrente;7;9;2;1;0;1;1;A;S;N;N;S;05.1.799.1268;Outras Fontes;N;1585416;300,00;650,00;550,00;100,00;300,00;650,00;400,00;400,00;550,00;300,00;0,00;450,00;4650,00;16/01/2026
1,79201010200000e+24;45115;2025;1;PREFEITURA DO MUNICÍPIO DE SÃO PAULO;Direta;90;Fundo Municipal dos Direitos da Criança e do Adolescente;FUMCAD;NA;NA;NA;NA;NA;Transferências Provenientes de Depósitos Não Identificados - FUMCAD;Transferências Provenientes de Depósitos Não Identificados - FUMCAD;1;Receita Corrente;7;9;2;1;0;1;2;A;S;N;N;S;08.1.759.0958;Tesouro Municipal - Recursos Vinculados;N;489719;17257,87;10684,48;11402,57;8239,29;44661,39;7620,29;2255,44;9232,93;177842,36;13664,61;14315,20;24772,48;341948,91;16/01/2026
1,92302010100000e+24;45134;2025;1;PREFEITURA DO MUNICÍPIO DE SÃO PAULO;Direta;NA;NA;NA;NA;NA;NA;NA;NA;Ressarcimento de Despesas - SPDA;Ressarcimento de Despesas - SPDA;1;Receita Corrente;9;2;3;2;0;1;1;A;S;N;N;S;00.1.501.9001;Tesouro Municipal;N;162323;49422,07;25807,17;0,00;0,00;0,00;27158,00;14219,58;0,00;0,00;13740,76;0,00;28723,79;159071,37;16/01/2026
1,92302010300000e+24;45138;2025;1;PREFEITURA DO MUNICÍPIO DE SÃO PAULO;Direta;NA;NA;NA;NA;NA;NA;NA;NA;Reembolso de despesas no transcurso do processo;Reembolso de despesas no transcurso do processo;1;Receita Corrente;9;2;3;2;0;1;3;A;S;N;N;S;00.1.501.9001;Tesouro Municipal;N;727090;4614,90;1139,45;1357,22;7789,35;979,06;9684,19;5133,33;2036,75;2588,94;12892,03;8372,25;26099,48;82686,95;16/01/2026
1,69999013000000e+24;45148;2025;3;CINEMA E AUDIOVISUAL DE SÃO PAULO;Indireta;15;Cinema e Audiovisual de São Paulo;SPCINE;NA;NA;NA;NA;Processo 8610.2021/0001791-3;Serviços de Consultoria - SPCINE;Serviços de Consultoria - SPCINE;1;Receita Corrente;6;9;9;99;0;1;30;A;S;N;N;S;09.1.501.9001;Recursos Próprios da Empresa Dependente;N;1190000;0,00;0,00;0,00;0,00;0,00;0,00;0,00;0,00;0,00;0,00;0,00;1300000,00;1300000,00;16/01/2026
1,92399010800000e+24;45152;2025;1;PREFEITURA DO MUNICÍPIO DE SÃO PAULO;Direta;NA;NA;NA;NA;NA;NA;NA;NA;Deduções Outros Ressarcimentos;Deduções Outros Ressarcimentos;1;Receita Corrente;9;2;3;99;0;1;8;A;S;N;N;S;00.1.501.9001;Tesouro Municipal;S;0;0,00;0,00;0,00;0,00;0,00;0,00;0,00;0,00;-10910,81;0,00;0,00;0,00;-10910,81;16/01/2026
6,11300510802002e+24;45153;2025;1;PREFEITURA DO MUNICÍPIO DE SÃO PAULO;Direta;NA;NA;NA;NA;NA;NA;NA;NA;Conta Especial - Regime Especial Precatórios Ec 62/09 Bco Brasil Trt2;Conta Especial - Regime Especial Precatórios Ec 62/09 Bco Brasil Trt2;6;Receita Extraorçamentária;1;1;3;0;5;1;8;A;N;N;N;N;12.1.869.9001;Recursos Extraorçamentários;N;0;-18095357,95;-11076107,48;-1273236,81;-1313381,22;-1327817,98;-46862015,01;-1307019,05;-1374178,95;-1313847,37;-1476554,62;-1400444,58;-1171813,01;-87991774,03;16/01/2026
6,11300510802003e+24;45154;2025;1;PREFEITURA DO MUNICÍPIO DE SÃO PAULO;Direta;NA;NA;NA;NA;NA;NA;NA;NA;Conta Especial - Regime Especial Precatórios Ec 62/09 Bco Brasil Trf15;Conta Especial - Regime Especial Precatórios Ec 62/09 Bco Brasil Trf15;6;Receita Extraorçamentária;1;1;3;0;5;1;8;A;N;N;N;N;12.1.869.9001;Recursos Extraorçamentários;N;0;-25,38;-102,74;-261,54;-283,98;-288,30;-289,10;-294,11;-294,33;-296,82;-300,21;-296,27;-303,31;-3036,09;16/01/2026
1,74199011700000e+24;45174;2025;1;PREFEITURA DO MUNICÍPIO DE SÃO PAULO;Direta;8;Fundo Municipal do Idoso;FMID;NA;NA;NA;NA;Processo SEI 6017.2020/0026460-0;Transferências de Instituições Privadas com Fins Lucrativos -Doações Direcionadas - FMID;Transf Inst Privadas com Fins Lucrativos -Doações Direcionadas - FMID;1;Receita Corrente;7;4;1;99;0;1;17;A;S;N;N;S;08.1.759.1183;Tesouro Municipal - Recursos Vinculados;N;10845006;0,00;0,00;0,00;0,00;0,00;0,00;0,00;0,00;0,00;0,00;0,00;0,00;0,00;16/01/2026
1,79199011200000e+24;45177;2025;1;PREFEITURA DO MUNICÍPIO DE SÃO PAULO;Direta;8;Fundo Municipal do Idoso;FMID;NA;NA;NA;NA;Processo SEI 6017.2020/0026460-0;Transferências de Pessoas Físicas - Doações Direcionadas - FMID;Transferências de Pessoas Físicas - Doações Direcionadas - FMID;1;Receita Corrente;7;9;1;99;0;1;12;A;S;N;N;S;08.1.759.1183;Tesouro Municipal - Recursos Vinculados;N;226904;0,00;0,00;0,00;0,00;0,00;0,00;0,00;0,00;0,00;0,00;0,00;0,00;0,00;16/01/2026
7,92302010100000e+24;45199;2025;1;PREFEITURA DO MUNICÍPIO DE SÃO PAULO;Direta;NA;NA;NA;NA;NA;NA;NA;Processo 6017.2021/0060642-1;Ressarcimento de Custos - PMSP;Ressarcimento de Custos - PMSP;7;Receita Intra Corrente;9;2;3;2;0;1;1;A;S;N;N;S;00.1.501.9001;Tesouro Municipal;N;474140;122093,69;60725,06;0,00;0,00;65057,31;132421,90;70652,07;-128021,80;0,00;50394,13;0,00;102205,46;475527,82;16/01/2026
7,31102010100000e+24;45203;2025;1;PREFEITURA DO MUNICÍPIO DE SÃO PAULO;Direta;NA;NA;NA;NA;NA;NA;NA;Processo 6017.2021/0060642-1;Outorga de Posse Direta - PMSP;Outorga de Posse Direta - PMSP;7;Receita Intra Corrente;3;1;1;2;0;1;1;A;S;N;N;N;00.1.501.9001;Tesouro Municipal;N;0;0,00;0,00;0,00;0,00;0,00;0,00;0,00;128021,80;0,00;18636,81;0,00;37635,98;184294,59;16/01/2026
6,21100110402006e+24;45206;2025;1;PREFEITURA DO MUNICÍPIO DE SÃO PAULO;Direta;NA;NA;NA;NA;NA;NA;NA;NA;Regime Especial - A partir de 05/05/2000 - Vencidos à Pagar TJSP (F);Regime Especial - A partir de 05/05/2000 - Vencidos à Pagar TJSP (F);6;Receita Extraorçamentária;2;1;1;0;1;1;4;A;N;N;N;N;12.1.869.9995;Recursos Extraorçamentários;N;0;337821343,30;330746825,00;322200983,80;328380481,90;326017022,50;379867215,60;332219353,00;333009815,90;176303504,30;170155042,20;171745567,30;166928493,10;3375395648,00;16/01/2026
6,21300110702006e+24;45209;2025;1;PREFEITURA DO MUNICÍPIO DE SÃO PAULO;Direta;NA;NA;NA;NA;NA;NA;NA;NA;Regime Especial - A partir de 05/05/2000 - Vencidos à Pagar TJSP (F);Regime Especial - A partir de 05/05/2000 - Vencidos à Pagar TJSP (F);6;Receita Extraorçamentária;2;1;3;0;1;1;7;A;N;N;N;N;12.1.869.9995;Recursos Extraorçamentários;N;0;73292973,70;74231741,60;74845415,86;75902381,12;76473128,72;76854109,15;77279457,91;76573066,87;38256298,24;38622728,67;39142212,20;39156066,27;760629580,30;16/01/2026
6,21800810499010e+24;45210;2025;1;PREFEITURA DO MUNICÍPIO DE SÃO PAULO;Direta;NA;NA;NA;NA;NA;NA;NA;NA;Depósitos Para Recursos Administrativos- IPTU;Depósitos Para Recursos Administrativos- IPTU;6;Receita Extraorçamentária;2;1;8;0;8;1;4;A;N;N;N;S;12.1.862.9993;Recursos Extraorçamentários;N;0;47371,05;274960,37;626820,62;-179029,07;2721304,48;-4210460,04;231519,27;-1600745,35;276576,27;132921,25;195735,72;-1119486,99;-2602512,42;16/01/2026
7,99901010100000e+24;45218;2025;8;FUNDO PREVIDENCIÁRIO - FUNPREV;Indireta;3;Fundo Previdenciário - FUNPREV;FUNPREV;NA;NA;NA;NA;Processo SEI 6017.2021/0064729-2;Aportes Periódicos - RPPS - L.O.M. - Art. 37 § 15;Aportes Periódicos - RPPS - L.O.M. - Art. 37 § 15;7;Receita Intra Corrente;9;9;9;1;0;1;1;A;S;N;N;S;20.1.800.8012;Recursos Vinculados à Previdência Social;N;5521973064;484824268,90;318278197,40;477828807,00;337421897,00;398162169,20;450275455,90;510835650,00;310314258,40;461834487,80;409652099,10;237419798,00;951793372,60;5348640461,00;16/01/2026
1,32105010101001e+24;45249;2025;1;PREFEITURA DO MUNICÍPIO DE SÃO PAULO;Direta;NA;NA;NA;NA;NA;NA;NA;Processo SEI 6014.2022/0000360-9;PMSP- SEHAB/Atendimento Emergencial-Cartão Pré-Pago;PMSP- SEHAB/Atendimento Emergencial-Cartão Pré-Pago;1;Receita Corrente;3;2;1;5;0;1;1;A;S;N;N;N;00.1.501.9001;Tesouro Municipal;N;404130;4474,98;20297,36;113365,96;152471,06;164250,77;158639,28;184302,18;166903,20;173315,01;180380,07;145540,54;165452,56;1629392,97;16/01/2026
1,32105010104024e+24;45255;2025;1;PREFEITURA DO MUNICÍPIO DE SÃO PAULO;Direta;11;Secretaria do Governo Municipal;SGM;NA;NA;NA;NA;PROCESSO 6011.2022/0000317-3;Transferências Especiais - ESTADO X SGM;Transferências Especiais - ESTADO X SGM;1;Receita Corrente;3;2;1;5;0;1;1;A;S;N;N;N;03.1.710.1458;Transferências Estaduais;N;0;111744,31;103583,72;98811,70;109738,42;112859,37;103738,84;121417,00;110046,15;116687,37;123244,56;102971,02;120732,50;1335574,96;16/01/2026
1,32105010102044e+24;45258;2025;1;PREFEITURA DO MUNICÍPIO DE SÃO PAULO;Direta;22;Secretaria Municipal de Infraestrutura Urbana e Obras;SIURB;NA;NA;NA;NA;Processo SEI 6017.2022/0004671-1;Operações de Crédito Externas - Corredor Aricanduva;Operações de Crédito Externas - Corredor Aricanduva;1;Receita Corrente;3;2;1;5;0;1;1;A;S;N;N;N;01.1.754.1376;Operações de Crédito;N;77439456;761965,29;700702,94;685616,02;759215,34;825944,43;795855,96;925174,02;844605,67;891585,16;938734,64;778377,62;-8907777,09;0,00;16/01/2026
1,31101110400000e+24;45264;2025;22;Fundo Especial de Despesas da Câmara;Legislativo;76;Fundo Especial de Despesas da Câmara Municipal de São Paulo;FECAM;NA;NA;NA;NA;Destinada a apropriação da receita diretamente em uma conta contábil VPA, nos casos em que a arrecadação e o mês de competência são os mesmos.;Receita Arrecadada de Aluguéis – FECAM;Receita Arrecadada de Aluguéis – FECAM;1;Receita Corrente;3;1;1;1;1;1;4;A;S;N;N;N;08.1.759.8004;Tesouro Municipal - Recursos Vinculados;N;833900;67801,28;68330,47;68330,47;68330,47;68330,47;68330,47;68330,47;68330,47;68330,47;68330,47;68330,47;68075,39;819181,37;16/01/2026
1,99999321300000e+24;45269;2025;1;PREFEITURA DO MUNICÍPIO DE SÃO PAULO;Direta;NA;NA;NA;NA;NA;NA;NA;Processos SEI 6017.2021/0053671-7 e 6017.2021/0020640-7;Rendimentos Financeiros - Bloqueios Judiciais;Rendimentos Financeiros - Bloqueios Judiciais;1;Receita Corrente;9;9;9;99;3;2;13;A;S;N;N;S;00.1.501.9001;Tesouro Municipal;N;32826;6034142,58;1629880,93;0,00;2575,57;342,09;422,37;0,00;0,00;325,77;2646,13;0,00;0,00;7670335,44;16/01/2026
1,32105010109095e+24;45279;2025;1;PREFEITURA DO MUNICÍPIO DE SÃO PAULO;Direta;17;Secretaria Municipal da Fazenda;SF;NA;NA;NA;NA;Processo SEI 6017.2022/0014655-4;Receita de Rendimentos de Aplicação Financeira – FEMATF;Receita de Rendimentos de Aplicação Financeira – FEMATF;1;Receita Corrente;3;2;1;5;0;1;1;A;S;N;N;N;08.1.759.1383;Tesouro Municipal - Recursos Vinculados;N;51161935;665783,85;396468,33;372880,59;560335,78;571439,96;655123,40;716709,22;472835,02;510830,06;510366,87;402289,10;464854,30;6299916,48;16/01/2026
1,92203010400000e+24;45283;2025;8;FUNDO PREVIDENCIÁRIO - FUNPREV;Indireta;3;Fundo Previdenciário - FUNPREV;FUNPREV;NA;NA;NA;NA;NA;Restituição de Benefícios Previdenciários - FUNPREV;Restituição de Benefícios Previdenciários - FUNPREV;1;Receita Corrente;9;2;2;3;0;1;4;A;S;N;N;S;20.1.800.9001;Recursos Vinculados à Previdência Social;N;1469256;129072,35;3263,53;411616,86;610870,07;349037,55;158344,83;744510,05;1419979,21;1152841,14;1361624,33;448794,15;318470,00;7108424,07;16/01/2026
1,92203010500000e+24;45286;2025;8;FUNDO PREVIDENCIÁRIO - FUNPREV;Indireta;3;Fundo Previdenciário - FUNPREV;FUNPREV;NA;NA;NA;NA;NA;Restituição de Benefícios Previdenciários - Inscritos - FUNPREV;Restituição de Benefícios Previdenciários - Inscritos - FUNPREV;1;Receita Corrente;9;2;2;3;0;1;5;A;S;N;N;S;20.1.800.9001;Recursos Vinculados à Previdência Social;N;13704;1305,48;1114,19;0,00;1049,65;24,35;2520,78;0,00;0,00;3417,34;0,00;947,18;2896,48;13275,45;16/01/2026
1,92203010500000e+24;45288;2025;8;FUNDO PREVIDENCIÁRIO - FUNPREV;Indireta;3;Fundo Previdenciário - FUNPREV;FUNPREV;NA;NA;NA;NA;NA;Restituição de Benefícios Previdenciários - Inscritos - FUNPREV - Parcelamento;Restituição Benef. Previdenciários - Inscritos - FUNPREV- Parcelamento;1;Receita Corrente;9;2;2;3;0;1;5;A;S;N;N;S;20.1.800.9001;Recursos Vinculados à Previdência Social;N;361344;41927,72;16517,60;27288,68;18941,35;21852,80;24058,83;26271,74;27435,21;28240,37;33679,47;28453,94;26117,63;320785,34;16/01/2026
1,92203010600000e+24;45291;2025;8;FUNDO PREVIDENCIÁRIO - FUNPREV;Indireta;3;Fundo Previdenciário - FUNPREV;FUNPREV;NA;NA;NA;NA;NA;Restituição de Benefícios Previdenciários - Execução - FUNPREV;Restituição de Benefícios Previdenciários - Execução - FUNPREV;1;Receita Corrente;9;2;2;3;0;1;6;A;S;N;N;S;20.1.800.9001;Recursos Vinculados à Previdência Social;N;1020;0,00;0,00;0,00;0,00;0,00;0,00;0,00;0,00;0,00;0,00;0,00;0,00;0,00;16/01/2026
1,92203010600000e+24;45293;2025;8;FUNDO PREVIDENCIÁRIO - FUNPREV;Indireta;3;Fundo Previdenciário - FUNPREV;FUNPREV;NA;NA;NA;NA;NA;Restituição de Benefícios Previdenciários - Execução - FUNPREV - Parcelamento;Restituição Benef. Previdenciários - Execução - FUNPREV- Parcelamento;1;Receita Corrente;9;2;2;3;0;1;6;A;S;N;N;S;20.1.800.9001;Recursos Vinculados à Previdência Social;N;36372;310,66;310,66;310,66;310,66;310,66;310,66;-318,63;-1496,51;310,66;310,66;310,66;621,32;1602,12;16/01/2026
1,92203010700000e+24;45298;2025;9;FUNDO FINANCEIRO - FUNFIN;Indireta;3;Fundo Financeiro - FUNFIN;FUNFIN;NA;NA;NA;NA;NA;Restituição de Benefícios Previdenciários - Inscritos - FUNFIN - Parcelamento;Restituição Benef. Previdenciários - Inscritos - FUNFIN - Parcelamento;1;Receita Corrente;9;2;2;3;0;1;7;A;S;N;N;S;20.1.801.9001;Recursos Vinculados à Previdência Social;N;22212;13384,08;7492,76;5808,86;3746,01;3456,21;3225,77;3934,65;3934,65;3700,03;3810,94;6688,43;7836,21;67018,60;16/01/2026
1,92203010800000e+24;45303;2025;9;FUNDO FINANCEIRO - FUNFIN;Indireta;3;Fundo Financeiro - FUNFIN;FUNFIN;NA;NA;NA;NA;NA;Restituição de Benefícios Previdenciários - Execução - FUNFIN - Parcelamento;Restituição Benef. Previdenciários - Execução - FUNFIN - Parcelamento;1;Receita Corrente;9;2;2;3;0;1;8;A;S;N;N;S;20.1.801.9001;Recursos Vinculados à Previdência Social;N;1000;0,00;0,00;0,00;0,00;0,00;0,00;0,00;0,00;0,00;0,00;0,00;0,00;0,00;16/01/2026
2,31106010101007e+24;45308;2025;8;FUNDO PREVIDENCIÁRIO - FUNPREV;Indireta;3;Fundo Previdenciário - FUNPREV;FUNPREV;NA;NA;NA;NA;NA;Empréstimos - Cobrança Duvidosa - FUNPREV - Inscritos - Parcelamentos;Empréstimos - Cobrança Duvidosa - FUNPREV - Inscritos - Parcelamentos;2;Receita de Capital;3;1;1;6;0;1;1;A;S;N;N;S;20.1.800.9001;Recursos Vinculados à Previdência Social;N;1000;0,00;0,00;0,00;0,00;0,00;0,00;0,00;0,00;0,00;0,00;0,00;0,00;0,00;16/01/2026
2,31106010101008e+24;45313;2025;8;FUNDO PREVIDENCIÁRIO - FUNPREV;Indireta;3;Fundo Previdenciário - FUNPREV;FUNPREV;NA;NA;NA;NA;NA;Empréstimos - Cobrança Duvidosa FUNPREV - Execução - Parcelamentos;Empréstimos - Cobrança Duvidosa FUNPREV - Execução - Parcelamentos;2;Receita de Capital;3;1;1;6;0;1;1;A;S;N;N;S;20.1.800.9001;Recursos Vinculados à Previdência Social;N;16764;1300,00;1300,00;1767,95;7021,47;1642,51;1642,00;2140,03;1300,00;46990,06;-30,99;1494,59;1496,85;68064,47;16/01/2026
8,22101010500000e+24;45322;2025;8;FUNDO PREVIDENCIÁRIO - FUNPREV;Indireta;3;Fundo Previdenciário - FUNPREV;FUNPREV;NA;NA;NA;NA;NA;Alienação de Bens Imóveis - Outros Imóveis - FUNPREV;Alienação de Bens Imóveis - Outros Imóveis - FUNPREV;8;Receita Intra de Capital;2;2;1;1;0;1;5;A;S;N;N;S;20.1.800.9001;Recursos Vinculados à Previdência Social;N;0;0,00;0,00;0,00;0,00;0,00;0,00;0,00;0,00;0,00;0,00;0,00;0,00;0,00;16/01/2026
6,21800820101003e+24;45343;2025;4;HOSPITAL DO SERVIDOR PÚBLICO MUNICIPAL;Indireta;2;Hospital do Servidor Público Municipal;HSPM;NA;NA;NA;NA;NA;Retenções Sobre Salários - Contribuição a Recolher ao RPPS - IPREM - FUNFIN;Retenções Sobre Salários - Contribuição a Recolher ao RPPS - IPREM - F;6;Receita Extraorçamentária;2;1;8;0;8;2;1;A;N;N;N;N;12.1.869.9001;Recursos Extraorçamentários;N;0;0,00;0,00;0,00;0,00;-3,42;0,00;-2,90;971,83;0,00;0,00;0,00;0,00;965,51;16/01/2026
6,21800820101004e+24;45344;2025;4;HOSPITAL DO SERVIDOR PÚBLICO MUNICIPAL;Indireta;2;Hospital do Servidor Público Municipal;HSPM;NA;NA;NA;NA;NA;Retenções Sobre Salários - Contribuição a Recolher ao RPPS - IPREM - FUNPREV;Retenções Sobre Salários - Contribuição a Recolher ao RPPS - IPREM - F;6;Receita Extraorçamentária;2;1;8;0;8;2;1;A;N;N;N;N;12.1.869.9001;Recursos Extraorçamentários;N;0;0,00;0,00;0,00;3,42;0,00;2,90;0,00;0,00;0,00;0,00;0,00;0,00;6,32;16/01/2026
1,92101011000000e+24;45346;2025;1;PREFEITURA DO MUNICÍPIO DE SÃO PAULO;Direta;NA;NA;NA;NA;NA;NA;NA;Processo 6021.2021/0056969-2;Indenizações por Danos Causados ao Patrimônio Público - PPI;Indenizações por Danos Causados ao Patrimônio Público - PPI;1;Receita Corrente;9;2;1;1;0;1;10;A;S;N;N;S;00.1.501.9001;Tesouro Municipal;N;1007718;153258,77;161528,44;94419,11;94956,24;96009,36;96673,77;97458,62;92326,95;105245,77;100070,04;100983,31;101732,48;1294662,86;16/01/2026
1,92101021000000e+24;45348;2025;1;PREFEITURA DO MUNICÍPIO DE SÃO PAULO;Direta;NA;NA;NA;NA;NA;NA;NA;Processo SEI 6021.2021/0056969-2;Indenizações por Danos Causados ao Patrimônio Público - PPI - Multas e Juros;Indenizações Danos Causados ao Patrim. Público - PPI - Multas e Juros;1;Receita Corrente;9;2;1;1;0;2;10;A;S;N;N;S;00.1.501.9001;Tesouro Municipal;N;1000;7692,48;12444,05;0,00;0,00;12,29;0,00;0,00;0,00;14,74;0,00;0,00;0,00;20163,56;16/01/2026
1,32105010109014e+24;45362;2025;1;PREFEITURA DO MUNICÍPIO DE SÃO PAULO;Direta;87;Fundo Municipal de Desenvolvimento de Trânsito;FMDT;NA;NA;NA;NA;Processo SEI 6017.2022/0019533-4;PMSP-SMT/FMDT - RENAINF;PMSP-SMT/FMDT - RENAINF;1;Receita Corrente;3;2;1;5;0;1;1;A;S;N;N;N;08.1.752.0626;Tesouro Municipal - Recursos Vinculados;N;12747819;1696259,27;1712779,64;1725154,47;1947478,16;2173445,93;2166743,51;2548898,71;2062514,66;2165538,72;2342992,90;1996128,37;2371351,47;24909285,81;16/01/2026
1,32105010103020e+24;45392;2025;1;PREFEITURA DO MUNICÍPIO DE SÃO PAULO;Direta;84;Fundo Municipal de Saúde;FMS/SMS;NA;NA;NA;NA;Receita criada para PLOA 2023;SMS - FMS/FNS - FMS CUSTEIO SUS;SMS - FMS/FNS - FMS CUSTEIO SUS;1;Receita Corrente;3;2;1;5;0;1;1;A;S;N;S;N;02.1.600.1168;Transferências Federais;N;79800000;7462274,82;6797230,48;6716663,30;7114334,71;7268591,44;6944774,99;8098923,94;7217581,76;7574948,82;8449055,92;5249986,92;5690842,93;84585210,03;16/01/2026
1,32105010103020e+24;45395;2025;1;PREFEITURA DO MUNICÍPIO DE SÃO PAULO;Direta;84;Fundo Municipal de Saúde;FMS/SMS;NA;NA;NA;NA;Receita criada para PLOA 2023;SMS - FMS/FNS - FMS INVEST SUS;SMS - FMS/FNS - FMS INVEST SUS;1;Receita Corrente;3;2;1;5;0;1;1;A;S;N;S;N;02.1.601.1185;Transferências Federais;N;5400000;729537,01;673222,30;658113,22;724157,19;769879,68;730590,59;839373,42;750782,21;738994,57;537084,13;589139,26;670841,31;8411714,89;16/01/2026
1,32105010104027e+24;45455;2025;1;PREFEITURA DO MUNICÍPIO DE SÃO PAULO;Direta;84;Fundo Municipal de Saúde;FMS/SMS;NA;NA;NA;NA;Receita criada para PLOA 2023;Secretaria de Estado da Saúde - SMS/FMS - PMSPSMS-FUNDO A FUNDO SES;Secretaria de Estado da Saúde - SMS/FMS - PMSPSMS-FUNDO A FUNDO SES;1;Receita Corrente;3;2;1;5;0;1;1;A;S;N;S;N;03.1.621.0730;Transferências Estaduais;N;14400000;2097179,83;2020544,88;2042264,03;2225795,21;2334967,94;2294548,01;2643993,64;2331372,30;2358427,78;2389537,87;1801008,41;2196339,91;26735979,81;16/01/2026
1,32105010106027e+24;45479;2025;1;PREFEITURA DO MUNICÍPIO DE SÃO PAULO;Direta;84;Fundo Municipal de Saúde;FMS/SMS;NA;NA;NA;NA;Receita criada para PLOA 2023;Instituições Privadas x SMS - PMSP-SMS FMS DOA SHELL V;Instituições Privadas x SMS - PMSP-SMS FMS DOA SHELL V;1;Receita Corrente;3;2;1;5;0;1;1;A;S;N;S;N;05.1.636.0666;Outras Fontes;N;12000;1493,69;1386,78;1365,51;1516,50;1650,42;1607,68;1903,86;1751,78;1857,51;1961,89;1639,16;1921,89;20056,67;16/01/2026
2,99999010143000e+24;45543;2025;1;PREFEITURA DO MUNICÍPIO DE SÃO PAULO;Direta;NA;NA;NA;NA;NA;NA;NA;6017.2022/0025876-0;Deduções Depósito Judicial - Lei Complementar 151/2015 - BB - Tesouro Municipal;Deduções Depósito Judicial - Lei Com 151/2015 - BB - Tesouro Municipal;2;Receita de Capital;9;9;9;99;0;1;1;A;S;N;N;S;00.1.501.9001;Tesouro Municipal;S;-278610751;-2551711,24;-38454181,43;-56440505,81;-17237462,65;-25457924,35;-5614795,54;-46000954,72;-15538729,52;-111257675,60;-12861324,54;-11357361,94;-73125924,78;-415898552,10;16/01/2026
1,32105010106006e+24;45573;2025;16;FUNDAÇÃO PAULISTANA DE EDUCAÇÃO E TECNOLOGIA;Indireta;80;Fundação Paulistana de Educação Tecnologia e Cultura;FPETC;NA;NA;NA;NA;Processo SEI 8110.2022/0000463-7;Fundação Paulistana de Educação e Tecnologia - Outras Fontes;Fundação Paulistana de Educação e Tecnologia - Outras Fontes;1;Receita Corrente;3;2;1;5;0;1;1;A;S;N;N;S;05.1.702.8008;Outras Fontes;N;376668;134787,21;132051,85;128801,79;141171,47;149895,24;143069,11;164232,90;146730,70;151133,77;154920,25;125949,86;141432,34;1714176,49;16/01/2026
1,92203010900000e+24;45579;2025;9;FUNDO FINANCEIRO - FUNFIN;Indireta;3;Fundo Financeiro - FUNFIN;FUNFIN;NA;NA;NA;NA;Processo SEI 6310.2022/0001301-8;Restituição de Benefícios Previdenciários - FUNFIN;Restituição de Benefícios Previdenciários - FUNFIN;1;Receita Corrente;9;2;2;3;0;1;9;A;S;N;N;S;20.1.801.9001;Recursos Vinculados à Previdência Social;N;165072;156592,15;0,00;352224,08;46897,09;37027,22;9989,07;61997,03;225776,11;32733,67;18210,55;54851,03;12348,30;1008646,30;16/01/2026
1,32105010104027e+24;45586;2025;1;PREFEITURA DO MUNICÍPIO DE SÃO PAULO;Direta;84;Fundo Municipal de Saúde;FMS/SMS;NA;NA;NA;NA;- DRD alterado pela demanda [D21975];Secretaria de Estado da Saúde - SMS- Programa Meu Pet;Secretaria de Estado da Saúde - SMS- Programa Meu Pet;1;Receita Corrente;3;2;1;5;0;1;1;A;S;N;S;N;03.1.632.1398;Transferências Estaduais;N;1200;0,00;0,00;0,00;0,00;0,00;0,00;0,00;0,00;0,00;0,00;0,00;0,00;0,00;16/01/2026
1,69950310100000e+24;45648;2025;81;FUNDO MUNICIPAL DE LIMPEZA URBANA;Indireta;81;Fundo Municipal Limpeza Urbana;FMLU;NA;NA;NA;NA;Receita incluída pela demanda [NGDS 18262];Coleta, transporte, tratamento, destinação final e fiscalização dos resíduos sólidos;Coleta, transporte, tratamento, destinação final e fiscalização dos re;1;Receita Corrente;6;9;9;50;3;1;1;A;S;N;N;S;08.1.759.8006;Tesouro Municipal - Recursos Vinculados;N;3308580;161810,80;209323,00;285733,59;460706,12;646520,10;512229,44;614617,73;473785,62;452045,33;412239,65;290643,48;220775,04;4740429,90;16/01/2026
1,69950310100000e+24;45650;2025;81;FUNDO MUNICIPAL DE LIMPEZA URBANA;Indireta;81;Fundo Municipal Limpeza Urbana;FMLU;NA;NA;NA;NA;Receita incluída pela demanda [NGDS 18262];Deduções Coleta, transporte, tratamento, destinação final e fiscalização dos resíduos sólidos;Deduções Coleta, transporte, tratamento, destinação final e fiscalizaç;1;Receita Corrente;6;9;9;50;3;1;1;A;S;N;N;S;08.1.759.8006;Tesouro Municipal - Recursos Vinculados;S;0;0,00;0,00;0,00;0,00;-323,20;0,00;-3157,00;-286,50;0,00;-300,30;0,00;-314,00;-4381,00;16/01/2026
1,91101010202000e+24;45697;2025;1;PREFEITURA DO MUNICÍPIO DE SÃO PAULO;Direta;84;Fundo Municipal de Saúde;FMS/SMS;NA;NA;NA;NA;Receita incluída pela demanda [NGDS 18262];Multas Previstas na Legislação Sanitária - FMS;Multas Previstas na Legislação Sanitária - FMS;1;Receita Corrente;9;1;1;1;0;1;2;A;S;N;S;S;08.1.659.1092;Tesouro Municipal - Recursos Vinculados;N;900000;113715,30;111956,00;108730,00;109350,00;53436,00;155718,00;112396,00;211931,89;154488,91;69581,50;185430,00;91301,62;1478035,22;16/01/2026
1,91101010202000e+24;45702;2025;1;PREFEITURA DO MUNICÍPIO DE SÃO PAULO;Direta;84;Fundo Municipal de Saúde;FMS/SMS;NA;NA;NA;NA;Receita incluída pela demanda [NGDS 18262];PPI - Multas Previstas na Legislação Sanitária - FMS;PPI - Multas Previstas na Legislação Sanitária - FMS;1;Receita Corrente;9;1;1;1;0;1;2;A;S;N;S;S;08.1.659.1092;Tesouro Municipal - Recursos Vinculados;N;7200;5889,44;486,22;423,33;427,41;399,01;219,71;188,84;860,80;404,90;409,82;232,77;217,96;10160,21;16/01/2026
1,91101010203000e+24;45707;2025;1;PREFEITURA DO MUNICÍPIO DE SÃO PAULO;Direta;97;Fundo de Proteção do Patrimônio Cultural e Ambiental Paulistano;FUNCAP;NA;NA;NA;NA;Receita incluída pela demanda [NGDS 18262];Multas por Auto de Infração - FUNCAP;Multas por Auto de Infração - FUNCAP;1;Receita Corrente;9;1;1;1;0;1;2;A;S;N;N;S;08.1.759.0527;Tesouro Municipal - Recursos Vinculados;N;750986;0,00;0,00;0,00;0,00;0,00;0,00;46742,40;0,00;0,00;0,00;0,00;0,00;46742,40;16/01/2026
1,91101010205000e+24;45721;2025;1;PREFEITURA DO MUNICÍPIO DE SÃO PAULO;Direta;84;Fundo Municipal de Saúde;FMS/SMS;NA;NA;NA;NA;Receita incluída pela demanda [NGDS 18262];Outras Multas - FMS;Outras Multas - FMS;1;Receita Corrente;9;1;1;1;0;1;2;A;S;N;S;S;08.1.659.1092;Tesouro Municipal - Recursos Vinculados;N;1200;0,00;0,00;0,00;0,00;0,00;0,00;0,00;0,00;0,00;0,00;0,00;0,00;0,00;16/01/2026
1,91101010207000e+24;45731;2025;1;PREFEITURA DO MUNICÍPIO DE SÃO PAULO;Direta;NA;NA;NA;NA;NA;NA;NA;Receita incluída pela demanda [NGDS 18262];Multas  DTP;Multas  DTP;1;Receita Corrente;9;1;1;1;0;1;2;A;S;N;N;S;00.1.501.9001;Tesouro Municipal;N;1320000;71813,85;81630,02;117505,44;188401,20;93058,76;67142,97;104029,91;110675,09;184050,45;161555,14;128139,34;118740,54;1426742,71;16/01/2026
1,91101010207000e+24;45733;2025;1;PREFEITURA DO MUNICÍPIO DE SÃO PAULO;Direta;NA;NA;NA;NA;NA;NA;NA;Receita incluída pela demanda [NGDS 18262];Deduções Multas  DTP;Deduções Multas  DTP;1;Receita Corrente;9;1;1;1;0;1;2;A;S;N;N;S;00.1.501.9001;Tesouro Municipal;S;0;0,00;-203,25;-325,18;-56107,81;-7098,58;-5496,78;0,00;0,00;0,00;-5415,79;0,00;0,00;-74647,39;16/01/2026
1,91101010208000e+24;45736;2025;1;PREFEITURA DO MUNICÍPIO DE SÃO PAULO;Direta;NA;NA;NA;NA;NA;NA;NA;Receita incluída pela demanda [NGDS 18262];Multas SAR;Multas SAR;1;Receita Corrente;9;1;1;1;0;1;2;A;S;N;N;S;00.1.501.9001;Tesouro Municipal;N;46303;507,10;2789,05;2535,50;2501,20;1521,30;704,28;1635,19;760,65;1267,75;1014,20;608,52;958,15;16802,89;16/01/2026
1,91101010209000e+24;45741;2025;1;PREFEITURA DO MUNICÍPIO DE SÃO PAULO;Direta;NA;NA;NA;NA;NA;NA;NA;Receita incluída pela demanda [NGDS 18262];Outras Multas Previstas em Legislação Específica;Outras Multas Previstas em Legislação Específica;1;Receita Corrente;9;1;1;1;0;1;2;A;S;N;N;S;00.1.501.9001;Tesouro Municipal;N;1103521;62726,98;70787,29;59353,44;54167,88;63843,46;29246,95;54368,43;45411,20;44176,74;44176,07;39795,54;30929,27;598983,25;16/01/2026
1,91101010212000e+24;45746;2025;1;PREFEITURA DO MUNICÍPIO DE SÃO PAULO;Direta;NA;NA;NA;NA;NA;NA;NA;Receita incluída pela demanda [NGDS 18262];Multas SMSUB - Sistema Novo;Multas SMSUB - Sistema Novo;1;Receita Corrente;9;1;1;1;0;1;2;A;S;N;N;S;00.1.501.9001;Tesouro Municipal;N;36999996;1147757,53;892363,42;1600427,69;1292486,87;1977371,31;1248542,51;1600351,78;1615539,39;2258536,43;1421434,73;1353292,69;1635513,12;18043617,47;16/01/2026
1,91101010212000e+24;45748;2025;1;PREFEITURA DO MUNICÍPIO DE SÃO PAULO;Direta;NA;NA;NA;NA;NA;NA;NA;Receita incluída pela demanda [NGDS 18262];Deduções Multas SMSUB - Sistema Novo;Deduções Multas SMSUB - Sistema Novo;1;Receita Corrente;9;1;1;1;0;1;2;A;S;N;N;S;00.1.501.9001;Tesouro Municipal;S;0;-4335,35;-24704,52;-3615,29;0,00;-70575,29;-7226,85;-1544,11;-195930,09;-1381,72;-33589,16;-5000,00;-7466,97;-355369,35;16/01/2026
1,91101010212000e+24;45750;2025;1;PREFEITURA DO MUNICÍPIO DE SÃO PAULO;Direta;NA;NA;NA;NA;NA;NA;NA;Receita incluída pela demanda [NGDS 18262];PPI - Multas SMSUB - Sistema Novo;PPI - Multas SMSUB - Sistema Novo;1;Receita Corrente;9;1;1;1;0;1;2;A;S;N;N;S;00.1.501.9001;Tesouro Municipal;N;1008;956214,18;1415002,50;441560,84;319607,49;304167,85;350411,21;308665,53;313224,62;320788,27;314237,41;349368,59;301405,26;5694653,75;16/01/2026
1,91101010212000e+24;45752;2025;1;PREFEITURA DO MUNICÍPIO DE SÃO PAULO;Direta;NA;NA;NA;NA;NA;NA;NA;Receita incluída pela demanda [NGDS 18262];PPI - Deduções Multas SMSUB - Sistema Novo;PPI - Deduções Multas SMSUB - Sistema Novo;1;Receita Corrente;9;1;1;1;0;1;2;A;S;N;N;S;00.1.501.9001;Tesouro Municipal;S;0;0,00;-374,02;-1500,41;0,00;0,00;0,00;0,00;-366,78;0,00;0,00;0,00;-1387,36;-3628,57;16/01/2026
1,91101020202000e+24;45780;2025;1;PREFEITURA DO MUNICÍPIO DE SÃO PAULO;Direta;84;Fundo Municipal de Saúde;FMS/SMS;NA;NA;NA;NA;Receita incluída pela demanda [NGDS 18262];Multas Previstas na Legislação Sanitária - FMS - Multas e Juros;Multas Previstas na Legislação Sanitária - FMS - Multas e Juros;1;Receita Corrente;9;1;1;1;0;2;2;A;S;N;S;S;08.1.659.1092;Tesouro Municipal - Recursos Vinculados;N;1000;10,00;811,84;80,00;0,00;0,00;0,00;0,00;40,00;0,00;112,83;0,00;56,03;1110,70;16/01/2026
1,91101020202000e+24;45785;2025;1;PREFEITURA DO MUNICÍPIO DE SÃO PAULO;Direta;84;Fundo Municipal de Saúde;FMS/SMS;NA;NA;NA;NA;Receita incluída pela demanda [NGDS 18262];PPI - Multas Previstas na Legislação Sanitária - FMS - Multas e Juros;PPI - Multas Previstas na Legislação Sanitária - FMS - Multas e Juros;1;Receita Corrente;9;1;1;1;0;2;2;A;S;N;S;S;08.1.659.1092;Tesouro Municipal - Recursos Vinculados;N;1000;53,98;47,67;27,16;27,43;25,86;10,81;7,28;132,30;22,67;22,96;12,37;9,17;399,66;16/01/2026
1,91101020207000e+24;45801;2025;1;PREFEITURA DO MUNICÍPIO DE SÃO PAULO;Direta;NA;NA;NA;NA;NA;NA;NA;Receita incluída pela demanda [NGDS 18262];Deduções Multas DTP - Multas e Juros;Deduções Multas DTP - Multas e Juros;1;Receita Corrente;9;1;1;1;0;2;2;A;S;N;N;S;00.1.501.9001;Tesouro Municipal;S;0;0,00;0,00;0,00;0,00;0,00;0,00;0,00;0,00;0,00;0,00;0,00;0,00;0,00;16/01/2026
1,91101020212000e+24;45812;2025;1;PREFEITURA DO MUNICÍPIO DE SÃO PAULO;Direta;NA;NA;NA;NA;NA;NA;NA;Receita incluída pela demanda [NGDS 18262];Multas SMSUB - Sistema Novo - Multas e Juros;Multas SMSUB - Sistema Novo - Multas e Juros;1;Receita Corrente;9;1;1;1;0;2;2;A;S;N;N;S;00.1.501.9001;Tesouro Municipal;N;1100004;4158,14;17817,75;1547,23;22393,68;39623,51;2600,08;18639,68;19203,56;58951,56;47473,23;17876,03;2459,75;252744,20;16/01/2026
1,91101020212000e+24;45816;2025;1;PREFEITURA DO MUNICÍPIO DE SÃO PAULO;Direta;NA;NA;NA;NA;NA;NA;NA;Receita incluída pela demanda [NGDS 18262];PPI - Multas SMSUB - Sistema Novo - Multas e Juros;PPI - Multas SMSUB - Sistema Novo - Multas e Juros;1;Receita Corrente;9;1;1;1;0;2;2;A;S;N;N;S;00.1.501.9001;Tesouro Municipal;N;1008;81964,99;112328,77;88716,75;70264,94;63627,63;80449,72;67108,76;71180,26;69179,98;70176,20;69460,11;62235,08;906693,19;16/01/2026
1,91101020212000e+24;45818;2025;1;PREFEITURA DO MUNICÍPIO DE SÃO PAULO;Direta;NA;NA;NA;NA;NA;NA;NA;Receita incluída pela demanda [NGDS 18262];PPI - Deduções Multas SMSUB - Sistema Novo - Multas e Juros;PPI - Deduções Multas SMSUB - Sistema Novo - Multas e Juros;1;Receita Corrente;9;1;1;1;0;2;2;A;S;N;N;S;00.1.501.9001;Tesouro Municipal;S;0;0,00;-17,10;-420,25;0,00;0,00;0,00;0,00;-16,48;0,00;0,00;0,00;-155,78;-609,61;16/01/2026
1,91101020213000e+24;45821;2025;1;PREFEITURA DO MUNICÍPIO DE SÃO PAULO;Direta;35;Fundo Municipal de Defesa do Consumidor;FMDC;NA;NA;NA;NA;Receita incluída pela demanda [NGDS 18262];Multas por Infração do Regulamento - CDC/FMDC - Multas e Juros;Multas por Infração do Regulamento - CDC/FMDC - Multas e Juros;1;Receita Corrente;9;1;1;1;0;2;2;A;S;N;N;S;08.1.759.1167;Tesouro Municipal - Recursos Vinculados;N;1000;0,00;0,00;0,00;0,00;0,00;0,00;0,00;0,00;0,00;0,00;0,00;0,00;0,00;16/01/2026
1,91101020214000e+24;45826;2025;1;PREFEITURA DO MUNICÍPIO DE SÃO PAULO;Direta;35;Fundo Municipal de Defesa do Consumidor;FMDC;NA;NA;NA;NA;Receita incluída pela demanda [NGDS 18262];Multas por infração a Outros Regulamentos - FMDC - Multas e Juros;Multas por infração a Outros Regulamentos - FMDC - Multas e Juros;1;Receita Corrente;9;1;1;1;0;2;2;A;S;N;N;S;08.1.759.1167;Tesouro Municipal - Recursos Vinculados;N;1000;0,00;0,00;0,00;0,00;0,00;0,00;0,00;0,00;0,00;0,00;0,00;0,00;0,00;16/01/2026
1,91101020215000e+24;45831;2025;1;PREFEITURA DO MUNICÍPIO DE SÃO PAULO;Direta;35;Fundo Municipal de Defesa do Consumidor;FMDC;NA;NA;NA;NA;Receita incluída pela demanda [NGDS 18262];Multas por Termo de Ajustamento de Conduta - FMDC - Multas e Juros;Multas por Termo de Ajustamento de Conduta - FMDC - Multas e Juros;1;Receita Corrente;9;1;1;1;0;2;2;A;S;N;N;S;08.1.759.1167;Tesouro Municipal - Recursos Vinculados;N;1000;0,00;0,00;0,00;0,00;0,00;0,00;0,00;0,00;0,00;0,00;0,00;0,00;0,00;16/01/2026
1,91101030202000e+24;45870;2025;1;PREFEITURA DO MUNICÍPIO DE SÃO PAULO;Direta;84;Fundo Municipal de Saúde;FMS/SMS;NA;NA;NA;NA;Receita incluída pela demanda [NGDS 18262];PPI - Multas Previstas na Legislação Sanitária - FMS - Dívida Ativa;PPI - Multas Previstas na Legislação Sanitária - FMS - Dívida Ativa;1;Receita Corrente;9;1;1;1;0;3;2;A;S;N;S;S;08.1.659.1092;Tesouro Municipal - Recursos Vinculados;N;126000;29526,28;67616,56;20378,08;16478,47;20345,93;26585,35;17426,16;16053,73;18223,09;13023,26;15247,89;11949,20;272854,00;16/01/2026
1,91101030212000e+24;45883;2025;1;PREFEITURA DO MUNICÍPIO DE SÃO PAULO;Direta;NA;NA;NA;NA;NA;NA;NA;Receita incluída pela demanda [NGDS 18262];Multas SMSUB - Sistema Novo - Dívida Ativa;Multas SMSUB - Sistema Novo - Dívida Ativa;1;Receita Corrente;9;1;1;1;0;3;2;A;S;N;N;S;00.1.501.9001;Tesouro Municipal;N;30000000;3190032,81;1213530,69;1385131,50;2928206,52;2617694,31;1987626,84;1729948,11;5118264,37;1683877,69;2106068,39;1630861,69;1345518,24;26936761,16;16/01/2026
1,91101030212000e+24;45888;2025;1;PREFEITURA DO MUNICÍPIO DE SÃO PAULO;Direta;NA;NA;NA;NA;NA;NA;NA;Receita incluída pela demanda [NGDS 18262];PPI - Multas SMSUB - Sistema Novo - Dívida Ativa;PPI - Multas SMSUB - Sistema Novo - Dívida Ativa;1;Receita Corrente;9;1;1;1;0;3;2;A;S;N;N;S;00.1.501.9001;Tesouro Municipal;N;12566160;10936690,82;7228037,34;2166251,28;1695167,52;2011249,53;1800099,37;1534031,74;1500820,99;1509219,12;1505284,04;1451833,15;1327871,50;34666556,40;16/01/2026
1,91101030212000e+24;45891;2025;1;PREFEITURA DO MUNICÍPIO DE SÃO PAULO;Direta;NA;NA;NA;NA;NA;NA;NA;Receita incluída pela demanda [NGDS 18262];PPI - Deduções Multas SMSUB - Sistema Novo - Dívida Ativa;PPI - Deduções Multas SMSUB - Sistema Novo - Dívida Ativa;1;Receita Corrente;9;1;1;1;0;3;2;A;S;N;N;S;00.1.501.9001;Tesouro Municipal;S;0;0,00;-1876,26;0,00;0,00;0,00;0,00;0,00;0,00;0,00;-1224,94;0,00;0,00;-3101,20;16/01/2026
1,91101030216000e+24;45904;2025;1;PREFEITURA DO MUNICÍPIO DE SÃO PAULO;Direta;NA;NA;NA;NA;NA;NA;NA;Receita incluída pela demanda [NGDS 18262];Multas por Infração às Normas de Instalação e Funcionamento de Elevadores e outros Aparelhos de Transporte - CONTRU - Dívida Ativa;Multas por Infração às Normas de Instalação e Funcionamento de Elevado;1;Receita Corrente;9;1;1;1;0;3;2;A;S;N;N;S;00.1.501.9001;Tesouro Municipal;N;1000;0,00;0,00;0,00;0,00;0,00;0,00;0,00;0,00;0,00;0,00;0,00;0,00;0,00;16/01/2026
1,91101040202000e+24;45945;2025;1;PREFEITURA DO MUNICÍPIO DE SÃO PAULO;Direta;84;Fundo Municipal de Saúde;FMS/SMS;NA;NA;NA;NA;Receita incluída pela demanda [NGDS 18262];PPI - Multas Previstas na Legislação Sanitária - FMS - Dívida Ativa - Multas e Juros;PPI - Multas Previstas na Legislação Sanitária - FMS - Dívida Ativa -;1;Receita Corrente;9;1;1;1;0;4;2;A;S;N;S;S;08.1.659.1092;Tesouro Municipal - Recursos Vinculados;N;57817;3236,59;5526,62;4007,20;3169,28;3789,39;5310,85;3487,00;2833,60;3747,47;2419,19;3321,60;2096,42;42945,21;16/01/2026
1,91101040212000e+24;45958;2025;1;PREFEITURA DO MUNICÍPIO DE SÃO PAULO;Direta;NA;NA;NA;NA;NA;NA;NA;Receita incluída pela demanda [NGDS 18262];Multas SMSUB - Sistema Novo - Dívida Ativa - Multas e Juros;Multas SMSUB - Sistema Novo - Dívida Ativa - Multas e Juros;1;Receita Corrente;9;1;1;1;0;4;2;A;S;N;N;S;00.1.501.9001;Tesouro Municipal;N;7083348;254683,09;449959,16;249771,02;685168,10;422514,89;471414,86;348848,72;1548706,78;442924,06;520182,30;264975,95;319534,52;5978683,45;16/01/2026
1,91101040212000e+24;45963;2025;1;PREFEITURA DO MUNICÍPIO DE SÃO PAULO;Direta;NA;NA;NA;NA;NA;NA;NA;Receita incluída pela demanda [NGDS 18262];PPI - Multas SMSUB - Sistema Novo - Dívida Ativa - Multas e Juros;PPI - Multas SMSUB - Sistema Novo - Dívida Ativa - Multas e Juros;1;Receita Corrente;9;1;1;1;0;4;2;A;S;N;N;S;00.1.501.9001;Tesouro Municipal;N;3867816;948646,31;846974,13;535470,14;460532,16;476011,79;499634,66;407434,68;436028,19;405846,42;411272,25;400513,71;355062,23;6183426,67;16/01/2026
1,91101040212000e+24;45966;2025;1;PREFEITURA DO MUNICÍPIO DE SÃO PAULO;Direta;NA;NA;NA;NA;NA;NA;NA;Receita incluída pela demanda [NGDS 18262];PPI - Deduções Multas SMSUB - Sistema Novo - Dívida Ativa - Multas e Juros;PPI - Deduções Multas SMSUB - Sistema Novo - Dívida Ativa - Multas e J;1;Receita Corrente;9;1;1;1;0;4;2;A;S;N;N;S;00.1.501.9001;Tesouro Municipal;S;0;0,00;-91,82;0,00;0,00;0,00;0,00;0,00;0,00;0,00;-171,53;0,00;0,00;-263,35;16/01/2026
1,91101040217000e+24;45982;2025;1;PREFEITURA DO MUNICÍPIO DE SÃO PAULO;Direta;NA;NA;NA;NA;NA;NA;NA;Receita incluída pela demanda [NGDS 18262];Outras Multas e Juros de Mora da Dívida Ativa de Outras Receitas;Outras Multas e Juros de Mora da Dívida Ativa de Outras Receitas;1;Receita Corrente;9;1;1;1;0;4;2;A;S;N;N;S;00.1.501.9001;Tesouro Municipal;N;286608;6663,25;7129,04;11228,69;11739,36;6064,18;9928,10;10701,40;16237,96;17219,13;9446,97;5916,31;9366,49;121640,88;16/01/2026
1,91101040217000e+24;45986;2025;1;PREFEITURA DO MUNICÍPIO DE SÃO PAULO;Direta;NA;NA;NA;NA;NA;NA;NA;Receita incluída pela demanda [NGDS 18262];PPI - Outras Multas e Juros de Mora da Dívida Ativa de Outras Receitas;PPI - Outras Multas e Juros de Mora da Dívida Ativa de Outras Receitas;1;Receita Corrente;9;1;1;1;0;4;2;A;S;N;N;S;00.1.501.9001;Tesouro Municipal;N;766980;125172,25;143206,18;86999,27;85589,31;79511,67;81859,33;75599,51;71901,23;85689,57;76917,48;74144,75;107966,79;1094557,34;16/01/2026
1,92302012800000e+24;45997;2025;1;PREFEITURA DO MUNICÍPIO DE SÃO PAULO;Direta;NA;NA;NA;NA;NA;NA;NA;Receita incluída pela demanda [NGDS 18262];Ressarcimento de Despesas de Pessoal Requisitado - PMSP;Ressarcimento de Despesas de Pessoal Requisitado - PMSP;1;Receita Corrente;9;2;3;2;0;1;28;A;S;N;N;S;00.1.501.9001;Tesouro Municipal;N;10471040;1434684,37;1045883,63;725970,92;636519,64;747536,08;900906,50;904454,22;954303,30;990832,26;919394,45;964462,12;906868,72;11131816,21;16/01/2026
1,92302012801000e+24;46002;2025;1;PREFEITURA DO MUNICÍPIO DE SÃO PAULO;Direta;21;Procuradoria Geral do Município - PGM;PGM;NA;NA;NA;NA;Receita incluída pela demanda [NGDS 18262];Ressarcimento de Despesas de Pessoal Requisitado - PGM;Ressarcimento de Despesas de Pessoal Requisitado - PGM;1;Receita Corrente;9;2;3;2;0;1;28;A;S;N;N;S;08.1.799.9002;Tesouro Municipal - Recursos Vinculados;N;0;0,00;0,00;0,00;0,00;0,00;0,00;0,00;0,00;0,00;0,00;0,00;0,00;0,00;16/01/2026
1,92302013700000e+24;46032;2025;83;COMPANHIA METROPOLITANA DE HABITAÇÃO DE SÃO PAULO;Indireta;83;Companhia Metropolitana de Habitação de São Paulo;COHAB;NA;NA;NA;NA;Receita incluída pela demanda [NGDS 18262];Ressarcimento de Pessoal Requisitado - COHAB;Ressarcimento de Pessoal Requisitado - COHAB;1;Receita Corrente;9;2;3;2;0;1;37;A;S;N;N;S;09.1.501.9001;Recursos Próprios da Empresa Dependente;N;282000;50083,86;38238,05;23325,35;53230,71;284393,66;63090,79;61715,56;23325,35;23325,35;73667,49;42856,65;-422149,87;315102,95;16/01/2026
1,92302030500000e+24;46041;2025;1;PREFEITURA DO MUNICÍPIO DE SÃO PAULO;Direta;NA;NA;NA;NA;NA;NA;NA;Receita incluída pela demanda [NGDS 18262];Ressarcimento referente à cobrança de custo da execução de MPL - Dívida Ativa;Ressarcimento referente à cobrança de custo da execução de MPL - Dívid;1;Receita Corrente;9;2;3;2;0;3;5;A;S;N;N;S;00.1.501.9001;Tesouro Municipal;N;1000;0,00;0,00;0,00;0,00;0,00;0,00;0,00;25511,75;0,00;0,00;0,00;0,00;25511,75;16/01/2026
1,92302040500000e+24;46048;2025;1;PREFEITURA DO MUNICÍPIO DE SÃO PAULO;Direta;NA;NA;NA;NA;NA;NA;NA;Receita incluída pela demanda [NGDS 18262];Ressarcimento referente à cobrança de custo da execução de MPL - Dívida Ativa - Multas e Juros;Ressarcimento referente à cobrança de custo da execução de MPL - Dívid;1;Receita Corrente;9;2;3;2;0;4;5;A;S;N;N;S;00.1.501.9001;Tesouro Municipal;N;1000;0,00;0,00;0,00;0,00;0,00;0,00;0,00;0,00;0,00;0,00;0,00;0,00;0,00;16/01/2026
7,92299010101000e+24;46065;2025;83;COMPANHIA METROPOLITANA DE HABITAÇÃO DE SÃO PAULO;Indireta;83;Companhia Metropolitana de Habitação de São Paulo;COHAB;NA;NA;NA;NA;Receita incluída pela demanda [NGDS 18262];Restituições Diversas - Intra-Orçamentária;Restituições Diversas - Intra-Orçamentária;7;Receita Intra Corrente;9;2;2;99;0;1;1;A;S;N;N;S;09.1.501.9001;Recursos Próprios da Empresa Dependente;N;1000;77667,52;78121,07;82933,75;82008,35;85152,62;84863,65;84642,27;83255,42;0,00;169821,60;85742,93;169737,55;1083946,73;16/01/2026
7,92299010101000e+24;46065;2025;4;HOSPITAL DO SERVIDOR PÚBLICO MUNICIPAL;Indireta;2;Hospital do Servidor Público Municipal;HSPM;NA;NA;NA;NA;Receita incluída pela demanda [NGDS 18262];Restituições Diversas - Intra-Orçamentária;Restituições Diversas - Intra-Orçamentária;7;Receita Intra Corrente;9;2;2;99;0;1;1;A;S;N;N;S;06.1.501.9001;Recursos Próprios da Administração Indireta;N;1200;0,00;0,00;0,00;0,00;0,00;0,00;0,00;0,00;0,00;0,00;0,00;0,00;0,00;16/01/2026
7,92299010101000e+24;46065;2025;5;INSTITUTO DE PREVIDÊNCIA MUNICIPAL DE SÃO PAULO;Indireta;3;Instituto de Previdência Municipal de São Paulo;IPREM;NA;NA;NA;NA;Receita incluída pela demanda [NGDS 18262];Restituições Diversas - Intra-Orçamentária;Restituições Diversas - Intra-Orçamentária;7;Receita Intra Corrente;9;2;2;99;0;1;1;A;S;N;N;S;00.1.501.9001;Tesouro Municipal;N;0;0,00;21311,61;22947,34;0,00;0,00;0,00;0,00;0,00;0,00;0,00;0,00;0,00;44258,95;16/01/2026
7,92299010103000e+24;46075;2025;1;PREFEITURA DO MUNICÍPIO DE SÃO PAULO;Direta;NA;NA;NA;NA;NA;NA;NA;Receita incluída pela demanda [NGDS 18262];Reembolso - Precatórios em Regime Especial EC 62/09 - IPREM;Reembolso - Precatórios em Regime Especial EC 62/09 - IPREM;7;Receita Intra Corrente;9;2;2;99;0;1;1;A;S;N;N;S;00.1.501.9001;Tesouro Municipal;N;83616375;0,00;0,00;0,00;0,00;280,92;0,00;23649735,31;0,00;0,00;12027702,70;500250,83;0,00;36177969,76;16/01/2026
7,92299010400000e+24;46131;2025;30;SÃO PAULO URBANISMO;Indireta;5;São Paulo Urbanismo;SPU;NA;NA;NA;NA;Receita incluída pela demanda [NGDS 18262];Reembolsos - SP Urbanismo;Reembolsos - SP Urbanismo;7;Receita Intra Corrente;9;2;2;99;0;1;4;A;S;N;N;S;09.1.501.9001;Recursos Próprios da Empresa Dependente;N;60000;0,00;58,98;44,71;10,56;61,42;0,00;61,71;8,77;52,00;53,17;36,21;0,00;387,53;16/01/2026
7,92302010200000e+24;46153;2025;5;INSTITUTO DE PREVIDÊNCIA MUNICIPAL DE SÃO PAULO;Indireta;3;Instituto de Previdência Municipal de São Paulo;IPREM;NA;NA;NA;NA;Receita incluída pela demanda [NGDS 18262];Ressarcimento de Despesas de Pessoal Requisitado - IPREM;Ressarcimento de Despesas de Pessoal Requisitado - IPREM;7;Receita Intra Corrente;9;2;3;2;0;1;2;A;S;N;N;S;00.1.501.9001;Tesouro Municipal;N;3924000;173820,31;98305,63;85788,47;88856,93;57625,63;96145,26;97559,88;129052,56;62272,09;98137,45;94312,73;131071,15;1212948,09;16/01/2026
7,92302010400000e+24;46159;2025;1;PREFEITURA DO MUNICÍPIO DE SÃO PAULO;Direta;NA;NA;NA;NA;NA;NA;NA;Receita incluída pela demanda [NGDS 18262];Ressarcimento de Despesas de Pessoal Requisitado - PMSP;Ressarcimento de Despesas de Pessoal Requisitado - PMSP;7;Receita Intra Corrente;9;2;3;2;0;1;4;A;S;N;N;S;00.1.501.9001;Tesouro Municipal;N;88610300;7488446,83;7096284,15;7205067,36;3249676,21;5151616,95;7101588,18;3508529,94;5427890,66;3455992,05;7502563,68;7377090,13;5620557,58;70185303,72;16/01/2026
7,99912210101000e+24;46166;2025;1;PREFEITURA DO MUNICÍPIO DE SÃO PAULO;Direta;21;Procuradoria Geral do Município - PGM;PGM;NA;NA;NA;NA;Receita incluída pela demanda [NGDS 18262];Receita de Honorários de Advogados - Intraorçamentária;Receita de Honorários de Advogados - Intraorçamentária;7;Receita Intra Corrente;9;9;9;12;2;1;1;A;S;N;N;S;08.1.799.9002;Tesouro Municipal - Recursos Vinculados;N;0;0,00;0,00;0,00;0,00;0,00;0,00;0,00;0,00;0,00;0,00;0,00;0,00;0,00;16/01/2026
2,41450011400000e+24;46187;2025;1;PREFEITURA DO MUNICÍPIO DE SÃO PAULO;Direta;84;Fundo Municipal de Saúde;FMS/SMS;NA;NA;NA;NA;Processo 6018.2022/0042764-8;Convênios com o Ministério da Saúde -FMS - Convênio 929522/2022;Convênios com o Ministério da Saúde -FMS - Convênio 929522/2022;2;Receita de Capital;4;1;4;50;0;1;14;A;S;N;S;S;02.1.631.1405;Transferências Federais;N;1200;0,00;0,00;0,00;0,00;0,00;0,00;0,00;0,00;0,00;0,00;0,00;0,00;0,00;16/01/2026
1,93105010400000e+24;46190;2025;1;PREFEITURA DO MUNICÍPIO DE SÃO PAULO;Direta;NA;NA;NA;NA;NA;NA;NA;PROCESSO 6021.2020/0023412-5;Penhora de Bens On-line;Penhora de Bens On-line;1;Receita Corrente;9;3;1;5;0;1;4;A;S;N;N;S;00.1.501.9001;Tesouro Municipal;N;1000;0,00;0,00;0,00;0,00;0,00;0,00;0,00;0,00;0,00;0,00;0,00;0,00;0,00;16/01/2026
1,32105010103035e+24;46208;2025;1;PREFEITURA DO MUNICÍPIO DE SÃO PAULO;Direta;19;Secretaria Municipal de Esportes e Lazer;SEME;NA;NA;NA;NA;PROCESSO 6019.2022/0002893-5 - DRD alterado pela demanda [D21975];PMSP- SEME/CDC Areião de Vila Císper;PMSP- SEME/CDC Areião de Vila Císper;1;Receita Corrente;3;2;1;5;0;1;1;A;S;N;N;N;02.1.706.1406;Transferências Federais;N;0;1172,34;1088,43;1071,73;1190,24;1295,34;1261,80;1494,26;1374,91;1457,88;1539,80;1286,51;1508,42;15741,66;16/01/2026
2,42299011500000e+24;46211;2025;1;PREFEITURA DO MUNICÍPIO DE SÃO PAULO;Direta;12;Secretaria Municipal das Subprefeituras;SMSUB;NA;NA;NA;NA;PROCESSO 6012.2022/0015617-0;Transferências Advindas de Emendas Parlamentares - Convênios SMSUB x Estado;Transf Advindas Emendas Parlamentares - Convênios SMSUB x Estado;2;Receita de Capital;4;2;2;99;0;1;15;A;S;N;N;N;03.1.701.0000;Transferências Estaduais;N;1008;0,00;0,00;0,00;0,00;0,00;0,00;0,00;0,00;0,00;0,00;0,00;0,00;0,00;16/01/2026
1,32105010103036e+24;46214;2025;1;PREFEITURA DO MUNICÍPIO DE SÃO PAULO;Direta;19;Secretaria Municipal de Esportes e Lazer;SEME;NA;NA;NA;NA;Processo 6019.2022/0002894-3 - DRD alterado pela demanda [D21975];PMSP- SEME/CDC Jardim Maria Estela;PMSP- SEME/CDC Jardim Maria Estela;1;Receita Corrente;3;2;1;5;0;1;1;A;S;N;N;S;02.1.706.1407;Transferências Federais;N;0;551,72;512,24;504,37;560,15;609,62;593,83;703,23;647,05;686,11;724,66;605,46;709,89;7408,33;16/01/2026
1,32105010103013e+24;46223;2025;1;PREFEITURA DO MUNICÍPIO DE SÃO PAULO;Direta;93;Fundo Municipal de Assistência Social;FMAS;NA;NA;NA;NA;6024.2022/0006924-8;PMSP-SMADS/SÃO PAULO SIGTV-ESTR3 - FNAS;PMSP-SMADS/SÃO PAULO SIGTV-ESTR3 - FNAS;1;Receita Corrente;3;2;1;5;0;1;1;A;S;N;N;N;02.1.660.1411;Transferências Federais;N;1200;95,07;95,91;33,65;0,00;0,00;0,00;0,00;0,00;0,00;0,00;0,00;0,00;224,63;16/01/2026
1,32105010109032e+24;46256;2025;1;PREFEITURA DO MUNICÍPIO DE SÃO PAULO;Direta;29;Secretaria Municipal de Urbanismo e Licenciamento;SMUL;NA;NA;NA;NA;"Processo SEI 6017.2022/0047296-6
 - DRD alterado pela demanda [D21975]";Operação Urbana Faria Lima - CEPAC HIS;Operação Urbana Faria Lima - CEPAC HIS;1;Receita Corrente;3;2;1;5;0;1;1;A;S;N;N;N;08.1.799.0625;Tesouro Municipal - Recursos Vinculados;N;58800000;6954297,11;6504211,27;6371067,63;7002290,09;7689074,29;7574391,63;8700084,14;9019802,05;15720971,30;16702950,04;13956908,62;16082167,00;122278215,20;16/01/2026
1,32105010109032e+24;46257;2025;1;PREFEITURA DO MUNICÍPIO DE SÃO PAULO;Direta;29;Secretaria Municipal de Urbanismo e Licenciamento;SMUL;NA;NA;NA;NA;"Processo SEI 6017.2022/0047296-6
 - DRD alterado pela demanda [D21975]";Operação Urbana Faria Lima - CEPAC;Operação Urbana Faria Lima - CEPAC;1;Receita Corrente;3;2;1;5;0;1;1;A;S;N;N;N;08.1.799.0708;Tesouro Municipal - Recursos Vinculados;N;188400000;21309339,80;19904569,74;19463398,60;21361377,84;23417643,15;23073845,94;26513225,61;26508256,37;38866617,44;41286427,23;34466731,80;39269249,24;335440682,80;16/01/2026
1,32105010109032e+24;46258;2025;1;PREFEITURA DO MUNICÍPIO DE SÃO PAULO;Direta;29;Secretaria Municipal de Urbanismo e Licenciamento;SMUL;NA;NA;NA;NA;"Processo SEI 6017.2022/0047296-6
 - DRD alterado pela demanda [D21975]";Fundo Especial Operação Urbana Água Branca - FEAB - OUTORGA;Fundo Especial Operação Urbana Água Branca - FEAB - OUTORGA;1;Receita Corrente;3;2;1;5;0;1;1;A;S;N;N;N;08.1.799.0710;Tesouro Municipal - Recursos Vinculados;N;84000000;10436757,93;9689800,44;9540802,20;10593554,25;11526491,31;11227569,97;13295946,09;12228102,76;12960765,92;13682963,64;11429911,21;13369024,54;139981690,30;16/01/2026
1,32105010109032e+24;46259;2025;1;PREFEITURA DO MUNICÍPIO DE SÃO PAULO;Direta;29;Secretaria Municipal de Urbanismo e Licenciamento;SMUL;NA;NA;NA;NA;"Processo SEI 6017.2022/0047296-6
 - DRD alterado pela demanda [D21975]";Fundo Especial Operação Urbana Água Branca - FEAB - CEPAC;Fundo Especial Operação Urbana Água Branca - FEAB - CEPAC;1;Receita Corrente;3;2;1;5;0;1;1;A;S;N;N;N;08.1.799.0963;Tesouro Municipal - Recursos Vinculados;N;14400000;1778168,03;1663469,18;1630050,43;1791789,87;1973691,65;1944664,45;2234859,80;2093653,41;2213750,20;2352661,16;1999799,51;2329437,84;24005995,53;16/01/2026
1,32105010109032e+24;46260;2025;1;PREFEITURA DO MUNICÍPIO DE SÃO PAULO;Direta;29;Secretaria Municipal de Urbanismo e Licenciamento;SMUL;NA;NA;NA;NA;"Processo SEI 6017.2022/0047296-6
 - DRD alterado pela demanda [D21975]";Fundo Especial Operação Urbana Água Branca - FEAB - CEPAC HIS;Fundo Especial Operação Urbana Água Branca - FEAB - CEPAC HIS;1;Receita Corrente;3;2;1;5;0;1;1;A;S;N;N;N;08.1.799.0964;Tesouro Municipal - Recursos Vinculados;N;6840000;815756,08;763997,37;748677,12;823146,84;907391,54;894435,94;1027938,56;963044,00;1018296,80;1082242,18;923970,92;1079013,42;11047910,77;16/01/2026
1,32105010109032e+24;46261;2025;1;PREFEITURA DO MUNICÍPIO DE SÃO PAULO;Direta;29;Secretaria Municipal de Urbanismo e Licenciamento;SMUL;NA;NA;NA;NA;"Processo SEI 6017.2022/0047296-6
 - DRD alterado pela demanda [D21975]";Operação Urbana Água Espraiada - CEPAC HIS;Operação Urbana Água Espraiada - CEPAC HIS;1;Receita Corrente;3;2;1;5;0;1;1;A;S;N;N;N;08.1.799.0624;Tesouro Municipal - Recursos Vinculados;N;18000000;2093275,47;1940004,59;1881233,24;2050815,67;2253996,89;2129443,79;2418836,30;2254899,91;2367290,09;2505779,97;2087683,12;2402608,79;26385867,83;16/01/2026
1,32105010109032e+24;46262;2025;1;PREFEITURA DO MUNICÍPIO DE SÃO PAULO;Direta;29;Secretaria Municipal de Urbanismo e Licenciamento;SMUL;NA;NA;NA;NA;"Processo SEI 6017.2022/0047296-6
 - DRD alterado pela demanda [D21975]";Operação Urbana Água Espraiada - CEPAC;Operação Urbana Água Espraiada - CEPAC;1;Receita Corrente;3;2;1;5;0;1;1;A;S;N;N;N;08.1.799.0707;Tesouro Municipal - Recursos Vinculados;N;43200000;5093228,68;4763309,57;4656350,95;5138731,07;5687548,47;5604531,63;6439262,42;6034437,23;6307529,95;6476860,23;5393394,05;6098667,64;67693851,89;16/01/2026
2,99950010800000e+24;46263;2025;1;PREFEITURA DO MUNICÍPIO DE SÃO PAULO;Direta;29;Secretaria Municipal de Urbanismo e Licenciamento;SMUL;NA;NA;NA;NA;Processo SEI 6017.2022/0047296-6;Operação Urbana Consorciada Água Branca - CEPAC;Operação Urbana Consorciada Água Branca - CEPAC;2;Receita de Capital;9;9;9;50;0;1;8;A;S;N;N;S;08.1.799.0963;Tesouro Municipal - Recursos Vinculados;N;0;0,00;0,00;0,00;0,00;0,00;0,00;0,00;0,00;0,00;0,00;5766249,49;0,00;5766249,49;16/01/2026
2,99950010900000e+24;46264;2025;1;PREFEITURA DO MUNICÍPIO DE SÃO PAULO;Direta;29;Secretaria Municipal de Urbanismo e Licenciamento;SMUL;NA;NA;NA;NA;Processo SEI 6017.2022/0047296-6;Operação Urbana Consorciada Água Branca - CEPAC HIS;Operação Urbana Consorciada Água Branca - CEPAC HIS;2;Receita de Capital;9;9;9;50;0;1;9;A;S;N;N;S;08.1.799.0964;Tesouro Municipal - Recursos Vinculados;N;0;0,00;0,00;0,00;0,00;0,00;0,00;0,00;0,00;0,00;0,00;2471249,78;0,00;2471249,78;16/01/2026
2,99950011000000e+24;46265;2025;1;PREFEITURA DO MUNICÍPIO DE SÃO PAULO;Direta;29;Secretaria Municipal de Urbanismo e Licenciamento;SMUL;NA;NA;NA;NA;Processo SEI 6017.2022/0047296-6;Operação Urbana Faria Lima - CEPAC;Operação Urbana Faria Lima - CEPAC;2;Receita de Capital;9;9;9;50;0;1;10;A;S;N;N;S;08.1.799.0708;Tesouro Municipal - Recursos Vinculados;N;0;0,00;0,00;0,00;0,00;0,00;0,00;0,00;1084699467,00;0,00;0,00;0,00;0,00;1084699467,00;16/01/2026
2,99950011100000e+24;46266;2025;1;PREFEITURA DO MUNICÍPIO DE SÃO PAULO;Direta;29;Secretaria Municipal de Urbanismo e Licenciamento;SMUL;NA;NA;NA;NA;Processo SEI 6017.2022/0047296-6;Operação Urbana Faria Lima - CEPAC HIS;Operação Urbana Faria Lima - CEPAC HIS;2;Receita de Capital;9;9;9;50;0;1;11;A;S;N;N;S;08.1.799.0625;Tesouro Municipal - Recursos Vinculados;N;0;0,00;0,00;0,00;0,00;0,00;0,00;0,00;584068943,90;0,00;0,00;0,00;0,00;584068943,90;16/01/2026
2,99950011200000e+24;46267;2025;1;PREFEITURA DO MUNICÍPIO DE SÃO PAULO;Direta;29;Secretaria Municipal de Urbanismo e Licenciamento;SMUL;NA;NA;NA;NA;Processo SEI 6017.2022/0047296-6;Operação Urbana Água Espraiada - CEPAC;Operação Urbana Água Espraiada - CEPAC;2;Receita de Capital;9;9;9;50;0;1;12;A;S;N;N;S;08.1.799.0707;Tesouro Municipal - Recursos Vinculados;N;212958900;0,00;0,00;0,00;0,00;0,00;0,00;0,00;0,00;0,00;0,00;0,00;0,00;0,00;16/01/2026
2,99950011300000e+24;46268;2025;1;PREFEITURA DO MUNICÍPIO DE SÃO PAULO;Direta;29;Secretaria Municipal de Urbanismo e Licenciamento;SMUL;NA;NA;NA;NA;Processo SEI 6017.2022/0047296-6;Operação Urbana Água Espraiada - CEPAC HIS;Operação Urbana Água Espraiada - CEPAC HIS;2;Receita de Capital;9;9;9;50;0;1;13;A;S;N;N;S;08.1.799.0624;Tesouro Municipal - Recursos Vinculados;N;91268100;0,00;0,00;0,00;0,00;0,00;0,00;0,00;0,00;0,00;0,00;0,00;0,00;0,00;16/01/2026
1,32105010109032e+24;46269;2025;1;PREFEITURA DO MUNICÍPIO DE SÃO PAULO;Direta;29;Secretaria Municipal de Urbanismo e Licenciamento;SMUL;NA;NA;NA;NA;"Processo SEI 6017.2022/0047296-6
 - DRD alterado pela demanda [D21975]";Operação Urbana Faria Lima - OUTORGA HIS;Operação Urbana Faria Lima - OUTORGA HIS;1;Receita Corrente;3;2;1;5;0;1;1;A;S;N;N;N;08.1.799.0700;Tesouro Municipal - Recursos Vinculados;N;3960000;495908,30;449527,83;442630,40;491577,02;534983,95;521131,48;617139,61;567843,89;602112,97;635948,46;531335,87;622986,07;6513125,85;16/01/2026
1,32105010109032e+24;46270;2025;1;PREFEITURA DO MUNICÍPIO DE SÃO PAULO;Direta;29;Secretaria Municipal de Urbanismo e Licenciamento;SMUL;NA;NA;NA;NA;"Processo SEI 6017.2022/0047296-6
 - DRD alterado pela demanda [D21975]";Operação Urbana Faria Lima - OUTORGA;Operação Urbana Faria Lima - OUTORGA;1;Receita Corrente;3;2;1;5;0;1;1;A;S;N;N;N;08.1.799.0717;Tesouro Municipal - Recursos Vinculados;N;10800000;1008373,25;901052,12;887226,63;985337,26;1058961,00;1030242,38;1219157,10;1104645,39;1175390,21;1248993,94;1043536,28;1225607,81;12888523,37;16/01/2026
1,32105010109032e+24;46271;2025;1;PREFEITURA DO MUNICÍPIO DE SÃO PAULO;Direta;29;Secretaria Municipal de Urbanismo e Licenciamento;SMUL;NA;NA;NA;NA;"Processo SEI 6017.2022/0047296-6
 - DRD alterado pela demanda [D21975]";Fundo Especial Operação Urbana Água Branca - FEAB - OUTORGA - HIS;Fundo Especial Operação Urbana Água Branca - FEAB - OUTORGA - HIS;1;Receita Corrente;3;2;1;5;0;1;1;A;S;N;N;N;08.1.799.0699;Tesouro Municipal - Recursos Vinculados;N;30000;3739,75;3472,09;3418,81;3796,87;4132,14;4025,15;4766,70;4385,94;4650,64;4911,97;4103,96;4811,86;50215,88;16/01/2026
1,32105010109032e+24;46274;2025;1;PREFEITURA DO MUNICÍPIO DE SÃO PAULO;Direta;29;Secretaria Municipal de Urbanismo e Licenciamento;SMUL;NA;NA;NA;NA;"Processo SEI 6017.2022/0047296-6
 - DRD alterado pela demanda [D21975]";PMSP-SMDU/OUC AGUA BRANCA/CEPAC;PMSP-SMDU/OUC AGUA BRANCA/CEPAC;1;Receita Corrente;3;2;1;5;0;1;1;A;S;N;N;N;08.1.799.0948;Tesouro Municipal - Recursos Vinculados;N;0;14889,96;13543,43;13224,19;14686,54;15983,38;15569,52;18437,89;16965,12;7313,90;0,00;0,00;0,00;130613,93;16/01/2026
1,71999011500000e+24;46286;2025;1;PREFEITURA DO MUNICÍPIO DE SÃO PAULO;Direta;20;Secretaria Municipal de Mobilidade Urbana e Transporte - SMT;SMT;NA;NA;NA;"PORTARIA INTERMINISTERIAL MDR/MMFDH Nº 9, DE 26 DE AGOSTO DE 2022
Emenda Constitucional n. 123, de 14 de julho de 2022";Processo SEI 6017.2022/0048270-8;"Transferência de recurso para auxílio ao custeio da gratuidade das pessoas idosas no
transporte público coletivo urbano";Transf recurso aux. custeio gratuidade p. idosas transp publ. coletivo;1;Receita Corrente;7;1;9;99;0;1;15;A;S;N;N;S;02.1.717.1420;Transferências Federais;N;275000004;0,00;0,00;0,00;0,00;0,00;0,00;0,00;0,00;0,00;0,00;0,00;0,00;0,00;16/01/2026
6,21800829945000e+24;46291;2025;1;PREFEITURA DO MUNICÍPIO DE SÃO PAULO;Direta;NA;NA;NA;NA;NA;NA;NA;NA;Valores a repassar para a SP Regula;Valores a repassar para a SP Regula;6;Receita Extraorçamentária;2;1;8;0;8;2;99;A;N;N;N;S;12.1.869.9001;Recursos Extraorçamentários;N;0;157323,17;105336,09;184525,79;221228,77;278730,95;73097,93;97319,24;297432,00;318180,68;395445,70;259828,98;158197,69;2546646,99;16/01/2026
1,32105010109097e+24;46301;2025;1;PREFEITURA DO MUNICÍPIO DE SÃO PAULO;Direta;78;Fundo de Abastecimento Alimentar de São Paulo;FAASP;NA;NA;NA;NA;Processo SEI 6074.2022/0005032-9 - DRD alterado pela demanda [D21975];Fundo Municipal de Abastecimento Alimentar de São Paulo - FAASP;Fundo Municipal de Abastecimento Alimentar de São Paulo - FAASP;1;Receita Corrente;3;2;1;5;0;1;1;A;S;N;N;N;08.1.759.1416;Tesouro Municipal - Recursos Vinculados;N;7200;970,09;859,57;848,60;963,89;1053,23;1045,71;1258,46;1161,26;1256,05;1331,50;1132,38;1344,64;13225,38;16/01/2026
1,32105010106041e+24;46308;2025;1;PREFEITURA DO MUNICÍPIO DE SÃO PAULO;Direta;73;Secretaria Municipal de Relações Internacionais;SMRI;NA;NA;NA;NA;Processo SEI 6017.2022/0050472-8;Rede URB-AL-10-R10-B1-05-Cidade e Cidadãos Pela Inclusão Social;Rede URB-AL-10-R10-B1-05-Cidade e Cidadãos Pela Inclusão Social;1;Receita Corrente;3;2;1;5;0;1;1;A;S;N;N;N;05.1.703.1421;Outras Fontes;N;0;4496,03;4075,47;4012,94;4456,69;4850,23;4724,63;5595,06;5148,14;5458,82;5765,58;4817,15;5648,07;59048,81;16/01/2026
1,32105010103036e+24;46315;2025;1;PREFEITURA DO MUNICÍPIO DE SÃO PAULO;Direta;19;Secretaria Municipal de Esportes e Lazer;SEME;NA;NA;NA;NA;6019.2022/0001776-3 - DRD alterado pela demanda [D21975];Transferências Especiais - PMSP- SEME/CDC Alvorada;Transferências Especiais - PMSP- SEME/CDC Alvorada;1;Receita Corrente;3;2;1;5;0;1;1;A;S;N;N;S;02.1.706.1419;Transferências Federais;N;0;4932,42;4579,40;4509,14;5007,76;5449,95;5308,84;6286,89;5784,70;6133,81;6478,49;5412,79;6346,45;66230,64;16/01/2026
1,32105010103036e+24;46316;2025;1;PREFEITURA DO MUNICÍPIO DE SÃO PAULO;Direta;19;Secretaria Municipal de Esportes e Lazer;SEME;NA;NA;NA;NA;"6019.2022/0003162-6
 - DRD alterado pela demanda [D21975]";Transferências Especiais - PMSP- SEME/CDC Jardim Mangalot;Transferências Especiais - PMSP- SEME/CDC Jardim Mangalot;1;Receita Corrente;3;2;1;5;0;1;1;A;S;N;N;S;02.1.706.1418;Transferências Federais;N;0;1089,54;1011,56;996,04;282,44;0,00;0,00;0,00;0,00;0,00;0,00;0,00;0,00;3379,58;16/01/2026
1,32105010103036e+24;46317;2025;1;PREFEITURA DO MUNICÍPIO DE SÃO PAULO;Direta;19;Secretaria Municipal de Esportes e Lazer;SEME;NA;NA;NA;NA;6019.2022/0003163-4 - DRD alterado pela demanda [D21975];Transferências Especiais - PMSP- SEME/CDC Areião de Vila Carmosina;Transferências Especiais - PMSP- SEME/CDC Areião de Vila Carmosina;1;Receita Corrente;3;2;1;5;0;1;1;A;S;N;N;S;02.1.706.1417;Transferências Federais;N;0;728,80;676,65;666,27;739,94;805,28;784,43;928,94;854,74;906,33;957,26;799,78;937,75;9786,17;16/01/2026
7,21502112600000e+24;46354;2025;9;FUNDO FINANCEIRO - FUNFIN;Indireta;3;Fundo Financeiro - FUNFIN;FUNFIN;NA;NA;NA;NA;Processo 6310.2022/0001301-8;CPSSS Patronal Especial do Servidor Civil Ativo - CMSP;CPSSS Patronal Especial do Servidor Civil Ativo - CMSP;7;Receita Intra Corrente;2;1;5;2;1;1;26;A;S;N;N;S;20.1.801.9001;Recursos Vinculados à Previdência Social;N;817830;56891,20;57091,94;57041,12;55999,40;57928,40;60854,36;58654,43;58727,06;59308,21;59705,06;59474,29;119215,27;760890,74;16/01/2026
7,21502112600000e+24;46354;2025;8;FUNDO PREVIDENCIÁRIO - FUNPREV;Indireta;3;Fundo Previdenciário - FUNPREV;FUNPREV;NA;NA;NA;NA;Processo 6310.2022/0001301-8;CPSSS Patronal Especial do Servidor Civil Ativo - CMSP;CPSSS Patronal Especial do Servidor Civil Ativo - CMSP;7;Receita Intra Corrente;2;1;5;2;1;1;26;A;S;N;N;S;20.1.800.9001;Recursos Vinculados à Previdência Social;N;6500;2602,62;963,43;1245,62;4772,60;4001,22;4799,90;6876,64;6840,61;7084,13;6117,69;6117,69;11777,86;63200,01;16/01/2026
7,21502112900000e+24;46357;2025;9;FUNDO FINANCEIRO - FUNFIN;Indireta;3;Fundo Financeiro - FUNFIN;FUNFIN;NA;NA;NA;NA;Processo 6310.2022/0001301-8;CPSSS Patronal Especial do Servidor Civil Ativo - HSPM;CPSSS Patronal Especial do Servidor Civil Ativo - HSPM;7;Receita Intra Corrente;2;1;5;2;1;1;29;A;S;N;N;S;20.1.801.9001;Recursos Vinculados à Previdência Social;N;39207;3421,73;3411,76;3429,93;3462,00;3549,38;3523,94;5241,90;5262,27;5300,95;5300,95;6825,61;13611,82;62342,24;16/01/2026
7,21502112900000e+24;46357;2025;8;FUNDO PREVIDENCIÁRIO - FUNPREV;Indireta;3;Fundo Previdenciário - FUNPREV;FUNPREV;NA;NA;NA;NA;Processo 6310.2022/0001301-8;CPSSS Patronal Especial do Servidor Civil Ativo - HSPM;CPSSS Patronal Especial do Servidor Civil Ativo - HSPM;7;Receita Intra Corrente;2;1;5;2;1;1;29;A;S;N;N;S;20.1.800.9001;Recursos Vinculados à Previdência Social;N;46722;2515,74;2447,20;2447,20;2447,20;2447,20;2447,20;2923,02;2923,02;2923,02;2923,02;1454,70;2909,40;30807,92;16/01/2026
7,21502113000000e+24;46358;2025;9;FUNDO FINANCEIRO - FUNFIN;Indireta;3;Fundo Financeiro - FUNFIN;FUNFIN;NA;NA;NA;NA;Processo 6310.2022/0001301-8;CPSSS Patronal Especial do Servidor Civil Ativo - IPREM;CPSSS Patronal Especial do Servidor Civil Ativo - IPREM;7;Receita Intra Corrente;2;1;5;2;1;1;30;A;S;N;N;S;20.1.801.9001;Recursos Vinculados à Previdência Social;N;1000;0,00;0,00;0,00;0,00;0,00;0,00;0,00;0,00;0,00;2952,03;594,37;941,08;4487,48;16/01/2026
7,21502113000000e+24;46358;2025;8;FUNDO PREVIDENCIÁRIO - FUNPREV;Indireta;3;Fundo Previdenciário - FUNPREV;FUNPREV;NA;NA;NA;NA;Processo 6310.2022/0001301-8;CPSSS Patronal Especial do Servidor Civil Ativo - IPREM;CPSSS Patronal Especial do Servidor Civil Ativo - IPREM;7;Receita Intra Corrente;2;1;5;2;1;1;30;A;S;N;N;S;20.1.800.9001;Recursos Vinculados à Previdência Social;N;1000;0,00;0,00;0,00;0,00;0,00;0,00;0,00;0,00;0,00;0,00;0,00;0,00;0,00;16/01/2026
7,21502113100000e+24;46359;2025;9;FUNDO FINANCEIRO - FUNFIN;Indireta;3;Fundo Financeiro - FUNFIN;FUNFIN;NA;NA;NA;NA;Processo 6310.2022/0001301-8;CPSSS Patronal Especial do Servidor Civil Ativo - PMSP;CPSSS Patronal Especial do Servidor Civil Ativo - PMSP;7;Receita Intra Corrente;2;1;5;2;1;1;31;A;S;N;N;S;20.1.801.9001;Recursos Vinculados à Previdência Social;N;567387769;40411282,24;39911942,11;40348463,98;38692286,61;40414016,04;40770261,52;40942311,00;40678353,11;40693595,38;40791436,19;8016585,02;75721821,65;487392354,90;16/01/2026
7,21502113100000e+24;46359;2025;8;FUNDO PREVIDENCIÁRIO - FUNPREV;Indireta;3;Fundo Previdenciário - FUNPREV;FUNPREV;NA;NA;NA;NA;Processo 6310.2022/0001301-8;CPSSS Patronal Especial do Servidor Civil Ativo - PMSP;CPSSS Patronal Especial do Servidor Civil Ativo - PMSP;7;Receita Intra Corrente;2;1;5;2;1;1;31;A;S;N;N;S;20.1.800.9001;Recursos Vinculados à Previdência Social;N;41895177;4638253,51;5131881,00;5302546,82;5681063,96;6077362,86;6093993,27;6029805,42;6010883,43;5997999,51;5977095,09;5976219,02;10774199,93;73691303,82;16/01/2026
7,21502113400000e+24;46362;2025;9;FUNDO FINANCEIRO - FUNFIN;Indireta;3;Fundo Financeiro - FUNFIN;FUNFIN;NA;NA;NA;NA;Processo 6310.2022/0001301-8;CPSSS Patronal Especial do Servidor Civil Ativo - TCMSP;CPSSS Patronal Especial do Servidor Civil Ativo - TCMSP;7;Receita Intra Corrente;2;1;5;2;1;1;34;A;S;N;N;S;20.1.801.9001;Recursos Vinculados à Previdência Social;N;229124;16998,06;16202,55;16418,57;16202,55;18673,04;17022,40;17022,40;17249,36;17022,40;17022,40;17022,40;34044,80;220900,93;16/01/2026
7,21502113400000e+24;46362;2025;8;FUNDO PREVIDENCIÁRIO - FUNPREV;Indireta;3;Fundo Previdenciário - FUNPREV;FUNPREV;NA;NA;NA;NA;Processo 6310.2022/0001301-8;CPSSS Patronal Especial do Servidor Civil Ativo - TCMSP;CPSSS Patronal Especial do Servidor Civil Ativo - TCMSP;7;Receita Intra Corrente;2;1;5;2;1;1;34;A;S;N;N;S;20.1.800.9001;Recursos Vinculados à Previdência Social;N;34554;2612,64;1551,86;1551,86;1551,86;1892,32;1605,62;1605,62;1605,62;1605,62;1605,62;1605,62;3211,24;22005,50;16/01/2026
7,21502113500000e+24;46363;2025;9;FUNDO FINANCEIRO - FUNFIN;Indireta;3;Fundo Financeiro - FUNFIN;FUNFIN;NA;NA;NA;NA;Processo 6310.2022/0001301-8;CPSSS Patronal Extraordinária do Servidor Civil Ativo - CMSP;CPSSS Patronal Extraordinária do Servidor Civil Ativo - CMSP;7;Receita Intra Corrente;2;1;5;2;1;1;35;A;S;N;N;S;20.1.801.9001;Recursos Vinculados à Previdência Social;N;11319269;816524,84;817856,21;819889,79;100252,72;102605,42;107256,99;103656,54;103806,71;103908,13;103714,68;103454,98;206069,72;3488996,73;16/01/2026
7,21502113500000e+24;46363;2025;8;FUNDO PREVIDENCIÁRIO - FUNPREV;Indireta;3;Fundo Previdenciário - FUNPREV;FUNPREV;NA;NA;NA;NA;Processo 6310.2022/0001301-8;CPSSS Patronal Extraordinária do Servidor Civil Ativo - CMSP;CPSSS Patronal Extraordinária do Servidor Civil Ativo - CMSP;7;Receita Intra Corrente;2;1;5;2;1;1;35;A;S;N;N;S;20.1.800.9001;Recursos Vinculados à Previdência Social;N;1969388;268409,11;274443,52;280490,32;463585,32;477884,45;530700,95;565564,73;578287,60;587753,70;600459,52;605934,14;1138808,14;6372321,50;16/01/2026
7,21502113800000e+24;46366;2025;8;FUNDO PREVIDENCIÁRIO - FUNPREV;Indireta;3;Fundo Previdenciário - FUNPREV;FUNPREV;NA;NA;NA;NA;Processo 6310.2022/0001301-8;CPSSS Patronal Extraordinária do Servidor Civil Ativo - HSPM;CPSSS Patronal Extraordinária do Servidor Civil Ativo - HSPM;7;Receita Intra Corrente;2;1;5;2;1;1;38;A;S;N;N;S;20.1.800.9001;Recursos Vinculados à Previdência Social;N;18066150;1171032,19;1091992,48;1084798,79;1709930,92;1724232,28;1704548,22;1691120,72;1677946,90;1547975,82;1484988,45;1200016,72;2369241,00;18457824,49;16/01/2026
7,21502113800000e+24;46366;2025;9;FUNDO FINANCEIRO - FUNFIN;Indireta;3;Fundo Financeiro - FUNFIN;FUNFIN;NA;NA;NA;NA;Processo 6310.2022/0001301-8;CPSSS Patronal Extraordinária do Servidor Civil Ativo - HSPM;CPSSS Patronal Extraordinária do Servidor Civil Ativo - HSPM;7;Receita Intra Corrente;2;1;5;2;1;1;38;A;S;N;N;S;20.1.801.9001;Recursos Vinculados à Previdência Social;N;12451894;860756,65;861349,62;862161,57;98899,63;100237,55;99597,52;99862,71;99104,64;101935,81;98853,06;104515,96;207846,69;3595121,41;16/01/2026
7,21502113900000e+24;46367;2025;8;FUNDO PREVIDENCIÁRIO - FUNPREV;Indireta;3;Fundo Previdenciário - FUNPREV;FUNPREV;NA;NA;NA;NA;Processo 6310.2022/0001301-8;CPSSS Patronal Extraordinária do Servidor Civil Ativo - IPREM;CPSSS Patronal Extraordinária do Servidor Civil Ativo - IPREM;7;Receita Intra Corrente;2;1;5;2;1;1;39;A;S;N;N;S;20.1.800.9001;Recursos Vinculados à Previdência Social;N;503827;39160,90;31977,05;31977,05;48793,99;48300,69;144052,89;144052,89;144052,89;144052,89;144518,16;144607,63;262572,06;1328119,09;16/01/2026
7,21502113900000e+24;46367;2025;9;FUNDO FINANCEIRO - FUNFIN;Indireta;3;Fundo Financeiro - FUNFIN;FUNFIN;NA;NA;NA;NA;Processo 6310.2022/0001301-8;CPSSS Patronal Extraordinária do Servidor Civil Ativo - IPREM;CPSSS Patronal Extraordinária do Servidor Civil Ativo - IPREM;7;Receita Intra Corrente;2;1;5;2;1;1;39;A;S;N;N;S;20.1.801.9001;Recursos Vinculados à Previdência Social;N;470886;29791,48;29949,94;29661,58;3330,73;3473,95;3569,71;3576,28;3579,17;3578,66;3586,70;3582,03;7131,22;124811,45;16/01/2026
7,21502114000000e+24;46368;2025;9;FUNDO FINANCEIRO - FUNFIN;Indireta;3;Fundo Financeiro - FUNFIN;FUNFIN;NA;NA;NA;NA;Processo 6310.2022/0001301-8;CPSSS Patronal Extraordinária do Servidor Civil Ativo - PMSP;CPSSS Patronal Extraordinária do Servidor Civil Ativo - PMSP;7;Receita Intra Corrente;2;1;5;2;1;1;40;A;S;N;N;S;20.1.801.9001;Recursos Vinculados à Previdência Social;N;910669694;64559616,43;63926318,70;63937266,59;6628218,65;7799705,05;8004500,02;8039564,94;8044424,62;8025620,51;8035428,58;40666499,80;15930776,16;303597940,10;16/01/2026
7,21502114000000e+24;46368;2025;8;FUNDO PREVIDENCIÁRIO - FUNPREV;Indireta;3;Fundo Previdenciário - FUNPREV;FUNPREV;NA;NA;NA;NA;Processo 6310.2022/0001301-8;CPSSS Patronal Extraordinária do Servidor Civil Ativo - PMSP;CPSSS Patronal Extraordinária do Servidor Civil Ativo - PMSP;7;Receita Intra Corrente;2;1;5;2;1;1;40;A;S;N;N;S;20.1.800.9001;Recursos Vinculados à Previdência Social;N;651815441;56784283,69;62311197,23;63934682,70;71531440,16;74968101,89;75092595,69;74618411,74;74706428,41;74491796,93;74125091,51;74002886,11;145692465,30;922259381,30;16/01/2026
7,21502114300000e+24;46371;2025;9;FUNDO FINANCEIRO - FUNFIN;Indireta;3;Fundo Financeiro - FUNFIN;FUNFIN;NA;NA;NA;NA;Processo 6310.2022/0001301-8;CPSSS Patronal Extraordinária do Servidor Civil Ativo - TCMSP;CPSSS Patronal Extraordinária do Servidor Civil Ativo - TCMSP;7;Receita Intra Corrente;2;1;5;2;1;1;43;A;S;N;N;S;20.1.801.9001;Recursos Vinculados à Previdência Social;N;8829248;631019,39;658381,68;654980,49;80223,53;91352,86;80120,57;81747,91;82374,73;77291,55;79669,19;78982,19;168851,51;2764995,60;16/01/2026
7,21502114300000e+24;46371;2025;8;FUNDO PREVIDENCIÁRIO - FUNPREV;Indireta;3;Fundo Previdenciário - FUNPREV;FUNPREV;NA;NA;NA;NA;Processo 6310.2022/0001301-8;CPSSS Patronal Extraordinária do Servidor Civil Ativo - TCMSP;CPSSS Patronal Extraordinária do Servidor Civil Ativo - TCMSP;7;Receita Intra Corrente;2;1;5;2;1;1;43;A;S;N;N;S;20.1.800.9001;Recursos Vinculados à Previdência Social;N;16463799;1318798,49;544679,65;529170,28;649972,77;657865,28;647756,42;649050,11;673434,45;708641,28;698602,05;701019,34;1392447,27;9171437,39;16/01/2026
1,32105010103044e+24;46374;2025;1;PREFEITURA DO MUNICÍPIO DE SÃO PAULO;Direta;20;Secretaria Municipal de Mobilidade Urbana e Transporte - SMT;SMT;NA;NA;NA;NA;PROCESSO 6017.2022/0048270-8;PMSP-SMT/Auxílio Emergencial à Gratuidade das Pessoas Idosas no Transporte Público Coletivo Urbano;PMSP-SMT/Auxílio Emergencial à Gratuidade P Idosas Transp Público;1;Receita Corrente;3;2;1;5;0;1;1;A;S;N;N;N;02.1.717.1420;Transferências Federais;N;360000;40892,11;37965,47;37382,93;41516,78;45182,78;44012,84;52121,34;47958,00;50852,25;53709,86;44874,67;52615,11;549084,14;16/01/2026
1,32105010109011e+24;46387;2025;1;PREFEITURA DO MUNICÍPIO DE SÃO PAULO;Direta;94;Fundo Especial do Meio Ambiente e Desenvolvimento Sustentável;FEMA;NA;NA;NA;NA;"PROCESSO 6027.2022/0012814-3
 - DRD alterado pela demanda [D21975]";PMSP- SVMA/SNUC LEI 9985 - UC a definir;PMSP- SVMA/SNUC LEI 9985 - UC a definir;1;Receita Corrente;3;2;1;5;0;1;1;A;S;N;N;S;08.1.759.1425;Tesouro Municipal - Recursos Vinculados;N;1000;0,00;0,00;0,00;0,00;0,00;0,00;0,00;0,00;0,00;0,00;0,00;0,00;0,00;16/01/2026
1,32105010103013e+24;46390;2025;1;PREFEITURA DO MUNICÍPIO DE SÃO PAULO;Direta;93;Fundo Municipal de Assistência Social;FMAS;NA;NA;NA;NA;"6024.2022/0008855-2
 - DRD alterado pela demanda [D21975]";20.515-X - PMSP-SMADS/SAO PAULO SIGTV - ESTR3 2022;20.515-X - PMSP-SMADS/SAO PAULO SIGTV - ESTR3 2022;1;Receita Corrente;3;2;1;5;0;1;1;A;S;N;N;S;02.1.660.1423;Transferências Federais;N;6000;128,25;129,39;6,47;0,00;0,00;0,00;0,00;0,00;0,00;0,00;0,00;0,00;264,11;16/01/2026
1,32105010103013e+24;46393;2025;1;PREFEITURA DO MUNICÍPIO DE SÃO PAULO;Direta;93;Fundo Municipal de Assistência Social;FMAS;NA;NA;NA;NA;6024.2022/0008994-0 - DRD alterado pela demanda [D21975];20.548-6 - PMSP-SMADS/SAO PAULO SIGTV - ESTR3 2022;20.548-6 - PMSP-SMADS/SAO PAULO SIGTV - ESTR3 2022;1;Receita Corrente;3;2;1;5;0;1;1;A;S;N;N;N;02.1.660.1424;Transferências Federais;N;24000;4084,31;3792,00;3733,82;4146,70;4512,87;4396,01;5205,90;4790,05;5079,14;5364,55;4482,10;5255,21;54842,66;16/01/2026
2,99999010158010e+24;46396;2025;1;PREFEITURA DO MUNICÍPIO DE SÃO PAULO;Direta;94;Fundo Especial do Meio Ambiente e Desenvolvimento Sustentável;FEMA;NA;NA;NA;NA;PROCESSO 6027.2022/0012814-3;SNUC LEI 9985 - UC a definir;SNUC LEI 9985 - UC a definir;2;Receita de Capital;9;9;9;99;0;1;1;A;S;N;N;S;08.1.759.1425;Tesouro Municipal - Recursos Vinculados;N;1000;0,00;0,00;0,00;0,00;0,00;0,00;0,00;0,00;0,00;0,00;0,00;0,00;0,00;16/01/2026
1,32105010109032e+24;46417;2025;1;PREFEITURA DO MUNICÍPIO DE SÃO PAULO;Direta;29;Secretaria Municipal de Urbanismo e Licenciamento;SMUL;NA;NA;NA;NA;"6068.2022/0009233-9
 - DRD alterado pela demanda [D21975]";PMSP-SMUL/Remuneração SP-Urbanismo OUCAB;PMSP-SMUL/Remuneração SP-Urbanismo OUCAB;1;Receita Corrente;3;2;1;5;0;1;1;A;S;N;N;S;08.1.799.1430;Tesouro Municipal - Recursos Vinculados;N;0;1018,49;759,86;744,63;818,69;902,48;889,60;1022,38;957,83;1012,79;1076,38;900,05;1038,41;11141,59;16/01/2026
1,32105010103030e+24;46452;2025;1;PREFEITURA DO MUNICÍPIO DE SÃO PAULO;Direta;12;Secretaria Municipal das Subprefeituras;SMSUB;NA;NA;NA;NA;6012.2022/0022959-2 - DRD alterado pela demanda [D21975];Transferências especiais - revitalização e instalação de playground- jardim imperial;Transferências especiais - revitalização e instalação de playground- j;1;Receita Corrente;3;2;1;5;0;1;1;A;S;N;N;N;02.1.706.1435;Transferências Federais;N;1008;1341,01;1245,04;1225,94;1361,50;1481,72;1443,36;1709,27;1572,73;1667,65;1761,36;1471,62;1725,46;18006,66;16/01/2026
1,32105010103030e+24;46458;2025;1;PREFEITURA DO MUNICÍPIO DE SÃO PAULO;Direta;12;Secretaria Municipal das Subprefeituras;SMSUB;NA;NA;NA;NA;6012.2022/0022924-0 - DRD alterado pela demanda [D21975];Transferências Especiais- Pavimentação e Drenagem - Travessa Betel Angel;Transferências Especiais- Pavimentação e Drenagem - Travessa Betel An;1;Receita Corrente;3;2;1;5;0;1;1;A;S;N;N;N;02.1.706.1436;Transferências Federais;N;1596;2145,63;1992,06;1961,50;2178,40;2370,76;2309,37;2734,83;2516,37;2668,24;2818,18;2354,59;2760,73;28810,66;16/01/2026
6,21800820199009e+24;46460;2025;83;COMPANHIA METROPOLITANA DE HABITAÇÃO DE SÃO PAULO;Indireta;83;Companhia Metropolitana de Habitação de São Paulo;COHAB;NA;NA;NA;NA;7610.2022/0004560-6;INSS retido através de NRT;INSS retido através de NRT;6;Receita Extraorçamentária;2;1;8;0;8;2;1;A;N;N;N;N;12.1.869.9001;Recursos Extraorçamentários;N;0;257223,55;682079,53;257656,23;516274,99;777758,43;415906,05;631202,01;170179,83;636998,37;545342,38;439697,96;0,00;5330319,33;16/01/2026
2,41951010100000e+24;46474;2025;1;PREFEITURA DO MUNICÍPIO DE SÃO PAULO;Direta;12;Secretaria Municipal das Subprefeituras;SMSUB;NA;NA;NA;NA;6012.2022/0022959-2;Transferências Especiais - revitalização e instalação de playground- Jardim imperial;Transferências Especiais - revit e instalação de playground J Imperial;2;Receita de Capital;4;1;9;51;0;1;1;A;S;N;N;S;02.1.706.1435;Transferências Federais;N;100008;0,00;0,00;0,00;0,00;0,00;0,00;0,00;0,00;0,00;0,00;0,00;0,00;0,00;16/01/2026
2,41951010200000e+24;46477;2025;1;PREFEITURA DO MUNICÍPIO DE SÃO PAULO;Direta;12;Secretaria Municipal das Subprefeituras;SMSUB;NA;NA;NA;NA;6012.2022/0022924-0;Transferências Especiais - Pavimentação e Drenagem - Travessa Betel Angel;Transf Especiais - Pavimentação e Drenagem - Travessa Betel Angel;2;Receita de Capital;4;1;9;51;0;1;2;A;S;N;N;S;02.1.706.1436;Transferências Federais;N;160008;0,00;0,00;0,00;0,00;0,00;0,00;0,00;0,00;0,00;0,00;0,00;0,00;0,00;16/01/2026
1,32105010104027e+24;46483;2025;1;PREFEITURA DO MUNICÍPIO DE SÃO PAULO;Direta;84;Fundo Municipal de Saúde;FMS/SMS;NA;NA;NA;NA;6018.2022/0091830-7 - DRD alterado pela demanda [D21975];Transferência Especial - SMS//FMS/EP ESTADUAL;Transferência Especial - SMS//FMS/EP ESTADUAL;1;Receita Corrente;3;2;1;5;0;1;1;A;S;N;S;S;03.1.710.1441;Transferências Estaduais;N;60000;8973,66;8331,41;8203,58;9110,74;8461,04;5487,02;6497,89;5978,85;6339,67;6695,93;5495,31;5207,31;84782,41;16/01/2026
1,32105010102030e+24;46727;2025;1;PREFEITURA DO MUNICÍPIO DE SÃO PAULO;Direta;12;Secretaria Municipal das Subprefeituras;SMSUB;NA;NA;NA;NA;- DRD alterado pela demanda [D21975];PMSP/SMPR-Asfalto Novo;PMSP/SMPR-Asfalto Novo;1;Receita Corrente;3;2;1;5;0;1;1;A;S;N;N;S;01.1.754.1200;Operações de Crédito;N;30000;18426,15;17107,40;16844,91;18707,64;20359,55;19832,37;23486,10;21610,08;22914,24;24201,89;20220,72;23708,59;247419,64;16/01/2026
1,32105010102030e+24;46728;2025;1;PREFEITURA DO MUNICÍPIO DE SÃO PAULO;Direta;12;Secretaria Municipal das Subprefeituras;SMSUB;NA;NA;NA;NA;- DRD alterado pela demanda [D21975];PMSP/SMSUB - Asfalto Novo II;PMSP/SMSUB - Asfalto Novo II;1;Receita Corrente;3;2;1;5;0;1;1;A;S;N;N;S;01.1.754.1244;Operações de Crédito;N;300000;189182,38;175642,63;172947,62;192072,37;209032,64;203620,10;241133,06;221871,90;235261,75;248482,19;207607,23;243417,43;2540271,30;16/01/2026
1,32105010102039e+24;46729;2025;1;PREFEITURA DO MUNICÍPIO DE SÃO PAULO;Direta;22;Secretaria Municipal de Infraestrutura Urbana e Obras;SIURB;NA;NA;NA;NA;- DRD alterado pela demanda [D21975];PMSP-SIURB/Saneamento-Avançar Perus/Mooca-Contrato nº 0505.972-67/18;PMSP-SIURB/Saneamento-Avançar Perus/Mooca-Contrato nº 0505.972-67/18;1;Receita Corrente;3;2;1;5;0;1;1;A;S;N;N;S;01.1.754.1229;Operações de Crédito;N;91236552;15486,58;16860,63;527,41;1388,44;2045,32;8453,17;5237,26;15261,78;5568,82;7754,33;6421,81;8472,21;93477,76;16/01/2026
1,32105010103013e+24;46730;2025;1;PREFEITURA DO MUNICÍPIO DE SÃO PAULO;Direta;93;Fundo Municipal de Assistência Social;FMAS;NA;NA;NA;NA;- DRD alterado pela demanda [D21975];PMSP-SMADS/FMAS-CPBF.;PMSP-SMADS/FMAS-CPBF.;1;Receita Corrente;3;2;1;5;0;1;1;A;S;N;N;S;02.1.665.0446;Transferências Federais;N;0;0,00;0,00;0,00;0,00;0,00;0,00;0,00;0,00;0,00;0,00;0,00;0,59;0,59;16/01/2026
1,32105010103013e+24;46731;2025;1;PREFEITURA DO MUNICÍPIO DE SÃO PAULO;Direta;93;Fundo Municipal de Assistência Social;FMAS;NA;NA;NA;NA;- DRD alterado pela demanda [D21975];PMSP-SMADS/SAO PAULO SIGTV - ESTR4 - FNAS;PMSP-SMADS/SAO PAULO SIGTV - ESTR4 - FNAS;1;Receita Corrente;3;2;1;5;0;1;1;A;S;N;N;S;02.1.665.1381;Transferências Federais;N;60000;8723,33;8099,00;7974,74;8856,59;9638,64;9389,06;11118,81;9462,07;9622,99;10163,76;8491,83;9956,59;111497,41;16/01/2026
1,32105010103013e+24;46732;2025;1;PREFEITURA DO MUNICÍPIO DE SÃO PAULO;Direta;93;Fundo Municipal de Assistência Social;FMAS;NA;NA;NA;NA;- DRD alterado pela demanda [D21975];PMSP-SMADS/BLOCO PSB - FNAS;PMSP-SMADS/BLOCO PSB - FNAS;1;Receita Corrente;3;2;1;5;0;1;1;A;S;N;N;S;02.1.660.1083;Transferências Federais;N;120000;24507,18;29154,91;38171,23;48117,59;54696,22;44528,15;46415,93;35930,69;29028,99;28148,39;23908,40;28834,40;431442,08;16/01/2026
1,32105010103013e+24;46733;2025;1;PREFEITURA DO MUNICÍPIO DE SÃO PAULO;Direta;93;Fundo Municipal de Assistência Social;FMAS;NA;NA;NA;NA;- DRD alterado pela demanda [D21975];PMSP-SMADS/SÃO PAULO/GTV BLMAC3;PMSP-SMADS/SÃO PAULO/GTV BLMAC3;1;Receita Corrente;3;2;1;5;0;1;1;A;S;N;N;S;02.1.665.1199;Transferências Federais;N;1200;0,00;0,00;0,00;0,00;0,00;0,00;0,00;0,00;0,00;0,00;0,00;0,00;0,00;16/01/2026
1,32105010103013e+24;46735;2025;1;PREFEITURA DO MUNICÍPIO DE SÃO PAULO;Direta;93;Fundo Municipal de Assistência Social;FMAS;NA;NA;NA;NA;- DRD alterado pela demanda [D21975];PMSP-SMADS/PROGRAMA AUXILIO BRASIL/IGD-PAB-FNAS;PMSP-SMADS/PROGRAMA AUXILIO BRASIL/IGD-PAB-FNAS;1;Receita Corrente;3;2;1;5;0;1;1;A;S;N;N;S;02.1.660.1380;Transferências Federais;N;2400;1068,21;991,75;976,55;1084,52;1180,30;1149,73;1361,54;1199,76;145,89;154,07;128,73;150,94;9591,99;16/01/2026
1,32105010103013e+24;46736;2025;1;PREFEITURA DO MUNICÍPIO DE SÃO PAULO;Direta;93;Fundo Municipal de Assistência Social;FMAS;NA;NA;NA;NA;- DRD alterado pela demanda [D21975];PMSP-SMADS/FMAS-PVAC;PMSP-SMADS/FMAS-PVAC;1;Receita Corrente;3;2;1;5;0;1;1;A;S;N;N;S;02.1.665.1171;Transferências Federais;N;600000;105413,36;97868,94;96367,26;107023,68;116474,01;113458,13;134360,53;123628,12;131089,01;138455,50;115679,77;135633,40;1415451,71;16/01/2026
1,32105010103013e+24;46737;2025;1;PREFEITURA DO MUNICÍPIO DE SÃO PAULO;Direta;93;Fundo Municipal de Assistência Social;FMAS;NA;NA;NA;NA;- DRD alterado pela demanda [D21975];PMSP-SMADS/FMAS-São Paulo Criança Feliz;PMSP-SMADS/FMAS-São Paulo Criança Feliz;1;Receita Corrente;3;2;1;5;0;1;1;A;S;N;N;S;02.1.665.1166;Transferências Federais;N;60000;23889,11;22179,37;21839,06;24254,05;26395,71;25712,24;30449,22;28016,99;29707,81;31377,23;26215,72;30737,67;320774,18;16/01/2026
1,32105010103013e+24;46738;2025;1;PREFEITURA DO MUNICÍPIO DE SÃO PAULO;Direta;93;Fundo Municipal de Assistência Social;FMAS;NA;NA;NA;NA;- DRD alterado pela demanda [D21975];PMSP-SMADS/SÃO PAULO BPC ESCOLA;PMSP-SMADS/SÃO PAULO BPC ESCOLA;1;Receita Corrente;3;2;1;5;0;1;1;A;S;N;N;S;02.1.665.1078;Transferências Federais;N;48000;6566,40;6096,44;6002,90;6666,70;7255,39;7067,52;8369,57;7701,03;8165,78;8624,66;7205,91;8448,86;88171,16;16/01/2026
1,32105010103013e+24;46739;2025;1;PREFEITURA DO MUNICÍPIO DE SÃO PAULO;Direta;93;Fundo Municipal de Assistência Social;FMAS;NA;NA;NA;NA;- DRD alterado pela demanda [D21975];PMSP-SMADS/SÃO PAULO ACESSUAS TRABALHO;PMSP-SMADS/SÃO PAULO ACESSUAS TRABALHO;1;Receita Corrente;3;2;1;5;0;1;1;A;S;N;N;S;02.1.665.1076;Transferências Federais;N;24000;2793,76;2593,82;2554,02;2836,45;3086,90;3006,98;3560,96;3276,51;3474,25;3669,48;3065,86;3594,68;37513,67;16/01/2026
1,32105010103013e+24;46741;2025;1;PREFEITURA DO MUNICÍPIO DE SÃO PAULO;Direta;93;Fundo Municipal de Assistência Social;FMAS;NA;NA;NA;NA;- DRD alterado pela demanda [D21975];PMSP-SMADS/BLOCO GESTÃO IGDBF - FNAS;PMSP-SMADS/BLOCO GESTÃO IGDBF - FNAS;1;Receita Corrente;3;2;1;5;0;1;1;A;S;N;N;S;02.1.660.1080;Transferências Federais;N;120000;220887,06;199451,35;195533,87;194994,16;193374,12;165765,69;197832,43;158175,89;127346,56;105890,71;96401,47;126918,38;1982571,69;16/01/2026
1,32105010103013e+24;46742;2025;1;PREFEITURA DO MUNICÍPIO DE SÃO PAULO;Direta;93;Fundo Municipal de Assistência Social;FMAS;NA;NA;NA;NA;- DRD alterado pela demanda [D21975];PMSP-SMADS/BLOCO GESTÃO IGDSUAS - FNAS;PMSP-SMADS/BLOCO GESTÃO IGDSUAS - FNAS;1;Receita Corrente;3;2;1;5;0;1;1;A;S;N;N;S;02.1.660.1081;Transferências Federais;N;2400;276,08;256,33;252,40;280,31;305,05;297,16;351,91;323,79;343,34;362,63;302,98;355,24;3707,22;16/01/2026
1,32105010103013e+24;46743;2025;1;PREFEITURA DO MUNICÍPIO DE SÃO PAULO;Direta;93;Fundo Municipal de Assistência Social;FMAS;NA;NA;NA;NA;- DRD alterado pela demanda [D21975];PMSP-SMADS/FMAS/SAO PAULOCOVIDACO;PMSP-SMADS/FMAS/SAO PAULOCOVIDACO;1;Receita Corrente;3;2;1;5;0;1;1;A;S;N;N;S;02.1.669.1275;Transferências Federais;N;1000;0,11;0,10;0,10;0,09;0,00;0,00;0,00;0,00;0,00;0,00;0,00;0,00;0,40;16/01/2026
1,32105010103013e+24;46744;2025;1;PREFEITURA DO MUNICÍPIO DE SÃO PAULO;Direta;93;Fundo Municipal de Assistência Social;FMAS;NA;NA;NA;NA;- DRD alterado pela demanda [D21975];PMSP-SMADS/SAO PAULOCOVIDALI;PMSP-SMADS/SAO PAULOCOVIDALI;1;Receita Corrente;3;2;1;5;0;1;1;A;S;N;N;S;02.1.669.1276;Transferências Federais;N;2400;362,54;365,74;361,24;344,77;0,00;0,00;0,00;0,00;0,00;0,00;0,00;0,00;1434,29;16/01/2026
1,32105010103013e+24;46745;2025;1;PREFEITURA DO MUNICÍPIO DE SÃO PAULO;Direta;93;Fundo Municipal de Assistência Social;FMAS;NA;NA;NA;NA;- DRD alterado pela demanda [D21975];PMSP-SMADS/FMAS/SAO PAULOCOVIDEPI;PMSP-SMADS/FMAS/SAO PAULOCOVIDEPI;1;Receita Corrente;3;2;1;5;0;1;1;A;S;N;N;S;02.1.669.1277;Transferências Federais;N;1000;52,33;48,58;47,84;42,73;0,00;0,00;0,00;0,00;0,00;0,00;0,00;0,00;191,48;16/01/2026
1,32105010103029e+24;46746;2025;1;PREFEITURA DO MUNICÍPIO DE SÃO PAULO;Direta;93;Fundo Municipal de Assistência Social;FMAS;NA;NA;NA;NA;- DRD alterado pela demanda [D21975];PMSP-SMADS/CONVÊNIO SICONV 827876/2016;PMSP-SMADS/CONVÊNIO SICONV 827876/2016;1;Receita Corrente;3;2;1;5;0;1;1;A;S;N;N;S;02.1.665.1145;Transferências Federais;N;0;5360,24;5407,62;809,46;0,00;0,00;0,00;0,00;0,00;0,00;0,00;0,00;0,00;11577,32;16/01/2026
1,32105010103031e+24;46756;2025;1;PREFEITURA DO MUNICÍPIO DE SÃO PAULO;Direta;25;Secretaria Municipal de Cultura;SMC;NA;NA;NA;NA;- DRD alterado pela demanda [D21975];PMSP-SMC-Lei 14.017 ALDIR BLANC;PMSP-SMC-Lei 14.017 ALDIR BLANC;1;Receita Corrente;3;2;1;5;0;1;1;A;S;N;N;S;02.1.749.1288;Transferências Federais;N;40000;6612,87;6139,58;6045,38;6713,88;7306,73;7117,53;8428,80;7755,52;8223,56;8685,69;7256,90;8508,65;88795,09;16/01/2026
1,32105010103033e+24;46766;2025;1;PREFEITURA DO MUNICÍPIO DE SÃO PAULO;Direta;34;Secretaria Municipal de Direitos Humanos e Cidadania;SMDHC;NA;NA;NA;NA;- DRD alterado pela demanda [D21975];PMSP-SMDHC/CONVÊNIO SICONV nº 835820/2016;PMSP-SMDHC/CONVÊNIO SICONV nº 835820/2016;1;Receita Corrente;3;2;1;5;0;1;1;A;S;N;N;S;02.1.700.1147;Transferências Federais;N;0;4349,59;4348,72;4290,24;4089,01;0,00;0,00;0,00;0,00;0,00;0,00;0,00;0,00;17077,56;16/01/2026
1,32105010103035e+24;46778;2025;1;PREFEITURA DO MUNICÍPIO DE SÃO PAULO;Direta;19;Secretaria Municipal de Esportes e Lazer;SEME;NA;NA;NA;NA;- DRD alterado pela demanda [D21975];PMSP- SEME/Emenda Parlamentar 25200003 - CDC Jardim Planalto;PMSP- SEME/Emenda Parlamentar 25200003 - CDC Jardim Planalto;1;Receita Corrente;3;2;1;5;0;1;1;A;S;N;N;S;02.1.706.1382;Transferências Federais;N;0;2525,74;2344,98;2309,00;654,76;0,00;0,00;0,00;0,00;0,00;0,00;0,00;0,00;7834,48;16/01/2026
1,32105010103035e+24;46779;2025;1;PREFEITURA DO MUNICÍPIO DE SÃO PAULO;Direta;19;Secretaria Municipal de Esportes e Lazer;SEME;NA;NA;NA;NA;- DRD alterado pela demanda [D21975];PMSP- SEME/CDC Parque Fongaro;PMSP- SEME/CDC Parque Fongaro;1;Receita Corrente;3;2;1;5;0;1;1;A;S;N;N;S;02.1.706.1389;Transferências Federais;N;0;1160,31;1077,26;1060,74;1178,03;1282,06;1248,86;1478,93;1360,80;1442,93;1524,01;1273,31;1492,95;15580,19;16/01/2026
1,32105010103035e+24;46780;2025;1;PREFEITURA DO MUNICÍPIO DE SÃO PAULO;Direta;19;Secretaria Municipal de Esportes e Lazer;SEME;NA;NA;NA;NA;- DRD alterado pela demanda [D21975];PMSP- SEME/CDC Parque Fernanda;PMSP- SEME/CDC Parque Fernanda;1;Receita Corrente;3;2;1;5;0;1;1;A;S;N;N;S;02.1.706.1391;Transferências Federais;N;0;660,08;612,84;603,43;171,12;0,00;0,00;0,00;0,00;0,00;0,00;0,00;0,00;2047,47;16/01/2026
1,32105010103035e+24;46781;2025;1;PREFEITURA DO MUNICÍPIO DE SÃO PAULO;Direta;19;Secretaria Municipal de Esportes e Lazer;SEME;NA;NA;NA;NA;- DRD alterado pela demanda [D21975];PMSP- SEME/CDC Pequeninos do Jóquei;PMSP- SEME/CDC Pequeninos do Jóquei;1;Receita Corrente;3;2;1;5;0;1;1;A;S;N;N;S;02.1.706.1392;Transferências Federais;N;0;391,34;363,33;357,75;101,45;0,00;0,00;0,00;0,00;0,00;0,00;0,00;0,00;1213,87;16/01/2026
1,32105010103038e+24;46785;2025;1;PREFEITURA DO MUNICÍPIO DE SÃO PAULO;Direta;14;Secretaria Municipal de Habitação;SEHAB;NA;NA;NA;NA;- DRD alterado pela demanda [D21975];PMSP-SEHAB/PMCMV-Residencial Botucatu;PMSP-SEHAB/PMCMV-Residencial Botucatu;1;Receita Corrente;3;2;1;5;0;1;1;A;S;N;N;S;02.1.700.1237;Transferências Federais;N;0;547,41;525,31;514,78;565,98;623,91;615,01;706,79;662,18;700,17;744,14;622,22;717,88;7545,78;16/01/2026
1,32105010103039e+24;46786;2025;1;PREFEITURA DO MUNICÍPIO DE SÃO PAULO;Direta;22;Secretaria Municipal de Infraestrutura Urbana e Obras;SIURB;NA;NA;NA;NA;- DRD alterado pela demanda [D21975];PMSP-SIURB/Canalização Córrego Ponte Baixa - TC 0351.052-46/2011;PMSP-SIURB/Canalização Córrego Ponte Baixa - TC 0351.052-46/2011;1;Receita Corrente;3;2;1;5;0;1;1;A;S;N;N;S;02.1.700.0748;Transferências Federais;N;1000;0,00;0,00;0,00;0,00;0,00;0,00;0,00;0,00;0,00;0,00;0,00;0,00;0,00;16/01/2026
1,32105010103039e+24;46787;2025;1;PREFEITURA DO MUNICÍPIO DE SÃO PAULO;Direta;22;Secretaria Municipal de Infraestrutura Urbana e Obras;SIURB;NA;NA;NA;NA;- DRD alterado pela demanda [D21975];PMSP-SIURB/Canalização do Córrego Ipiranga;PMSP-SIURB/Canalização do Córrego Ipiranga;1;Receita Corrente;3;2;1;5;0;1;1;A;S;N;N;S;02.1.700.0813;Transferências Federais;N;12000;0,00;0,00;0,00;0,00;0,00;0,00;0,00;0,00;0,00;0,00;0,00;0,00;0,00;16/01/2026
1,32105010103039e+24;46788;2025;1;PREFEITURA DO MUNICÍPIO DE SÃO PAULO;Direta;22;Secretaria Municipal de Infraestrutura Urbana e Obras;SIURB;NA;NA;NA;NA;- DRD alterado pela demanda [D21975];PMSP-SIURB/Programa de Redução de Alagamentos;PMSP-SIURB/Programa de Redução de Alagamentos;1;Receita Corrente;3;2;1;5;0;1;1;A;S;N;N;S;02.1.700.0810;Transferências Federais;N;15498576;154,93;120,68;118,27;130,03;143,33;141,29;162,38;152,13;160,85;170,96;142,95;164,92;1762,72;16/01/2026
1,32105010103039e+24;46789;2025;1;PREFEITURA DO MUNICÍPIO DE SÃO PAULO;Direta;22;Secretaria Municipal de Infraestrutura Urbana e Obras;SIURB;NA;NA;NA;NA;- DRD alterado pela demanda [D21975];PMSP-SIURB/ CORREDOR LESTE ITAQUERA TRECHO 1;PMSP-SIURB/ CORREDOR LESTE ITAQUERA TRECHO 1;1;Receita Corrente;3;2;1;5;0;1;1;A;S;N;N;S;02.1.700.0885;Transferências Federais;N;1000;0,00;0,00;0,00;0,00;0,00;0,00;0,00;0,00;0,00;0,00;0,00;0,00;0,00;16/01/2026
1,32105010103039e+24;46790;2025;1;PREFEITURA DO MUNICÍPIO DE SÃO PAULO;Direta;22;Secretaria Municipal de Infraestrutura Urbana e Obras;SIURB;NA;NA;NA;NA;- DRD alterado pela demanda [D21975];PMSP-SIURB/ CORREDOR ARICANDUVA;PMSP-SIURB/ CORREDOR ARICANDUVA;1;Receita Corrente;3;2;1;5;0;1;1;A;S;N;N;S;02.1.700.0887;Transferências Federais;N;12000;0,00;0,00;0,00;0,00;0,00;0,00;0,00;0,00;0,00;0,00;0,00;0,00;0,00;16/01/2026
1,32105010103039e+24;46791;2025;1;PREFEITURA DO MUNICÍPIO DE SÃO PAULO;Direta;22;Secretaria Municipal de Infraestrutura Urbana e Obras;SIURB;NA;NA;NA;NA;- DRD alterado pela demanda [D21975];PMSP-SIURB/ EXEC. TERMINAL ITAQUERA;PMSP-SIURB/ EXEC. TERMINAL ITAQUERA;1;Receita Corrente;3;2;1;5;0;1;1;A;S;N;N;S;02.1.700.0893;Transferências Federais;N;68376960;6622,21;3730,66;98,98;108,82;119,96;119,35;137,16;128,51;135,88;144,41;120,75;139,31;11606,00;16/01/2026
1,32105010103039e+24;46792;2025;1;PREFEITURA DO MUNICÍPIO DE SÃO PAULO;Direta;22;Secretaria Municipal de Infraestrutura Urbana e Obras;SIURB;NA;NA;NA;NA;NA;PMSP-SIURB/Controle de Cheias Bacia do Aricanduva;PMSP-SIURB/Controle de Cheias Bacia do Aricanduva;1;Receita Corrente;3;2;1;5;0;1;1;A;S;N;N;S;02.1.700.0791;Transferências Federais;N;1000;0,00;0,00;0,00;0,00;0,00;0,00;0,00;0,00;0,00;0,00;0,00;0,00;0,00;16/01/2026
1,32105010103039e+24;46793;2025;1;PREFEITURA DO MUNICÍPIO DE SÃO PAULO;Direta;22;Secretaria Municipal de Infraestrutura Urbana e Obras;SIURB;NA;NA;NA;NA;- DRD alterado pela demanda [D21975];PMSP-SIURB/Canalização do Córrego Paciência;PMSP-SIURB/Canalização do Córrego Paciência;1;Receita Corrente;3;2;1;5;0;1;1;A;S;N;N;S;02.1.700.0815;Transferências Federais;N;81996;0,00;0,00;0,00;0,00;0,00;0,00;0,00;0,00;0,00;0,00;0,00;0,00;0,00;16/01/2026
1,32105010103039e+24;46794;2025;1;PREFEITURA DO MUNICÍPIO DE SÃO PAULO;Direta;22;Secretaria Municipal de Infraestrutura Urbana e Obras;SIURB;NA;NA;NA;NA;- DRD alterado pela demanda [D21975];PMSP-SIURB/Controle de Cheias Bacia dos Pinheiros  Córrego Zavuvus;PMSP-SIURB/Controle de Cheias Bacia dos Pinheiros  Córrego Zavuvus;1;Receita Corrente;3;2;1;5;0;1;1;A;S;N;N;S;02.1.700.0792;Transferências Federais;N;12000;0,00;0,00;0,00;0,00;0,00;0,00;0,00;0,00;0,00;0,00;0,00;0,00;0,00;16/01/2026
1,32105010103039e+24;46795;2025;1;PREFEITURA DO MUNICÍPIO DE SÃO PAULO;Direta;22;Secretaria Municipal de Infraestrutura Urbana e Obras;SIURB;NA;NA;NA;NA;- DRD alterado pela demanda [D21975];PMSP-SIURB/Canalização do Córrego Tremembé;PMSP-SIURB/Canalização do Córrego Tremembé;1;Receita Corrente;3;2;1;5;0;1;1;A;S;N;N;S;02.1.700.0812;Transferências Federais;N;12000;0,00;0,00;0,00;0,00;0,00;0,00;0,00;0,00;0,00;0,00;0,00;0,00;0,00;16/01/2026
1,32105010103039e+24;46796;2025;1;PREFEITURA DO MUNICÍPIO DE SÃO PAULO;Direta;22;Secretaria Municipal de Infraestrutura Urbana e Obras;SIURB;NA;NA;NA;NA;- DRD alterado pela demanda [D21975];PMSP-SIURB/Construção Fábrica do Samba-Segunda Etapa;PMSP-SIURB/Construção Fábrica do Samba-Segunda Etapa;1;Receita Corrente;3;2;1;5;0;1;1;A;S;N;N;S;02.1.700.1292;Transferências Federais;N;1000;0,00;0,00;0,00;0,00;0,00;0,00;0,00;0,00;0,00;0,00;0,00;0,00;0,00;16/01/2026
1,32105010103039e+24;46797;2025;1;PREFEITURA DO MUNICÍPIO DE SÃO PAULO;Direta;22;Secretaria Municipal de Infraestrutura Urbana e Obras;SIURB;NA;NA;NA;NA;- DRD alterado pela demanda [D21975];PMSP-SIURB/CONVÊNIO SICONV Nº  881763/2018;PMSP-SIURB/CONVÊNIO SICONV Nº  881763/2018;1;Receita Corrente;3;2;1;5;0;1;1;A;S;N;N;S;02.1.700.1324;Transferências Federais;N;82008;8,33;8,30;8,18;9,13;9,93;30636,42;11,45;10,56;11,11;12,25;10,32;12,10;30748,08;16/01/2026
1,32105010103042e+24;46798;2025;1;PREFEITURA DO MUNICÍPIO DE SÃO PAULO;Direta;38;Secretaria Municipal de Segurança Urbana;SMSU;NA;NA;NA;NA;- DRD alterado pela demanda [D21975];PMSP-SMSU - Ação OEC2;PMSP-SMSU - Ação OEC2;1;Receita Corrente;3;2;1;5;0;1;1;A;S;N;N;S;02.1.706.1326;Transferências Federais;N;0;41,05;38,10;37,53;41,67;45,35;44,18;52,32;48,14;51,04;53,92;45,04;52,82;551,16;16/01/2026
1,32105010103092e+24;46803;2025;1;PREFEITURA DO MUNICÍPIO DE SÃO PAULO;Direta;21;Procuradoria Geral do Município - PGM;PGM;NA;NA;NA;NA;- DRD alterado pela demanda [D21975];PMSP-PGM/Convênio SICONV nº 904426/2020;PMSP-PGM/Convênio SICONV nº 904426/2020;1;Receita Corrente;3;2;1;5;0;1;1;A;S;N;N;S;02.1.700.1323;Transferências Federais;N;3192;1421,38;1433,94;214,64;0,00;0,00;0,00;0,00;0,00;0,00;0,00;0,00;0,00;3069,96;16/01/2026
1,32105010103096e+24;46804;2025;1;PREFEITURA DO MUNICÍPIO DE SÃO PAULO;Direta;92;Fundo Municipal do Trabalho, Emprego e Renda;FUNTER;NA;NA;NA;NA;- DRD alterado pela demanda [D21975];PMSP-SMDET/FUNTER-Qualificação Social e Profissional;PMSP-SMDET/FUNTER-Qualificação Social e Profissional;1;Receita Corrente;3;2;1;5;0;1;1;A;S;N;N;S;02.1.714.1403;Transferências Federais;N;0;27913,07;25915,33;25517,70;28339,47;30841,89;30043,29;35578,18;32736,27;34711,88;36662,51;30631,57;35915,23;374806,39;16/01/2026
1,32105010104011e+24;46805;2025;1;PREFEITURA DO MUNICÍPIO DE SÃO PAULO;Direta;94;Fundo Especial do Meio Ambiente e Desenvolvimento Sustentável;FEMA;NA;NA;NA;NA;- DRD alterado pela demanda [D21975];PMSP/SVMA/FEMA-CONVÊNIO 22-19 CJ-Parque Zilda Arns;PMSP/SVMA/FEMA-CONVÊNIO 22-19 CJ-Parque Zilda Arns;1;Receita Corrente;3;2;1;5;0;1;1;A;S;N;N;S;03.1.701.1241;Transferências Estaduais;N;12672;0,00;0,00;0,00;0,00;0,00;0,00;0,00;0,00;0,00;0,00;0,00;0,00;0,00;16/01/2026
1,32105010104013e+24;46812;2025;1;PREFEITURA DO MUNICÍPIO DE SÃO PAULO;Direta;93;Fundo Municipal de Assistência Social;FMAS;NA;NA;NA;NA;- DRD alterado pela demanda [D21975];PMSP/SMADS-PROTEÇÃO SOCIAL BÁSICA-FMAS/2019;PMSP/SMADS-PROTEÇÃO SOCIAL BÁSICA-FMAS/2019;1;Receita Corrente;3;2;1;5;0;1;1;A;S;N;N;S;03.1.661.1218;Transferências Estaduais;N;0;0,00;0,00;0,00;2762,68;4645,44;4525,15;5358,82;4930,77;3843,16;1698,66;1419,24;1664,04;30847,96;16/01/2026
1,32105010104035e+24;46816;2025;1;PREFEITURA DO MUNICÍPIO DE SÃO PAULO;Direta;19;Secretaria Municipal de Esportes e Lazer;SEME;NA;NA;NA;NA;- DRD alterado pela demanda [D21975];PMSP-SGM/FÓRMULA 1 GRANDE PRÊMIO DE SÃO PAULO;PMSP-SGM/FÓRMULA 1 GRANDE PRÊMIO DE SÃO PAULO;1;Receita Corrente;3;2;1;5;0;1;1;A;S;N;N;S;03.1.701.1339;Transferências Estaduais;N;0;202428,29;187940,53;185056,83;205520,63;223668,40;217876,89;258016,38;237406,62;251733,99;265880,06;222143,20;260460,69;2718132,51;16/01/2026
1,32105010104038e+24;46822;2025;1;PREFEITURA DO MUNICÍPIO DE SÃO PAULO;Direta;14;Secretaria Municipal de Habitação;SEHAB;NA;NA;NA;NA;- DRD alterado pela demanda [D21975];PMSP-SEHAB/MANANCIAIS X SABESP;PMSP-SEHAB/MANANCIAIS X SABESP;1;Receita Corrente;3;2;1;5;0;1;1;A;S;N;N;S;03.1.701.1369;Transferências Estaduais;N;0;82578,87;76668,72;75492,33;83840,37;60854,52;20254,24;23985,69;22069,75;23401,66;24716,71;20650,84;24212,91;538726,61;16/01/2026
1,32105010104038e+24;46823;2025;1;PREFEITURA DO MUNICÍPIO DE SÃO PAULO;Direta;14;Secretaria Municipal de Habitação;SEHAB;NA;NA;NA;NA;- DRD alterado pela demanda [D21975];PMSP-SEHAB/Convênio CDHU-LIIDIANE;PMSP-SEHAB/Convênio CDHU-LIIDIANE;1;Receita Corrente;3;2;1;5;0;1;1;A;S;N;N;S;03.1.701.0714;Transferências Estaduais;N;0;7972,46;7401,87;7288,30;8094,25;8808,98;8580,89;10161,75;9350,05;9914,32;10471,45;8748,91;10258,02;107051,25;16/01/2026
1,32105010104038e+24;46824;2025;1;PREFEITURA DO MUNICÍPIO DE SÃO PAULO;Direta;14;Secretaria Municipal de Habitação;SEHAB;NA;NA;NA;NA;- DRD alterado pela demanda [D21975];PMSP-SEHAB/Convênio CDHU-HELIÓPOLIS H e ÁREA SABESP 2;PMSP-SEHAB/Convênio CDHU-HELIÓPOLIS H e ÁREA SABESP 2;1;Receita Corrente;3;2;1;5;0;1;1;A;S;N;N;S;03.1.701.0715;Transferências Estaduais;N;0;13829,64;18062,92;10428,42;11581,61;12604,28;12277,92;14539,87;13378,47;14185,85;14983,01;12518,34;14677,62;163067,95;16/01/2026
1,32105010104038e+24;46825;2025;1;PREFEITURA DO MUNICÍPIO DE SÃO PAULO;Direta;14;Secretaria Municipal de Habitação;SEHAB;NA;NA;NA;NA;- DRD alterado pela demanda [D21975];PMSP-SEHAB/Convênio CDHU-PABREU-PRAINHA;PMSP-SEHAB/Convênio CDHU-PABREU-PRAINHA;1;Receita Corrente;3;2;1;5;0;1;1;A;S;N;N;S;03.1.701.0716;Transferências Estaduais;N;0;867,68;805,59;793,22;880,94;958,72;933,91;1105,95;1017,62;1079,02;1139,66;952,19;1116,44;11650,94;16/01/2026
1,32105010104038e+24;46826;2025;1;PREFEITURA DO MUNICÍPIO DE SÃO PAULO;Direta;14;Secretaria Municipal de Habitação;SEHAB;NA;NA;NA;NA;- DRD alterado pela demanda [D21975];PMSP-SEHAB MANANCIAIS/Chácara do Conde-CDHU;PMSP-SEHAB MANANCIAIS/Chácara do Conde-CDHU;1;Receita Corrente;3;2;1;5;0;1;1;A;S;N;N;S;03.1.701.1378;Transferências Estaduais;N;0;41338,19;38379,62;37790,74;41969,68;45675,66;44492,98;52689,92;48481,16;51406,98;54295,78;45364,19;53189,08;555073,98;16/01/2026
1,32105010104039e+24;46828;2025;1;PREFEITURA DO MUNICÍPIO DE SÃO PAULO;Direta;22;Secretaria Municipal de Infraestrutura Urbana e Obras;SIURB;NA;NA;NA;NA;- DRD alterado pela demanda [D21975];PMSP-SIURB/Convênio GESP/STM-Linha 06 do Metrô;PMSP-SIURB/Convênio GESP/STM-Linha 06 do Metrô;1;Receita Corrente;3;2;1;5;0;1;1;A;S;N;N;S;03.1.701.1097;Transferências Estaduais;N;512388;62168,92;57719,49;56833,86;63118,63;68692,08;66913,42;79240,90;72911,31;77311,47;81655,95;68223,67;79991,58;834781,28;16/01/2026
1,32105010104065e+24;46831;2025;1;PREFEITURA DO MUNICÍPIO DE SÃO PAULO;Direta;58;Subprefeitura M'Boi Mirim;SUB-MB;NA;NA;NA;NA;- DRD alterado pela demanda [D21975];PMSP-SUB-MBOI MIR-FEHIDRO;PMSP-SUB-MBOI MIR-FEHIDRO;1;Receita Corrente;3;2;1;5;0;1;1;A;S;N;N;S;03.1.701.0540;Transferências Estaduais;N;1008;0,00;0,00;0,00;0,00;0,00;0,00;0,00;0,00;0,00;0,00;0,00;0,00;0,00;16/01/2026
1,32105010104070e+24;46832;2025;1;PREFEITURA DO MUNICÍPIO DE SÃO PAULO;Direta;51;Subprefeitura Pinheiros;SUB-PI;NA;NA;NA;NA;- DRD alterado pela demanda [D21975];PMSP-SUB-PI/Convênio CEDPES-ESTADO;PMSP-SUB-PI/Convênio CEDPES-ESTADO;1;Receita Corrente;3;2;1;5;0;1;1;A;S;N;N;S;03.1.701.1217;Transferências Estaduais;N;1008;1552,18;1441,10;1418,98;1575,90;1715,05;1670,64;1978,42;1820,40;1930,25;2038,72;1703,36;1997,16;20842,16;16/01/2026
1,32105010106038e+24;46834;2025;1;PREFEITURA DO MUNICÍPIO DE SÃO PAULO;Direta;14;Secretaria Municipal de Habitação;SEHAB;NA;NA;NA;NA;- DRD alterado pela demanda [D21975];PMSP-SEHAB/COHAB/OBRAS;PMSP-SEHAB/COHAB/OBRAS;1;Receita Corrente;3;2;1;5;0;1;1;A;S;N;N;S;05.1.799.1164;Outras Fontes;N;0;355,28;322,05;317,11;352,18;383,28;373,35;442,13;406,82;431,37;455,61;380,66;446,32;4666,16;16/01/2026
1,32105010106038e+24;46835;2025;1;PREFEITURA DO MUNICÍPIO DE SÃO PAULO;Direta;14;Secretaria Municipal de Habitação;SEHAB;NA;NA;NA;NA;- DRD alterado pela demanda [D21975];PMSP-SEHAB/Regularização do Jardim Keralux;PMSP-SEHAB/Regularização do Jardim Keralux;1;Receita Corrente;3;2;1;5;0;1;1;A;S;N;N;S;05.1.799.1284;Outras Fontes;N;0;1258435,02;1168368,97;1150441,87;1277659,15;1390478,21;1354474,22;1604009,21;1475884,58;1564953,43;1652895,33;1380996,49;1619204,75;16897801,23;16/01/2026
1,32105010103034e+24;46837;2025;1;PREFEITURA DO MUNICÍPIO DE SÃO PAULO;Direta;16;Secretaria Municipal de Educação;SME;NA;NA;NA;NA;- DRD alterado pela demanda [D21975];PMSP-SME/FNDE-PAC 2/PRO INFÂNCIA-CONSTRUÇÃO DE CRECHES;PMSP-SME/FNDE-PAC 2/PRO INFÂNCIA-CONSTRUÇÃO DE CRECHES;1;Receita Corrente;3;2;1;5;0;1;1;A;S;S;N;S;02.1.569.0966;Transferências Federais;N;0;330700,50;307032,30;302321,29;335752,35;365399,75;355938,36;421512,93;387843,44;411249,58;434359,58;362908,08;425506,13;4440524,29;16/01/2026
1,32105010103034e+24;46838;2025;1;PREFEITURA DO MUNICÍPIO DE SÃO PAULO;Direta;16;Secretaria Municipal de Educação;SME;NA;NA;NA;NA;- DRD alterado pela demanda [D21975];PMSP-SME/FNDE-BRASIL CARINHOSO;PMSP-SME/FNDE-BRASIL CARINHOSO;1;Receita Corrente;3;2;1;5;0;1;1;A;S;S;N;S;02.1.569.0978;Transferências Federais;N;0;192492,78;178716,09;175973,92;195433,34;212690,37;207183,13;245352,50;225754,30;239378,46;252830,22;211240,03;247676,85;2584721,99;16/01/2026
1,32105010103034e+24;46839;2025;1;PREFEITURA DO MUNICÍPIO DE SÃO PAULO;Direta;16;Secretaria Municipal de Educação;SME;NA;NA;NA;NA;- DRD alterado pela demanda [D21975];PMSP-SME/FNDE-manutenção Ed. Infantil-Novas Turmas;PMSP-SME/FNDE-manutenção Ed. Infantil-Novas Turmas;1;Receita Corrente;3;2;1;5;0;1;1;A;S;S;N;S;02.1.569.1062;Transferências Federais;N;0;44163,37;44553,78;44004,58;49391,64;54099,23;52842,17;62256,91;57361,94;60613,48;63935,37;53352,71;62148,83;648724,01;16/01/2026
1,32105010103034e+24;46841;2025;1;PREFEITURA DO MUNICÍPIO DE SÃO PAULO;Direta;16;Secretaria Municipal de Educação;SME;NA;NA;NA;NA;- DRD alterado pela demanda [D21975];PMSP-SME/FNDE-PAR;PMSP-SME/FNDE-PAR;1;Receita Corrente;3;2;1;5;0;1;1;A;S;S;N;S;02.1.569.1177;Transferências Federais;N;0;17174,50;15945,32;15700,66;17436,86;18976,55;18485,20;21890,72;20142,14;21357,71;22557,89;18847,16;22098,10;230612,81;16/01/2026
1,32105010103034e+24;46842;2025;1;PREFEITURA DO MUNICÍPIO DE SÃO PAULO;Direta;16;Secretaria Municipal de Educação;SME;NA;NA;NA;NA;- DRD alterado pela demanda [D21975];PMSP-SME/FNDE-PAR;PMSP-SME/FNDE-PAR;1;Receita Corrente;3;2;1;5;0;1;1;A;S;S;N;S;02.1.569.1173;Transferências Federais;N;0;58995,61;54773,30;53932,88;59896,84;65185,82;63497,94;75196,18;69189,67;73365,24;77487,97;64741,31;75908,54;792171,30;16/01/2026
1,32105010104034e+24;46844;2025;1;PREFEITURA DO MUNICÍPIO DE SÃO PAULO;Direta;16;Secretaria Municipal de Educação;SME;NA;NA;NA;NA;- DRD alterado pela demanda [D21975];PMSP-SME/Convênio Estado - Constr. Creches;PMSP-SME/Convênio Estado - Constr. Creches;1;Receita Corrente;3;2;1;5;0;1;1;A;S;S;N;S;03.1.571.1197;Transferências Estaduais;N;0;1735,94;1611,71;1586,98;1762,46;1918,10;1868,42;2212,65;2035,91;2158,77;98,48;0,00;0,00;16989,42;16/01/2026
1,32105010103030e+24;46880;2025;1;PREFEITURA DO MUNICÍPIO DE SÃO PAULO;Direta;12;Secretaria Municipal das Subprefeituras;SMSUB;NA;NA;NA;NA;6012.2022/0025811-8 - DRD alterado pela demanda [D21975];Transferências Especiais - PMSP-SMSUB/Reforma na Praça João Pais Malio;Transferências Especiais - PMSP-SMSUB/Reforma na Praça João Pais Malio;1;Receita Corrente;3;2;1;5;0;1;1;A;S;N;N;S;02.1.706.1442;Transferências Federais;N;3504;4010,30;3723,29;3666,15;4071,57;4431,09;4316,35;5111,56;4703,26;4987,10;5267,34;4400,88;5159,98;53848,87;16/01/2026
2,41951010300000e+24;46881;2025;1;PREFEITURA DO MUNICÍPIO DE SÃO PAULO;Direta;12;Secretaria Municipal das Subprefeituras;SMSUB;NA;NA;NA;NA;6012.2022/0025811-8;Transferências Especiais - PMSP-SMSUB/Reforma na Praça João Pais Malio;Transferências Especiais - PMSP-SMSUB/Reforma na Praça João Pais Malio;2;Receita de Capital;4;1;9;51;0;1;3;A;S;N;N;S;02.1.706.1442;Transferências Federais;N;350004;0,00;0,00;0,00;0,00;0,00;0,00;0,00;0,00;0,00;0,00;0,00;0,00;0,00;16/01/2026
6,21800810111021e+24;46882;2025;1;PREFEITURA DO MUNICÍPIO DE SÃO PAULO;Direta;NA;NA;NA;NA;NA;NA;NA;NA;PREVCOM- Fundação de Previdência Complementar do Estado de São Paulo - SP;PREVCOM-Fundação de Previdência Complementar do Estado de São Paulo-SP;6;Receita Extraorçamentária;2;1;8;0;8;1;1;A;N;N;N;S;12.1.869.9001;Recursos Extraorçamentários;N;0;0,00;0,00;0,00;0,00;455028,77;0,00;0,00;0,00;0,00;0,00;0,00;0,00;455028,77;16/01/2026
6,21800820199009e+24;46889;2025;83;COMPANHIA METROPOLITANA DE HABITAÇÃO DE SÃO PAULO;Indireta;83;Companhia Metropolitana de Habitação de São Paulo;COHAB;NA;NA;NA;NA;7610.2022/0004560-6;PIS/COFINS retido através de NRT;PIS/COFINS retido através de NRT;6;Receita Extraorçamentária;2;1;8;0;8;2;1;A;N;N;N;S;12.1.869.9001;Recursos Extraorçamentários;N;0;72034,24;1669,71;0,00;12754,89;112767,68;156791,00;242421,28;200684,98;354732,31;219205,93;243415,35;0,00;1616477,37;16/01/2026
6,21800820199009e+24;46890;2025;83;COMPANHIA METROPOLITANA DE HABITAÇÃO DE SÃO PAULO;Indireta;83;Companhia Metropolitana de Habitação de São Paulo;COHAB;NA;NA;NA;NA;7610.2022/0004560-6;IR retido através de NRT;IR retido através de NRT;6;Receita Extraorçamentária;2;1;8;0;8;2;1;A;N;N;N;S;12.1.869.9001;Recursos Extraorçamentários;N;0;23236,86;211,33;0,00;4114,48;36376,67;70294,16;78200,40;173757,88;114429,78;70711,58;54306,93;0,00;625640,07;16/01/2026
1,32105010103014e+24;46914;2025;1;PREFEITURA DO MUNICÍPIO DE SÃO PAULO;Direta;93;Fundo Municipal de Assistência Social;FMAS;NA;NA;NA;NA;"6024.2022/0009386-6
 - DRD alterado pela demanda [D21975]";PMSP-SMADS/SAO PAULO SIGTV - ESTR3 2022 - 20.482-X;PMSP-SMADS/SAO PAULO SIGTV - ESTR3 2022 - 20.482-X;1;Receita Corrente;3;2;1;5;0;1;1;A;S;N;N;S;02.1.660.1437;Transferências Federais;N;1200;181,85;183,46;64,38;0,00;0,00;0,00;0,00;0,00;0,00;0,00;0,00;67,89;497,58;16/01/2026
1,32105010103015e+24;46915;2025;1;PREFEITURA DO MUNICÍPIO DE SÃO PAULO;Direta;93;Fundo Municipal de Assistência Social;FMAS;NA;NA;NA;NA;"6024.2022/0009384-0
 - DRD alterado pela demanda [D21975]";PMSP-SMADS/SAO PAULO SIGTV - ESTR3 2022 - 20.484-6;PMSP-SMADS/SAO PAULO SIGTV - ESTR3 2022 - 20.484-6;1;Receita Corrente;3;2;1;5;0;1;1;A;S;N;N;S;02.1.660.1439;Transferências Federais;N;1000;49,47;49,91;17,51;0,00;0,00;0,00;0,00;0,00;0,00;0,00;0,00;0,00;116,89;16/01/2026
1,32105010103016e+24;46916;2025;1;PREFEITURA DO MUNICÍPIO DE SÃO PAULO;Direta;93;Fundo Municipal de Assistência Social;FMAS;NA;NA;NA;NA;"6024.2022/0009383-1
 - DRD alterado pela demanda [D21975]";PMSP-SMADS/SAO PAULO SIGTV - ESTR3 2022 - 20.485-4;PMSP-SMADS/SAO PAULO SIGTV - ESTR3 2022 - 20.485-4;1;Receita Corrente;3;2;1;5;0;1;1;A;S;N;N;S;02.1.660.1440;Transferências Federais;N;1000;66,88;67,48;23,68;0,00;0,00;0,00;0,00;0,00;0,00;0,00;0,00;0,00;158,04;16/01/2026
1,32105010103017e+24;46917;2025;1;PREFEITURA DO MUNICÍPIO DE SÃO PAULO;Direta;93;Fundo Municipal de Assistência Social;FMAS;NA;NA;NA;NA;"6024.2022/0009385-8
 - DRD alterado pela demanda [D21975]";PMSP-SMADS/SAO PAULO SIGTV - ESTR3 2022 - 20.483-8;PMSP-SMADS/SAO PAULO SIGTV - ESTR3 2022 - 20.483-8;1;Receita Corrente;3;2;1;5;0;1;1;A;S;N;N;S;02.1.660.1438;Transferências Federais;N;1000;41,19;41,55;14,58;0,00;0,00;0,00;0,00;0,00;0,00;0,00;0,00;0,00;97,32;16/01/2026
1,32105010103013e+24;46924;2025;1;PREFEITURA DO MUNICÍPIO DE SÃO PAULO;Direta;93;Fundo Municipal de Assistência Social;FMAS;NA;NA;NA;NA;Receita incluída pela demanda [D19653] - DRD alterado pela demanda [D21975];PMSP-SAS/PROGRAMA FOME ZERO.;PMSP-SAS/PROGRAMA FOME ZERO.;1;Receita Corrente;3;2;1;5;0;1;1;A;S;N;N;S;02.1.669.0289;Transferências Federais;N;1000;3,36;3,13;3,08;3,41;3,72;3,63;4,29;3,95;4,18;4,42;3,70;4,33;45,20;16/01/2026
1,32105010103024e+24;46933;2025;1;PREFEITURA DO MUNICÍPIO DE SÃO PAULO;Direta;11;Secretaria do Governo Municipal;SGM;NA;NA;NA;NA;Receita incluída pela demanda [D19653] - DRD alterado pela demanda [D21975];PMSP-SGM/Capacitação e Qualificação.;PMSP-SGM/Capacitação e Qualificação.;1;Receita Corrente;3;2;1;5;0;1;1;A;S;N;N;S;02.1.700.0561;Transferências Federais;N;0;2,02;1,87;1,84;2,04;2,23;2,16;2,57;2,36;2,50;2,65;2,21;2,59;27,04;16/01/2026
1,32105010103029e+24;46939;2025;1;PREFEITURA DO MUNICÍPIO DE SÃO PAULO;Direta;24;Secretaria Municipal de Assistência e Desenvolvimento Social;SMADS;NA;NA;NA;NA;Receita incluída pela demanda [D19653] - DRD alterado pela demanda [D21975];PMSP-SMADS/CONVÊNIO SICONV nº 837428/2016;PMSP-SMADS/CONVÊNIO SICONV nº 837428/2016;1;Receita Corrente;3;2;1;5;0;1;1;A;S;N;N;S;02.1.669.1122;Transferências Federais;N;0;5916,60;5915,41;2365,24;0,00;0,00;0,00;0,00;0,00;0,00;0,00;0,00;0,00;14197,25;16/01/2026
1,32105010103030e+24;46945;2025;1;PREFEITURA DO MUNICÍPIO DE SÃO PAULO;Direta;12;Secretaria Municipal das Subprefeituras;SMSUB;NA;NA;NA;NA;Receita incluída pela demanda [D19653] - DRD alterado pela demanda [D21975];PMSP-SMSUB/Implantação grama sintética - Parque Sete Campos - SUB-AD;PMSP-SMSUB/Implantação grama sintética - Parque Sete Campos - SUB-AD;1;Receita Corrente;3;2;1;5;0;1;1;A;S;N;N;S;02.1.706.1362;Transferências Federais;N;0;2943,67;2732,99;2691,06;2988,64;3252,54;3168,33;3752,02;3452,32;3660,67;3866,37;3230,36;3787,57;39526,54;16/01/2026
1,32105010103031e+24;46972;2025;1;PREFEITURA DO MUNICÍPIO DE SÃO PAULO;Direta;25;Secretaria Municipal de Cultura;SMC;NA;NA;NA;NA;Receita incluída pela demanda [D19653] - DRD alterado pela demanda [D21975];PMSP-SMC/Convênio SICONV nº 840781/2016;PMSP-SMC/Convênio SICONV nº 840781/2016;1;Receita Corrente;3;2;1;5;0;1;1;A;S;N;N;S;02.1.700.1135;Transferências Federais;N;0;0,19;0,18;0,18;0,21;0,22;0,22;0,26;0,23;0,25;0,27;0,22;0,25;2,68;16/01/2026
1,32105010103031e+24;46975;2025;1;PREFEITURA DO MUNICÍPIO DE SÃO PAULO;Direta;25;Secretaria Municipal de Cultura;SMC;NA;NA;NA;NA;Receita incluída pela demanda [D19653] - DRD alterado pela demanda [D21975];PMSP-SMC/Patrocínio ao Teatro João Caetano;PMSP-SMC/Patrocínio ao Teatro João Caetano;1;Receita Corrente;3;2;1;5;0;1;1;A;S;N;N;S;02.1.700.1165;Transferências Federais;N;110000;13451,64;12908,88;12650,01;13908,30;15331,73;15112,83;17368,55;16272,06;17205,65;18286,10;15290,37;17640,92;185427,04;16/01/2026
1,32105010103033e+24;46987;2025;1;PREFEITURA DO MUNICÍPIO DE SÃO PAULO;Direta;34;Secretaria Municipal de Direitos Humanos e Cidadania;SMDHC;NA;NA;NA;NA;Receita incluída pela demanda [D19653] - DRD alterado pela demanda [D21975];PMSP-SGM/PROJETO URB-AL/CENTROS DE CIDADANIA DAS MULHERES.;PMSP-SGM/PROJETO URB-AL/CENTROS DE CIDADANIA DAS MULHERES.;1;Receita Corrente;3;2;1;5;0;1;1;A;S;N;N;S;02.1.700.0382;Transferências Federais;N;0;19709,44;18298,84;18018,07;20010,52;21777,48;21213,60;25121,78;23115,10;24510,09;25887,43;21628,98;25359,77;264651,10;16/01/2026
1,32105010103033e+24;46990;2025;1;PREFEITURA DO MUNICÍPIO DE SÃO PAULO;Direta;34;Secretaria Municipal de Direitos Humanos e Cidadania;SMDHC;NA;NA;NA;NA;Receita incluída pela demanda [D19653] - DRD alterado pela demanda [D21975];PMSP-SMDHC-CONVÊNIO SICONV Nº 827292/2016;PMSP-SMDHC-CONVÊNIO SICONV Nº 827292/2016;1;Receita Corrente;3;2;1;5;0;1;1;A;S;N;N;S;02.1.700.1098;Transferências Federais;N;0;25,77;25,76;25,41;28,51;31,07;30,36;35,66;32,84;34,76;36,80;30,66;35,63;373,23;16/01/2026
1,32105010103034e+24;47017;2025;1;PREFEITURA DO MUNICÍPIO DE SÃO PAULO;Direta;16;Secretaria Municipal de Educação;SME;NA;NA;NA;NA;Receita incluída pela demanda [D19653] - DRD alterado pela demanda [D21975];PMSP-SME/FNDE-Manutenção Ed. Infantil-Novas Turmas;PMSP-SME/FNDE-Manutenção Ed. Infantil-Novas Turmas;1;Receita Corrente;3;2;1;5;0;1;1;A;S;S;N;S;02.1.569.0988;Transferências Federais;N;0;7187,48;6673,07;6570,68;7297,28;7941,64;7736,00;9161,21;8429,43;8938,14;9440,42;7887,48;9248,00;96510,83;16/01/2026
1,32105010103036e+24;47035;2025;1;PREFEITURA DO MUNICÍPIO DE SÃO PAULO;Direta;19;Secretaria Municipal de Esportes e Lazer;SEME;NA;NA;NA;NA;Receita incluída pela demanda [D19653] - DRD alterado pela demanda [D21975];PMSP-SEME/COTP - EQUIPE DE GINÁSTICA OLÍMPICA;PMSP-SEME/COTP - EQUIPE DE GINÁSTICA OLÍMPICA;1;Receita Corrente;3;2;1;5;0;1;1;A;S;N;N;S;02.1.700.1354;Transferências Federais;N;0;159,58;148,16;145,89;162,02;176,33;171,76;203,41;187,16;198,45;209,60;175,13;205,33;2142,82;16/01/2026
1,32105010103036e+24;47038;2025;1;PREFEITURA DO MUNICÍPIO DE SÃO PAULO;Direta;19;Secretaria Municipal de Esportes e Lazer;SEME;NA;NA;NA;NA;Receita incluída pela demanda [D19653] - DRD alterado pela demanda [D21975];PMSP-SEME/Emenda Parlamentar 252000006-2021-CDC Antonio Ev da Costa;PMSP-SEME/Emenda Parlamentar 252000006-2021-CDC Antonio Ev da Costa;1;Receita Corrente;3;2;1;5;0;1;1;A;S;N;N;S;02.1.706.1400;Transferências Federais;N;0;572,71;531,71;523,56;148,46;0,00;0,00;0,00;0,00;0,00;0,00;0,00;0,00;1776,44;16/01/2026
1,32105010103036e+24;47041;2025;1;PREFEITURA DO MUNICÍPIO DE SÃO PAULO;Direta;19;Secretaria Municipal de Esportes e Lazer;SEME;NA;NA;NA;NA;Receita incluída pela demanda [D19653] - DRD alterado pela demanda [D21975];PMSP- SEME/Programas Continuados na Secretaria;PMSP- SEME/Programas Continuados na Secretaria;1;Receita Corrente;3;2;1;5;0;1;1;A;S;N;N;S;02.1.706.1399;Transferências Federais;N;0;2037,46;1891,64;1862,61;2068,59;2251,24;2192,95;2596,96;2389,52;2533,73;2676,11;2235,89;2621,56;27358,26;16/01/2026
1,32105010103039e+24;47092;2025;1;PREFEITURA DO MUNICÍPIO DE SÃO PAULO;Direta;22;Secretaria Municipal de Infraestrutura Urbana e Obras;SIURB;NA;NA;NA;NA;Receita incluída pela demanda [D19653] - DRD alterado pela demanda [D21975];PMSP-SIURB/ CORREDOR LESTE ITAQUERA TRECHO 2;PMSP-SIURB/ CORREDOR LESTE ITAQUERA TRECHO 2;1;Receita Corrente;3;2;1;5;0;1;1;A;S;N;N;S;02.1.700.0881;Transferências Federais;N;12000;0,00;0,00;0,00;0,00;0,00;0,00;0,00;0,00;0,00;0,00;0,00;0,00;0,00;16/01/2026
1,32105010103039e+24;47095;2025;1;PREFEITURA DO MUNICÍPIO DE SÃO PAULO;Direta;22;Secretaria Municipal de Infraestrutura Urbana e Obras;SIURB;NA;NA;NA;NA;Receita incluída pela demanda [D19653] - DRD alterado pela demanda [D21975];PMSP-SIURB/Canalização Córr Freitas e Capão Redondo;PMSP-SIURB/Canalização Córr Freitas e Capão Redondo;1;Receita Corrente;3;2;1;5;0;1;1;A;S;N;N;S;02.1.700.1012;Transferências Federais;N;1000;0,00;0,00;0,00;0,00;0,00;0,00;0,00;0,00;0,00;0,00;0,00;0,00;0,00;16/01/2026
1,32105010103039e+24;47098;2025;1;PREFEITURA DO MUNICÍPIO DE SÃO PAULO;Direta;22;Secretaria Municipal de Infraestrutura Urbana e Obras;SIURB;NA;NA;NA;NA;Receita incluída pela demanda [D19653] - DRD alterado pela demanda [D21975];PMSP-SIURB/Corredor de ônibus São Paulo/SP Av. Carlos Caldeira Filho;PMSP-SIURB/Corredor de ônibus São Paulo/SP Av. Carlos Caldeira Filho;1;Receita Corrente;3;2;1;5;0;1;1;A;S;N;N;S;02.1.700.1013;Transferências Federais;N;1000;0,00;0,00;0,00;0,00;0,00;0,00;0,00;0,00;0,00;0,00;0,00;0,00;0,00;16/01/2026
1,32105010103042e+24;47101;2025;1;PREFEITURA DO MUNICÍPIO DE SÃO PAULO;Direta;38;Secretaria Municipal de Segurança Urbana;SMSU;NA;NA;NA;NA;Receita incluída pela demanda [D19653] - DRD alterado pela demanda [D21975];PMSP-SMSU/Convênio SICONV nº 798530/2013;PMSP-SMSU/Convênio SICONV nº 798530/2013;1;Receita Corrente;3;2;1;5;0;1;1;A;S;N;N;S;02.1.700.0896;Transferências Federais;N;0;10162,79;10160,75;10024,10;11247,16;12258,29;11974,37;14068,82;12953,38;13710,95;14515,97;12093,50;14055,47;147225,55;16/01/2026
1,32105010104013e+24;47110;2025;1;PREFEITURA DO MUNICÍPIO DE SÃO PAULO;Direta;93;Fundo Municipal de Assistência Social;FMAS;NA;NA;NA;NA;Receita incluída pela demanda [D19653] - DRD alterado pela demanda [D21975];PMSP-SMADS/PROTEÇÃO SOCIAL ESPECIAL-2010;PMSP-SMADS/PROTEÇÃO SOCIAL ESPECIAL-2010;1;Receita Corrente;3;2;1;5;0;1;1;A;S;N;N;S;03.1.665.0671;Transferências Estaduais;N;12000;1599,09;1484,64;1461,87;1623,52;1766,87;1721,13;2038,21;1875,40;1988,59;2100,33;1754,83;2057,51;21471,99;16/01/2026
1,32105010104029e+24;47113;2025;1;PREFEITURA DO MUNICÍPIO DE SÃO PAULO;Direta;24;Secretaria Municipal de Assistência e Desenvolvimento Social;SMADS;NA;NA;NA;NA;Receita incluída pela demanda [D19653] - DRD alterado pela demanda [D21975];PMSP-SAS-ESTAÇÃO CIDADANIA;PMSP-SAS-ESTAÇÃO CIDADANIA;1;Receita Corrente;3;2;1;5;0;1;1;A;S;N;N;S;03.1.665.0227;Transferências Estaduais;N;0;716,52;665,24;655,03;727,46;791,70;771,20;913,28;840,33;891,04;941,12;786,30;921,93;9621,15;16/01/2026
1,32105010104038e+24;47116;2025;1;PREFEITURA DO MUNICÍPIO DE SÃO PAULO;Direta;14;Secretaria Municipal de Habitação;SEHAB;NA;NA;NA;NA;Receita incluída pela demanda [D19653] - DRD alterado pela demanda [D21975];PMSP-SEHAB/CONVÊNIO CITY JARAGUÁ;PMSP-SEHAB/CONVÊNIO CITY JARAGUÁ;1;Receita Corrente;3;2;1;5;0;1;1;A;S;N;N;S;03.1.701.0467;Transferências Estaduais;N;0;131160,33;121773,20;119904,74;133163,96;144922,53;141170,00;167177,78;153824,00;163107,19;172272,94;143934,29;168761,53;1761172,49;16/01/2026
1,32105010104038e+24;47119;2025;1;PREFEITURA DO MUNICÍPIO DE SÃO PAULO;Direta;14;Secretaria Municipal de Habitação;SEHAB;NA;NA;NA;NA;Receita incluída pela demanda [D19653] - DRD alterado pela demanda [D21975];PMSP-SEHAB/Obra de Urb Favela Jd Olinda;PMSP-SEHAB/Obra de Urb Favela Jd Olinda;1;Receita Corrente;3;2;1;5;0;1;1;A;S;N;N;S;03.1.701.0506;Transferências Estaduais;N;0;272984,83;253447,34;249558,52;277155,01;301628,18;293818,05;347948,19;320154,87;339476,05;358552,77;299571,37;351244,46;3665539,64;16/01/2026
1,32105010104038e+24;47122;2025;1;PREFEITURA DO MUNICÍPIO DE SÃO PAULO;Direta;14;Secretaria Municipal de Habitação;SEHAB;NA;NA;NA;NA;Receita incluída pela demanda [D19653] - DRD alterado pela demanda [D21975];PMSP-SEHAB/Obra de Urb Favela Verg/São Francisco Nùcleo A;PMSP-SEHAB/Obra de Urb Favela Verg/São Francisco Nùcleo A;1;Receita Corrente;3;2;1;5;0;1;1;A;S;N;N;S;03.1.701.0507;Transferências Estaduais;N;0;79743,65;74036,41;72900,41;80961,84;88110,87;85829,40;101641,76;93522,84;99166,90;104739,55;87510,04;102604,66;1070768,33;16/01/2026
1,32105010104038e+24;47125;2025;1;PREFEITURA DO MUNICÍPIO DE SÃO PAULO;Direta;14;Secretaria Municipal de Habitação;SEHAB;NA;NA;NA;NA;Receita incluída pela demanda [D19653] - DRD alterado pela demanda [D21975];PMSP-SEHAB/Obra de Urb Favela Nova Jaguaré;PMSP-SEHAB/Obra de Urb Favela Nova Jaguaré;1;Receita Corrente;3;2;1;5;0;1;1;A;S;N;N;S;03.1.701.0509;Transferências Estaduais;N;0;1193,35;1107,93;1090,93;1211,57;1318,56;1284,41;1521,04;1399,54;1484,01;1567,40;1309,56;1535,45;16023,75;16/01/2026
1,32105010104038e+24;47128;2025;1;PREFEITURA DO MUNICÍPIO DE SÃO PAULO;Direta;14;Secretaria Municipal de Habitação;SEHAB;NA;NA;NA;NA;Receita incluída pela demanda [D19653] - DRD alterado pela demanda [D21975];PMSP-SEHAB/Obra de Urb Favela Nossa Senhora Aparecida;PMSP-SEHAB/Obra de Urb Favela Nossa Senhora Aparecida;1;Receita Corrente;3;2;1;5;0;1;1;A;S;N;N;S;03.1.701.0508;Transferências Estaduais;N;0;14469,81;13434,20;13228,07;14690,85;15988,07;15574,09;18443,30;16970,10;17994,23;19005,41;15879,05;18618,02;194295,20;16/01/2026
1,32105010104038e+24;47134;2025;1;PREFEITURA DO MUNICÍPIO DE SÃO PAULO;Direta;14;Secretaria Municipal de Habitação;SEHAB;NA;NA;NA;NA;Receita incluída pela demanda [D19653] - DRD alterado pela demanda [D21975];PMSP-SEHAB-Favelas Sampaio Correa/Aldeinha-Conv CDHU;PMSP-SEHAB-Favelas Sampaio Correa/Aldeinha-Conv CDHU;1;Receita Corrente;3;2;1;5;0;1;1;A;S;N;N;S;03.1.701.0565;Transferências Estaduais;N;0;518,12;481,04;473,67;526,04;572,49;557,66;660,41;607,65;644,33;680,53;568,59;666,66;6957,19;16/01/2026
1,32105010104038e+24;47137;2025;1;PREFEITURA DO MUNICÍPIO DE SÃO PAULO;Direta;14;Secretaria Municipal de Habitação;SEHAB;NA;NA;NA;NA;Receita incluída pela demanda [D19653] - DRD alterado pela demanda [D21975];PMSP-SEHAB-Favela Ilha Verde-Conv. CDHU;PMSP-SEHAB-Favela Ilha Verde-Conv. CDHU;1;Receita Corrente;3;2;1;5;0;1;1;A;S;N;N;S;03.1.701.0566;Transferências Estaduais;N;0;150,86;140,06;137,92;153,16;166,70;162,37;192,29;176,93;187,61;198,14;165,56;194,11;2025,71;16/01/2026
1,32105010104038e+24;47140;2025;1;PREFEITURA DO MUNICÍPIO DE SÃO PAULO;Direta;14;Secretaria Municipal de Habitação;SEHAB;NA;NA;NA;NA;Receita incluída pela demanda [D19653] - DRD alterado pela demanda [D21975];PMSP-SEHAB/Regularização Urb Brasilândia B-Conv CDHU;PMSP-SEHAB/Regularização Urb Brasilândia B-Conv CDHU;1;Receita Corrente;3;2;1;5;0;1;1;A;S;N;N;S;03.1.701.0589;Transferências Estaduais;N;0;119909,94;111328,01;109619,81;121741,72;132491,67;129061,04;152837,97;140629,62;149116,54;157496,08;131588,21;154285,88;1610106,49;16/01/2026
1,32105010104038e+24;47143;2025;1;PREFEITURA DO MUNICÍPIO DE SÃO PAULO;Direta;14;Secretaria Municipal de Habitação;SEHAB;NA;NA;NA;NA;Receita incluída pela demanda [D19653] - DRD alterado pela demanda [D21975];PMSP-SEHAB/Erradicação da Fav Jdim Edite-Conv CDHU;PMSP-SEHAB/Erradicação da Fav Jdim Edite-Conv CDHU;1;Receita Corrente;3;2;1;5;0;1;1;A;S;N;N;S;03.1.701.0633;Transferências Estaduais;N;0;310,27;288,06;283,65;315,01;342,82;333,95;395,47;363,89;385,84;407,53;340,48;399,22;4166,19;16/01/2026
1,32105010104038e+24;47146;2025;1;PREFEITURA DO MUNICÍPIO DE SÃO PAULO;Direta;14;Secretaria Municipal de Habitação;SEHAB;NA;NA;NA;NA;Receita incluída pela demanda [D19653] - DRD alterado pela demanda [D21975];PMSP-SEHAB/Obra de Urb Favela Heliópolis Gleba A e N;PMSP-SEHAB/Obra de Urb Favela Heliópolis Gleba A e N;1;Receita Corrente;3;2;1;5;0;1;1;A;S;N;N;S;03.1.701.0511;Transferências Estaduais;N;0;680,62;631,92;622,21;691,03;752,04;732,57;867,52;798,24;846,40;893,97;746,92;875,74;9139,18;16/01/2026
1,32105010104038e+24;47149;2025;1;PREFEITURA DO MUNICÍPIO DE SÃO PAULO;Direta;14;Secretaria Municipal de Habitação;SEHAB;NA;NA;NA;NA;Receita incluída pela demanda [D19653] - DRD alterado pela demanda [D21975];PMSP-SEHAB/Obra de Urb Favela Dois de Maio;PMSP-SEHAB/Obra de Urb Favela Dois de Maio;1;Receita Corrente;3;2;1;5;0;1;1;A;S;N;N;S;03.1.701.0505;Transferências Estaduais;N;0;64947,55;60299,28;59374,05;65939,71;71762,28;69904,13;82782,56;76170,09;80766,91;85305,57;71272,93;83566,80;872091,86;16/01/2026
1,32105010104038e+24;47152;2025;1;PREFEITURA DO MUNICÍPIO DE SÃO PAULO;Direta;14;Secretaria Municipal de Habitação;SEHAB;NA;NA;NA;NA;Receita incluída pela demanda [D19653] - DRD alterado pela demanda [D21975];PMSP-SEHAB/AUXILIO MORADIA PROVISÓRIO/Conv. CDHU;PMSP-SEHAB/AUXILIO MORADIA PROVISÓRIO/Conv. CDHU;1;Receita Corrente;3;2;1;5;0;1;1;A;S;N;N;S;03.1.701.0694;Transferências Estaduais;N;0;40664,24;37753,89;37174,62;41285,43;44930,98;43767,58;51830,89;47690,75;50568,87;53410,56;44624,60;52321,91;546024,32;16/01/2026
1,32105010104038e+24;47155;2025;1;PREFEITURA DO MUNICÍPIO DE SÃO PAULO;Direta;14;Secretaria Municipal de Habitação;SEHAB;NA;NA;NA;NA;Receita incluída pela demanda [D19653] - DRD alterado pela demanda [D21975];PMSP-SEHAB/Convênio SEHAB/COHAB/CDHU-MINAS GAS/LIMÃO B;PMSP-SEHAB/Convênio SEHAB/COHAB/CDHU-MINAS GAS/LIMÃO B;1;Receita Corrente;3;2;1;5;0;1;1;A;S;N;N;S;03.1.701.0786;Transferências Estaduais;N;0;1467,13;1362,13;1341,22;1489,55;1621,07;1579,09;1870,01;1720,65;1824,48;514,67;24,48;28,71;14843,19;16/01/2026
1,32105010104038e+24;47158;2025;1;PREFEITURA DO MUNICÍPIO DE SÃO PAULO;Direta;14;Secretaria Municipal de Habitação;SEHAB;NA;NA;NA;NA;Receita incluída pela demanda [D19653] - DRD alterado pela demanda [D21975];PMSP-SEHAB/SABESP-MANACIAIS FASE 3;PMSP-SEHAB/SABESP-MANACIAIS FASE 3;1;Receita Corrente;3;2;1;5;0;1;1;A;S;N;N;S;03.1.701.1058;Transferências Estaduais;N;0;313374,92;290946,72;286482,51;318162,10;307747,01;250326,21;296443,84;272764,58;289225,78;305478,69;255227,91;299252,19;3485432,46;16/01/2026
1,32105010104038e+24;47161;2025;1;PREFEITURA DO MUNICÍPIO DE SÃO PAULO;Direta;14;Secretaria Municipal de Habitação;SEHAB;NA;NA;NA;NA;Receita incluída pela demanda [D19653] - DRD alterado pela demanda [D21975];PMSP-SEHAB/Esgotamento Sanitário/Fav. Paraisópolis-Conv. SABESP;PMSP-SEHAB/Esgotamento Sanitário/Fav. Paraisópolis-Conv. SABESP;1;Receita Corrente;3;2;1;5;0;1;1;A;S;N;N;S;03.1.701.0618;Transferências Estaduais;N;0;213,70;205,08;200,96;220,95;243,57;240,09;275,93;258,50;273,34;290,50;242,91;280,25;2945,78;16/01/2026
1,32105010104038e+24;47164;2025;1;PREFEITURA DO MUNICÍPIO DE SÃO PAULO;Direta;14;Secretaria Municipal de Habitação;SEHAB;NA;NA;NA;NA;Receita incluída pela demanda [D19653] - DRD alterado pela demanda [D21975];PMSP-SEHAB/Abastecimento de Água/Fav. Paraisópolis-Conv. SABESP;PMSP-SEHAB/Abastecimento de Água/Fav. Paraisópolis-Conv. SABESP;1;Receita Corrente;3;2;1;5;0;1;1;A;S;N;N;S;03.1.701.0619;Transferências Estaduais;N;0;1872,46;1796,91;1760,87;1936,03;2134,16;2103,70;2417,69;2265,06;2395,01;2545,41;2128,41;2455,61;25811,32;16/01/2026
1,32105010104038e+24;47167;2025;1;PREFEITURA DO MUNICÍPIO DE SÃO PAULO;Direta;14;Secretaria Municipal de Habitação;SEHAB;NA;NA;NA;NA;Receita incluída pela demanda [D19653] - DRD alterado pela demanda [D21975];PMSP-SEHAB/Saneamento Integrado/Fav. Div Bairros São Paulo-Conv SABESP;PMSP-SEHAB/Saneamento Integrado/Fav. Div Bairros São Paulo-Conv SABESP;1;Receita Corrente;3;2;1;5;0;1;1;A;S;N;N;S;03.1.701.0620;Transferências Estaduais;N;0;2743,51;2632,82;2580,03;2836,65;3126,97;3082,32;3542,39;3318,76;3509,16;3729,52;3118,54;3597,94;37818,61;16/01/2026
1,32105010104039e+24;47170;2025;1;PREFEITURA DO MUNICÍPIO DE SÃO PAULO;Direta;22;Secretaria Municipal de Infraestrutura Urbana e Obras;SIURB;NA;NA;NA;NA;Receita incluída pela demanda [D19653] - DRD alterado pela demanda [D21975];PMSP-SIURB-DAEE-PIRAJUSSARA-RPI-6-SHARP.;PMSP-SIURB-DAEE-PIRAJUSSARA-RPI-6-SHARP.;1;Receita Corrente;3;2;1;5;0;1;1;A;S;N;N;S;03.1.701.0523;Transferências Estaduais;N;91920;6675,19;6197,45;6102,37;6777,16;7375,61;7184,62;8508,25;7828,62;8301,09;8767,55;7325,31;8588,85;89632,07;16/01/2026
1,32105010104039e+24;47173;2025;1;PREFEITURA DO MUNICÍPIO DE SÃO PAULO;Direta;22;Secretaria Municipal de Infraestrutura Urbana e Obras;SIURB;NA;NA;NA;NA;Receita incluída pela demanda [D19653] - DRD alterado pela demanda [D21975];PMSP- SIURB/ Convênio CPTM / Recuperação de Obras  de Arte;PMSP- SIURB/ Convênio CPTM / Recuperação de Obras  de Arte;1;Receita Corrente;3;2;1;5;0;1;1;A;S;N;N;S;03.1.701.1364;Transferências Estaduais;N;1000;0,00;0,00;0,00;0,00;0,00;0,00;0,00;0,00;0,00;0,00;0,00;0,00;0,00;16/01/2026
1,32105010104042e+24;47176;2025;1;PREFEITURA DO MUNICÍPIO DE SÃO PAULO;Direta;38;Secretaria Municipal de Segurança Urbana;SMSU;NA;NA;NA;NA;Receita incluída pela demanda [D19653] - DRD alterado pela demanda [D21975];PMSP-SMSU - Emenda Parlamentar Voluntária 2021.170.21785;PMSP-SMSU - Emenda Parlamentar Voluntária 2021.170.21785;1;Receita Corrente;3;2;1;5;0;1;1;A;S;N;N;S;03.1.701.1363;Transferências Estaduais;N;0;1684,31;1563,76;1539,77;1710,03;1861,04;1812,84;2146,83;1975,34;2094,55;2212,26;1848,34;2167,17;22616,24;16/01/2026
1,32105010106024e+24;47179;2025;1;PREFEITURA DO MUNICÍPIO DE SÃO PAULO;Direta;11;Secretaria do Governo Municipal;SGM;NA;NA;NA;NA;Receita incluída pela demanda [D19653] - DRD alterado pela demanda [D21975];PMSP-SMCIS-Programa @LIS/Aliança para a Sociedade da Informação.;PMSP-SMCIS-Programa @LIS/Aliança para a Sociedade da Informação.;1;Receita Corrente;3;2;1;5;0;1;1;A;S;N;N;S;05.1.703.0320;Outras Fontes;N;0;969,60;878,92;865,43;961,13;1046,00;1018,92;1206,63;0,00;2287,49;1243,41;1038,87;1218,06;12734,46;16/01/2026
1,32105010106031e+24;47182;2025;1;PREFEITURA DO MUNICÍPIO DE SÃO PAULO;Direta;25;Secretaria Municipal de Cultura;SMC;NA;NA;NA;NA;Receita incluída pela demanda [D19653] - DRD alterado pela demanda [D21975];PMSP-SMC/CONSTRUÇÃO DE BIBLIOTECA DE ITAQUERA/SAVOY;PMSP-SMC/CONSTRUÇÃO DE BIBLIOTECA DE ITAQUERA/SAVOY;1;Receita Corrente;3;2;1;5;0;1;1;A;S;N;N;S;05.1.703.0588;Outras Fontes;N;0;678,23;614,03;604,60;671,46;730,76;711,83;842,97;775,63;822,45;868,66;725,77;850,96;8897,35;16/01/2026
1,32105010106033e+24;47191;2025;1;PREFEITURA DO MUNICÍPIO DE SÃO PAULO;Direta;34;Secretaria Municipal de Direitos Humanos e Cidadania;SMDHC;NA;NA;NA;NA;Receita incluída pela demanda [D19653] - DRD alterado pela demanda [D21975];PMSP-SEPP-URB-AL-R10-A12-04;PMSP-SEPP-URB-AL-R10-A12-04;1;Receita Corrente;3;2;1;5;0;1;1;A;S;N;N;S;05.1.703.0477;Outras Fontes;N;0;77,43;70,19;69,11;76,76;83,53;81,37;96,35;88,67;94,01;99,30;82,96;97,27;1016,95;16/01/2026
1,32105010106038e+24;47197;2025;1;PREFEITURA DO MUNICÍPIO DE SÃO PAULO;Direta;14;Secretaria Municipal de Habitação;SEHAB;NA;NA;NA;NA;Receita incluída pela demanda [D19653] - DRD alterado pela demanda [D21975];PMSP-SEHAB- 1º Cong Int Habitação e Des Urbano - CT Patrocíni;PMSP-SEHAB- 1º Cong Int Habitação e Des Urbano - CT Patrocíni;1;Receita Corrente;3;2;1;5;0;1;1;A;S;N;N;S;05.1.703.1448;Outras Fontes;N;0;1303,49;1210,20;1191,64;1323,40;1440,27;1402,97;1661,44;1528,73;1620,98;1712,08;1430,44;1677,18;17502,82;16/01/2026
1,32105010106038e+24;47200;2025;1;PREFEITURA DO MUNICÍPIO DE SÃO PAULO;Direta;14;Secretaria Municipal de Habitação;SEHAB;NA;NA;NA;NA;Receita incluída pela demanda [D19653] - DRD alterado pela demanda [D21975];PMSP-SEHAB/1º Cong Int Habitação e Desenv Urbano/CT Patrocínio CEF;PMSP-SEHAB/1º Cong Int Habitação e Desenv Urbano/CT Patrocínio CEF;1;Receita Corrente;3;2;1;5;0;1;1;A;S;N;N;S;05.1.703.0744;Outras Fontes;N;0;2992,57;2871,82;2814,23;3094,16;3410,83;3362,13;3863,96;3620,03;3827,71;4068,09;3401,63;3924,54;41251,70;16/01/2026
1,32105010106041e+24;47203;2025;1;PREFEITURA DO MUNICÍPIO DE SÃO PAULO;Direta;34;Secretaria Municipal de Direitos Humanos e Cidadania;SMDHC;NA;NA;NA;NA;Receita incluída pela demanda [D19653] - DRD alterado pela demanda [D21975];PMSP-SEPP/Observatório Local de Democracia Participativa.;PMSP-SEPP/Observatório Local de Democracia Participativa.;1;Receita Corrente;3;2;1;5;0;1;1;A;S;N;N;S;05.1.703.0411;Outras Fontes;N;0;2476,31;2244,70;2210,26;2454,68;2671,42;2602,25;3081,66;2835,51;3006,63;3175,59;2653,21;3110,85;32523,07;16/01/2026
1,32105010106041e+24;47206;2025;1;PREFEITURA DO MUNICÍPIO DE SÃO PAULO;Direta;30;Secretaria Municipal de Desenvolvimento Econômico e Trabalho;SMDET;NA;NA;NA;NA;Receita incluída pela demanda [D19653] - DRD alterado pela demanda [D21975];PMSP-SGM/Mapeamento das Atividades-ille de France;PMSP-SGM/Mapeamento das Atividades-ille de France;1;Receita Corrente;3;2;1;5;0;1;1;A;S;N;N;S;05.1.703.0552;Outras Fontes;N;0;1332,17;1207,57;1189,05;1320,53;1437,14;1399,92;1657,83;1525,41;1617,47;1708,36;1427,33;1673,54;17496,32;16/01/2026
1,32105010106041e+24;47209;2025;1;PREFEITURA DO MUNICÍPIO DE SÃO PAULO;Direta;11;Secretaria do Governo Municipal;SGM;NA;NA;NA;NA;Receita incluída pela demanda [D19653] - DRD alterado pela demanda [D21975];PMSP-SMTRAB/SÃO PAULO CONFIA-ILLE DE FRANCE;PMSP-SMTRAB/SÃO PAULO CONFIA-ILLE DE FRANCE;1;Receita Corrente;3;2;1;5;0;1;1;A;S;N;N;S;05.1.703.0550;Outras Fontes;N;0;50,82;46,07;45,37;50,38;54,83;53,41;63,24;58,20;61,71;65,17;54,46;63,85;667,51;16/01/2026
1,32105010106046e+24;47212;2025;1;PREFEITURA DO MUNICÍPIO DE SÃO PAULO;Direta;27;Secretaria Municipal do Verde e do Meio Ambiente;SVMA;NA;NA;NA;NA;Receita incluída pela demanda [D19653] - DRD alterado pela demanda [D21975];PMSP-SVMA/Convênio União Européia-Recup.Ambiental;PMSP-SVMA/Convênio União Européia-Recup.Ambiental;1;Receita Corrente;3;2;1;5;0;1;1;A;S;N;N;S;05.1.703.0674;Outras Fontes;N;15624;1802,79;1634,17;1609,10;1787,03;1944,84;1894,47;2243,50;2064,28;2188,87;2311,87;1931,57;2264,75;23677,24;16/01/2026
1,32105010106046e+24;47215;2025;1;PREFEITURA DO MUNICÍPIO DE SÃO PAULO;Direta;27;Secretaria Municipal do Verde e do Meio Ambiente;SVMA;NA;NA;NA;NA;Receita incluída pela demanda [D19653] - DRD alterado pela demanda [D21975];PMSP - SF/Parque Augusta -Ação Civil Pública 1017163-55.2016.8.26.0053;PMSP - SF/Parque Augusta -Ação Civil Pública 1017163-55.2016.8.26.0053;1;Receita Corrente;3;2;1;5;0;1;1;A;S;N;N;S;05.1.703.1302;Outras Fontes;N;0;15763,18;14635,00;14410,45;16003,97;17417,15;16966,16;20091,84;18486,95;19602,62;20704,19;17298,38;20282,18;211662,07;16/01/2026
2,41499015201004e+24;47278;2025;1;PREFEITURA DO MUNICÍPIO DE SÃO PAULO;Direta;14;Secretaria Municipal de Habitação;SEHAB;NA;NA;NA;NA;Receita incluída pela demanda [D19653];CEF - PMCMV - Recursos FAR - PMSP - COMPLEXO PARAISÓPOLIS - 2ª FASE;CEF - PMCMV - Recursos FAR - PMSP - COMPLEXO PARAISÓPOLIS - 2ª FASE;2;Receita de Capital;4;1;4;99;0;1;52;A;S;N;N;S;02.1.700.0769;Transferências Federais;N;0;0,00;79608,84;0,00;36407,94;0,00;0,00;0,00;0,00;0,00;0,00;0,00;0,00;116016,78;16/01/2026
2,41499015301001e+24;47301;2025;1;PREFEITURA DO MUNICÍPIO DE SÃO PAULO;Direta;38;Secretaria Municipal de Segurança Urbana;SMSU;NA;NA;NA;NA;Receita incluída pela demanda [D19653];Convênio SMSU x União - 894660/2019;Convênio SMSU x União - 894660/2019;2;Receita de Capital;4;1;4;99;0;1;53;A;S;N;N;S;02.1.700.1404;Transferências Federais;N;100000;0,00;0,00;0,00;0,00;0,00;0,00;0,00;0,00;0,00;0,00;0,00;0,00;0,00;16/01/2026
2,42299015001001e+24;47310;2025;1;PREFEITURA DO MUNICÍPIO DE SÃO PAULO;Direta;14;Secretaria Municipal de Habitação;SEHAB;NA;NA;NA;NA;Receita incluída pela demanda [D19653];Convênio CDHU x SEHAB - CHÁCARA DO CONDE;Convênio CDHU x SEHAB - CHÁCARA DO CONDE;2;Receita de Capital;4;2;2;99;0;1;50;A;S;N;N;S;03.1.701.1378;Transferências Estaduais;N;51634716;0,00;0,00;0,00;0,00;0,00;0,00;0,00;0,00;0,00;0,00;0,00;0,00;0,00;16/01/2026
2,42299015001003e+24;47316;2025;1;PREFEITURA DO MUNICÍPIO DE SÃO PAULO;Direta;14;Secretaria Municipal de Habitação;SEHAB;NA;NA;NA;NA;Receita incluída pela demanda [D19653];Convênio CDHU x SEHAB - Heliópolis H e Área Sabesp 2;Convênio CDHU x SEHAB - Heliópolis H e Área Sabesp 2;2;Receita de Capital;4;2;2;99;0;1;50;A;S;N;N;S;03.1.701.0715;Transferências Estaduais;N;12000000;2750020,35;0,00;0,00;0,00;0,00;0,00;0,00;0,00;0,00;0,00;0,00;0,00;2750020,35;16/01/2026
1,32105010106041e+24;47319;2025;1;PREFEITURA DO MUNICÍPIO DE SÃO PAULO;Direta;25;Secretaria Municipal de Cultura;SMC;NA;NA;NA;NA;- DRD alterado pela demanda [D21975];PMSP-SMC/Centro Cultural -Ille de France;PMSP-SMC/Centro Cultural -Ille de France;1;Receita Corrente;3;2;1;5;0;1;1;A;S;N;N;S;05.1.703.0549;Outras Fontes;N;0;1134,18;1028,11;1012,33;1124,28;1223,56;1191,87;1411,45;1298,71;1377,08;1454,47;1215,21;1424,82;14896,07;16/01/2026
1,32105010103013e+24;47336;2025;1;PREFEITURA DO MUNICÍPIO DE SÃO PAULO;Direta;93;Fundo Municipal de Assistência Social;FMAS;NA;NA;NA;NA;"6024.2022/0010058-7
 - DRD alterado pela demanda [D21975]";PMSP-SMADS/SAO PAULO SIGTV - ESTR3 2022 - 20.545-1;PMSP-SMADS/SAO PAULO SIGTV - ESTR3 2022 - 20.545-1;1;Receita Corrente;3;2;1;5;0;1;1;A;S;N;N;N;02.1.660.1449;Transferências Federais;N;1200;99,53;100,40;5,03;0,00;0,00;0,00;0,00;0,00;0,00;0,00;0,00;0,00;204,96;16/01/2026
1,32105010103013e+24;47337;2025;1;PREFEITURA DO MUNICÍPIO DE SÃO PAULO;Direta;93;Fundo Municipal de Assistência Social;FMAS;NA;NA;NA;NA;"6024.2022/0010061-7
 - DRD alterado pela demanda [D21975]";PMSP-SMADS/SAO PAULO SIGTV - ESTR3 2022 - 20.547-8;PMSP-SMADS/SAO PAULO SIGTV - ESTR3 2022 - 20.547-8;1;Receita Corrente;3;2;1;5;0;1;1;A;S;N;N;N;02.1.660.1451;Transferências Federais;N;24000;2625,03;2648,24;2615,59;2935,80;3215,61;3140,89;3700,50;3409,54;3602,81;3800,27;3171,23;3694,08;38559,59;16/01/2026
1,32105010103013e+24;47338;2025;1;PREFEITURA DO MUNICÍPIO DE SÃO PAULO;Direta;93;Fundo Municipal de Assistência Social;FMAS;NA;NA;NA;NA;"6024.2022/0010060-9
 - DRD alterado pela demanda [D21975]";PMSP-SMADS/SAO PAULO SIGTV - ESTR3 2022 - 20.546-X;PMSP-SMADS/SAO PAULO SIGTV - ESTR3 2022 - 20.546-X;1;Receita Corrente;3;2;1;5;0;1;1;A;S;N;N;N;02.1.660.1450;Transferências Federais;N;1200;311,71;290,62;15,69;0,00;0,00;0,00;0,00;0,00;0,00;0,00;0,00;0,00;618,02;16/01/2026
1,32105010104038e+24;47342;2025;1;PREFEITURA DO MUNICÍPIO DE SÃO PAULO;Direta;14;Secretaria Municipal de Habitação;SEHAB;NA;NA;NA;NA;"6014.2022/0001706-5
 - DRD alterado pela demanda [D21975]";"PMSP- SEHAB/Empreendimento SP/Grajaú ""E"" - Major Lúcio/CDHU";"PMSP- SEHAB/Empreendimento SP/Grajaú ""E"" - Major Lúcio/CDHU";1;Receita Corrente;3;2;1;5;0;1;1;A;S;N;N;S;03.1.701.1444;Transferências Estaduais;N;0;224899,32;216132,97;217827,64;248714,80;275853,00;274615,74;330630,70;313342,61;195030,90;120573,52;60876,40;42986,30;2521483,90;16/01/2026
7,34901010100000e+24;47346;2025;1;PREFEITURA DO MUNICÍPIO DE SÃO PAULO;Direta;94;Fundo Especial do Meio Ambiente e Desenvolvimento Sustentável;FEMA;NA;NA;NA;NA;6017.2022/0071134-0;Compensações Ambientais - FEMA;Compensações Ambientais - FEMA;7;Receita Intra Corrente;3;4;9;1;0;1;1;A;S;N;N;S;08.1.759.0081;Tesouro Municipal - Recursos Vinculados;N;0;0,00;0,00;0,00;0,00;845,00;0,00;0,00;0,00;0,00;885,00;0,00;4695,00;6425,00;16/01/2026
7,91101010300000e+24;47349;2025;1;PREFEITURA DO MUNICÍPIO DE SÃO PAULO;Direta;NA;NA;NA;NA;NA;NA;NA;6017.2023/0000269-4;Multas SMSUB - Lei 16.402/2016 - Art. 148;Multas SMSUB - Lei 16.402/2016 - Art. 148;7;Receita Intra Corrente;9;1;1;1;0;1;3;A;S;N;N;S;00.1.501.9001;Tesouro Municipal;N;1000;0,00;0,00;0,00;0,00;0,00;0,00;0,00;0,00;0,00;0,00;0,00;0,00;0,00;16/01/2026
2,42299011600000e+24;47352;2025;1;PREFEITURA DO MUNICÍPIO DE SÃO PAULO;Direta;14;Secretaria Municipal de Habitação;SEHAB;NA;NA;NA;NA;6014.2022/0001706-5;"PMSP- SEHAB/Empreendimento SP/Grajaú ""E"" - Major Lúcio/CDHU";"PMSP- SEHAB/Empreendimento SP/Grajaú ""E"" - Major Lúcio/CDHU";2;Receita de Capital;4;2;2;99;0;1;16;A;S;N;N;S;03.1.701.1444;Transferências Estaduais;N;0;1107741,66;516912,83;575844,08;534840,36;568403,99;567947,58;643280,29;995042,13;1132941,58;1518181,79;1686051,16;9052031,66;18899219,11;16/01/2026
1,32105010106006e+24;47371;2025;16;FUNDAÇÃO PAULISTANA DE EDUCAÇÃO E TECNOLOGIA;Indireta;80;Fundação Paulistana de Educação Tecnologia e Cultura;FPETC;NA;NA;NA;NA;8110.2022/0001765-8;Convênio FPETC x SMDET;Convênio FPETC x SMDET;1;Receita Corrente;3;2;1;5;0;1;1;A;S;N;N;S;05.1.702.8013;Outras Fontes;N;1191180;122412,61;121181,40;119173,47;132918,47;144552,24;124980,80;30280,71;9114,00;9660,03;10238,69;8544,62;9947,09;843004,13;16/01/2026
1,71650011200000e+24;47380;2025;1;PREFEITURA DO MUNICÍPIO DE SÃO PAULO;Direta;93;Fundo Municipal de Assistência Social;FMAS;NA;NA;NA;NA;6017.2023/0000284-8;FMAS - Proteção Social Básica/Cofinanciamento do FNAS - Recurso 1083;FMAS - Proteção Social Básica/Cofinanciamento do FNAS - Recurso 1083;1;Receita Corrente;7;1;6;50;0;1;12;A;S;N;N;S;02.1.660.1083;Transferências Federais;N;117196000;0,00;1063973,75;1063974,85;1008979,15;954759,80;0,00;1837339,07;957987,08;985186,11;984812,64;1002826,33;3193820,20;13053658,98;16/01/2026
1,32105010103013e+24;47387;2025;1;PREFEITURA DO MUNICÍPIO DE SÃO PAULO;Direta;93;Fundo Municipal de Assistência Social;FMAS;NA;NA;NA;NA;"6024.2023/0000379-6
 - DRD alterado pela demanda [D21975]";PMSP-SMADS/FMAS - CCA Jardim Dom José;PMSP-SMADS/FMAS - CCA Jardim Dom José;1;Receita Corrente;3;2;1;5;0;1;1;A;S;N;N;S;02.1.660.1452;Transferências Federais;N;1200;1768,47;1784,10;1762,11;1977,82;2166,33;2116,00;2493,00;2296,98;2427,19;2560,21;2136,44;2488,67;25977,32;16/01/2026
1,32106010200000e+24;47399;2025;1;PREFEITURA DO MUNICÍPIO DE SÃO PAULO;Direta;NA;NA;NA;NA;NA;NA;NA;6017.2023/0002969-0;Juros sobre o Capital Próprio - PMSP;Juros sobre o Capital Próprio - PMSP;1;Receita Corrente;3;2;1;6;0;1;2;A;S;N;N;S;00.1.501.9001;Tesouro Municipal;N;20774000;156,25;0,00;0,00;0,00;0,00;467,55;515297,97;514363,71;12687948,33;0,00;0,00;0,00;13718233,81;16/01/2026
1,92302010400000e+24;47402;2025;1;PREFEITURA DO MUNICÍPIO DE SÃO PAULO;Direta;NA;NA;NA;NA;NA;NA;NA;6022.2022/0003573-3;Ressarcimento de Custos - Condomínio Edifício Comércio e Indústria;Ressarcimento de Custos - Condomínio Edifício Comércio e Indústria;1;Receita Corrente;9;2;3;2;0;1;4;A;S;N;N;S;00.1.501.9001;Tesouro Municipal;N;1008;0,00;0,00;0,00;0,00;0,00;0,00;0,00;0,00;0,00;0,00;0,00;0,00;0,00;16/01/2026
1,32105010103038e+24;47408;2025;1;PREFEITURA DO MUNICÍPIO DE SÃO PAULO;Direta;14;Secretaria Municipal de Habitação;SEHAB;NA;NA;NA;NA;- DRD alterado pela demanda [D21975];PMSP-SEHAB/Projeto PTS Manuel Bueno I e II;PMSP-SEHAB/Projeto PTS Manuel Bueno I e II;1;Receita Corrente;3;2;1;5;0;1;1;A;S;N;N;S;02.1.700.1319;Transferências Federais;N;0;0,00;0,00;0,00;0,00;0,00;0,46;0,88;0,81;0,87;0,92;0,77;0,89;5,60;16/01/2026
1,92202010000000e+24;47417;2025;1;PREFEITURA DO MUNICÍPIO DE SÃO PAULO;Direta;NA;NA;NA;NA;NA;NA;NA;6018.2023/0012286-5;Restituição de Benefícios Não Desembolsados - Programa Mais Médicos;Restituição de Benefícios Não Desembolsados - Programa Mais Médicos;1;Receita Corrente;9;2;2;2;0;0;0;A;S;N;N;S;00.1.501.9001;Tesouro Municipal;N;23899;0,00;0,00;0,00;0,00;0,00;0,00;0,00;0,00;0,00;0,00;0,00;0,00;0,00;16/01/2026
1,32101010104001e+24;47420;2025;1;PREFEITURA DO MUNICÍPIO DE SÃO PAULO;Direta;22;Secretaria Municipal de Infraestrutura Urbana e Obras;SIURB;NA;NA;NA;NA;6022.2021/0001226-0;PMSP-SIURB/CONVÊNIO SICONV Nº 881763/2018;PMSP-SIURB/CONVÊNIO SICONV Nº 881763/2018;1;Receita Corrente;3;2;1;1;0;1;1;A;S;N;N;N;02.1.700.1324;Transferências Federais;N;1000;0,00;0,00;0,00;0,00;0,00;0,00;0,00;0,00;0,00;0,00;0,00;0,00;0,00;16/01/2026
1,32105010104039e+24;47426;2025;1;PREFEITURA DO MUNICÍPIO DE SÃO PAULO;Direta;22;Secretaria Municipal de Infraestrutura Urbana e Obras;SIURB;NA;NA;NA;NA;"6022.2022/0007038-5
 - DRD alterado pela demanda [D21975]";PMSP-SIURB/Convênio Presidente Wilson - 103925/2022;PMSP-SIURB/Convênio Presidente Wilson - 103925/2022;1;Receita Corrente;3;2;1;5;0;1;1;A;S;N;N;N;03.1.701.1456;Transferências Estaduais;N;12000;0,00;0,00;0,00;0,00;0,00;0,00;0,00;0,00;0,00;0,00;0,00;0,00;0,00;16/01/2026
1,71799010125001e+24;47437;2025;1;PREFEITURA DO MUNICÍPIO DE SÃO PAULO;Direta;21;Procuradoria Geral do Município - PGM;PGM;NA;NA;NA;NA;6021.2023/0008389-0;PMSP-PGM/Convênio SICONV nº 904426/2020;PMSP-PGM/Convênio SICONV nº 904426/2020;1;Receita Corrente;7;1;7;99;0;1;1;A;S;N;N;S;02.1.700.1323;Transferências Federais;N;1000;0,00;0,00;0,00;0,00;0,00;0,00;0,00;0,00;0,00;0,00;0,00;0,00;0,00;16/01/2026
1,72951010200000e+24;47448;2025;1;PREFEITURA DO MUNICÍPIO DE SÃO PAULO;Direta;93;Fundo Municipal de Assistência Social;FMAS;NA;NA;NA;NA;6024.2023/0000006-1;PMSP-SMADS-Proteção Social Especial Média Complexidade;PMSP-SMADS-Proteção Social Especial Média Complexidade;1;Receita Corrente;7;2;9;51;0;1;2;A;S;N;N;S;03.1.661.1455;Transferências Estaduais;N;12245124;0,00;0,00;0,00;0,00;0,00;0,00;0,00;0,00;0,00;0,00;0,00;0,00;0,00;16/01/2026
1,72951010300000e+24;47450;2025;1;PREFEITURA DO MUNICÍPIO DE SÃO PAULO;Direta;93;Fundo Municipal de Assistência Social;FMAS;NA;NA;NA;NA;6024.2023/0001378-3;PMSP-SMADS/PROTEÇÃO SOCIAL BÁSICA-FMAS;PMSP-SMADS/PROTEÇÃO SOCIAL BÁSICA-FMAS;1;Receita Corrente;7;2;9;51;0;1;3;A;S;N;N;S;03.1.661.1105;Transferências Estaduais;N;25221672;0,00;0,00;0,00;0,00;0,00;0,00;0,00;0,00;0,00;0,00;0,00;0,00;0,00;16/01/2026
1,72951010400000e+24;47452;2025;1;PREFEITURA DO MUNICÍPIO DE SÃO PAULO;Direta;93;Fundo Municipal de Assistência Social;FMAS;NA;NA;NA;NA;6024.2023/0001380-5;PMSP-SMADS/Proteção Social Especial Alta Complexidade;PMSP-SMADS/Proteção Social Especial Alta Complexidade;1;Receita Corrente;7;2;9;51;0;1;4;A;S;N;N;S;03.1.661.1107;Transferências Estaduais;N;27409056;0,00;0,00;0,00;0,00;0,00;0,00;0,00;0,00;0,00;0,00;0,00;0,00;0,00;16/01/2026
1,61101031800000e+24;47459;2025;1;PREFEITURA DO MUNICÍPIO DE SÃO PAULO;Direta;NA;NA;NA;NA;NA;NA;NA;6017.2023/0010876-0;Termo de Permissão de Uso - TPU - Dívida Ativa;Termo de Permissão de Uso - TPU - Dívida Ativa;1;Receita Corrente;6;1;1;1;0;3;18;A;S;N;N;S;00.1.501.9001;Tesouro Municipal;N;1937388;353628,21;398700,43;410938,81;328079,28;396033,21;486886,52;368792,21;325172,59;345694,44;322208,81;244835,62;240643,59;4221613,72;16/01/2026
1,61101031800000e+24;47460;2025;1;PREFEITURA DO MUNICÍPIO DE SÃO PAULO;Direta;NA;NA;NA;NA;NA;NA;NA;6017.2023/0010876-0;Deduções Termo de Permissão de Uso - TPU  - Dívida Ativa;Deduções Termo de Permissão de Uso - TPU  - Dívida Ativa;1;Receita Corrente;6;1;1;1;0;3;18;A;S;N;N;S;00.1.501.9001;Tesouro Municipal;S;0;0,00;-2122,12;0,00;0,00;-1865,81;-982,27;0,00;0,00;-166,87;0,00;0,00;0,00;-5137,07;16/01/2026
1,61101041800000e+24;47461;2025;1;PREFEITURA DO MUNICÍPIO DE SÃO PAULO;Direta;NA;NA;NA;NA;NA;NA;NA;6017.2023/0010876-0;Termo de Permissão de Uso - TPU - Dívida Ativa - Multas e Juros;Termo de Permissão de Uso - TPU - Dívida Ativa - Multas e Juros;1;Receita Corrente;6;1;1;1;0;4;18;A;S;N;N;S;00.1.501.9001;Tesouro Municipal;N;650700;42910,60;41366,74;49996,63;38057,12;59816,90;62146,11;43460,27;29423,00;40479,52;40855,77;34382,28;32308,15;515203,09;16/01/2026
1,94999020100000e+24;47466;2025;1;PREFEITURA DO MUNICÍPIO DE SÃO PAULO;Direta;NA;NA;NA;NA;NA;NA;NA;NA;Desistência/Excesso de Desapropriações - Tesouro Municipal - Multas e Juros;Desistência/Excesso de Desapropriações - Tesouro Mun. - Multas e Juros;1;Receita Corrente;9;4;9;99;0;2;1;A;S;N;N;S;00.1.501.9001;Tesouro Municipal;N;18133;33053,34;443,63;0,00;0,00;0,00;0,00;0,00;0,00;0,00;0,00;0,00;0,00;33496,97;16/01/2026
1,12101030800000e+24;47473;2025;1;PREFEITURA DO MUNICÍPIO DE SÃO PAULO;Direta;NA;NA;NA;NA;NA;NA;NA;6017.2023/0011322-4;Taxa de Licença p/ Arruamentos e Loteamentos - Dívida Ativa;Taxa de Licença p/ Arruamentos e Loteamentos - Dívida Ativa;1;Receita Corrente;1;2;1;1;0;3;8;A;S;N;N;S;00.1.501.9001;Tesouro Municipal;N;516384;17215,34;17338,81;235160,56;19892,59;40057,03;20027,82;9765,41;8985,02;2414,33;11083,49;2448,48;9843,62;394232,50;16/01/2026
1,12101040800000e+24;47475;2025;1;PREFEITURA DO MUNICÍPIO DE SÃO PAULO;Direta;NA;NA;NA;NA;NA;NA;NA;6017.2023/0011322-4;Taxa de Licença p/ Arruamentos e Loteamentos - Dívida Ativa - Multas e Juros;Taxa Licença Arruamentos e Loteamentos - Dív Ativa - Multas e Juros;1;Receita Corrente;1;2;1;1;0;4;8;A;S;N;N;S;00.1.501.9001;Tesouro Municipal;N;95616;12506,81;2296,50;4325,68;1942,40;2723,05;4223,09;2340,65;616,98;564,59;691,72;579,48;628,31;33439,26;16/01/2026
2,42299011601001e+24;47618;2025;1;PREFEITURA DO MUNICÍPIO DE SÃO PAULO;Direta;25;Secretaria Municipal de Cultura;SMC;NA;NA;NA;NA;6010.2023/0000376-5;PMSP- SMC/Reforma Biblioteca Nuto Sant’Anna;PMSP- SMC/Reforma Biblioteca Nuto Sant’Anna;2;Receita de Capital;4;2;2;99;0;1;16;A;S;N;N;S;03.1.701.1464;Transferências Estaduais;N;1000000;0,00;0,00;0,00;0,00;0,00;0,00;0,00;0,00;0,00;0,00;0,00;0,00;0,00;16/01/2026
1,92399011100000e+24;47621;2025;1;PREFEITURA DO MUNICÍPIO DE SÃO PAULO;Direta;NA;NA;NA;NA;NA;NA;NA;6017.2023/0011325-9;Ressarcimento SPTRANS;Ressarcimento SPTRANS;1;Receita Corrente;9;2;3;99;0;1;11;A;S;N;N;S;00.1.501.9001;Tesouro Municipal;N;1000;0,00;0,00;0,00;0,00;0,00;0,00;0,00;0,00;0,00;0,00;0,00;0,00;0,00;16/01/2026
1,92101020700000e+24;47652;2025;1;PREFEITURA DO MUNICÍPIO DE SÃO PAULO;Direta;NA;NA;NA;NA;NA;NA;NA;6017.2023/0011327-5;Acidentes de trânsito - Multas e Juros;Acidentes de trânsito - Multas e Juros;1;Receita Corrente;9;2;1;1;0;2;7;A;S;N;N;S;00.1.501.9001;Tesouro Municipal;N;1000;0,00;0,00;0,00;0,00;0,00;0,00;2190,98;0,00;0,00;0,00;0,00;0,00;2190,98;16/01/2026
1,92101020800000e+24;47653;2025;1;PREFEITURA DO MUNICÍPIO DE SÃO PAULO;Direta;NA;NA;NA;NA;NA;NA;NA;NA;Ressarcimento de danos - Multas e Juros;Ressarcimento de danos - Multas e Juros;1;Receita Corrente;9;2;1;1;0;2;8;A;S;N;N;S;00.1.501.9001;Tesouro Municipal;N;25807;0,00;0,00;0,00;0,00;0,00;0,00;0,00;659,90;0,00;0,00;0,00;0,00;659,90;16/01/2026
1,92201120100000e+24;47654;2025;1;PREFEITURA DO MUNICÍPIO DE SÃO PAULO;Direta;NA;NA;NA;NA;NA;NA;NA;NA;Restituições de valores não utilizados em convênios - Multas e Juros;Restituições de valores não utilizados em convênios - Multas e Juros;1;Receita Corrente;9;2;2;1;1;2;1;A;S;N;N;S;00.1.501.9001;Tesouro Municipal;N;0;0,00;0,00;0,00;0,00;0,00;0,00;4405,95;0,00;0,00;0,00;0,00;0,00;4405,95;16/01/2026
1,92299022000000e+24;47657;2025;1;PREFEITURA DO MUNICÍPIO DE SÃO PAULO;Direta;NA;NA;NA;NA;NA;NA;NA;NA;Restituição - Agentes Públicos Demitidos, Exonerados, Licenciados ou Falecidos - Multas e Juros;Restituição - Agentes Públicos Demi, Ex, Lic ou Falecidos - Multas e J;1;Receita Corrente;9;2;2;99;0;2;20;A;S;N;N;S;00.1.501.9001;Tesouro Municipal;N;0;0,00;0,00;238,54;-3,00;0,00;0,00;0,00;0,00;373,00;0,00;0,00;0,00;608,54;16/01/2026
1,92299023100000e+24;47659;2025;1;PREFEITURA DO MUNICÍPIO DE SÃO PAULO;Direta;NA;NA;NA;NA;NA;NA;NA;NA;Restituição - Multas de Trânsito - Multas e Juros;Restituição - Multas de Trânsito - Multas e Juros;1;Receita Corrente;9;2;2;99;0;2;31;A;S;N;N;S;00.1.501.9001;Tesouro Municipal;N;1000;0,00;0,00;0,00;0,00;0,00;0,00;0,00;0,00;0,00;1241,17;0,00;0,00;1241,17;16/01/2026
1,92399020600000e+24;47662;2025;1;PREFEITURA DO MUNICÍPIO DE SÃO PAULO;Direta;NA;NA;NA;NA;NA;NA;NA;NA;Outros Ressarcimentos - Ações Judiciais - Multas e Juros;Outros Ressarcimentos - Ações Judiciais - Multas e Juros;1;Receita Corrente;9;2;3;99;0;2;6;A;S;N;N;S;00.1.501.9001;Tesouro Municipal;N;0;0,00;0,00;0,00;0,00;0,00;0,00;0,00;0,00;0,00;0,00;654,97;0,00;654,97;16/01/2026
1,32105010104027e+24;47679;2025;1;PREFEITURA DO MUNICÍPIO DE SÃO PAULO;Direta;84;Fundo Municipal de Saúde;FMS/SMS;NA;NA;NA;NA;6018.2023/0023642-9;SMS/Constução cobertura-UBS V Esperança-Or. Cassio Bittencourt Filho;SMS/Constução cobertura-UBS V Esperança-Or. Cassio Bittencourt Filho;1;Receita Corrente;3;2;1;5;0;1;1;A;S;N;S;S;03.1.632.1470;Transferências Estaduais;N;1200;0,00;0,00;0,00;0,00;0,00;0,00;28,74;610,54;647,38;683,77;571,28;60,21;2601,92;16/01/2026
1,32105010104027e+24;47680;2025;1;PREFEITURA DO MUNICÍPIO DE SÃO PAULO;Direta;84;Fundo Municipal de Saúde;FMS/SMS;NA;NA;NA;NA;6018.2023/0023646-1;PMSP-SMS/ Ampliação da UBS Fazenda da Juta 11;PMSP-SMS/ Ampliação da UBS Fazenda da Juta 11;1;Receita Corrente;3;2;1;5;0;1;1;A;S;N;S;S;03.1.621.1469;Transferências Estaduais;N;1200;0,00;0,00;0,00;0,00;0,00;0,00;0,00;0,00;0,00;0,00;0,00;0,00;0,00;16/01/2026
1,32105010104027e+24;47681;2025;1;PREFEITURA DO MUNICÍPIO DE SÃO PAULO;Direta;84;Fundo Municipal de Saúde;FMS/SMS;NA;NA;NA;NA;6018.2023/0023671-2;PMSP-SMS/ Reforma da rede elétrica-UBS Jardim Jaraguá Kwaray Djekupé;PMSP-SMS/ Reforma da rede elétrica-UBS Jardim Jaraguá Kwaray Djekupé;1;Receita Corrente;3;2;1;5;0;1;1;A;S;N;S;S;03.1.621.1467;Transferências Estaduais;N;1200;0,00;0,00;0,00;0,00;0,00;0,00;0,00;0,00;0,00;0,00;0,00;0,00;0,00;16/01/2026
1,32105010104027e+24;47682;2025;1;PREFEITURA DO MUNICÍPIO DE SÃO PAULO;Direta;84;Fundo Municipal de Saúde;FMS/SMS;NA;NA;NA;NA;6018.2023/0023649-6;PMSP-SMS/Reforma e manutenção da UBS Jardim Santa Fé;PMSP-SMS/Reforma e manutenção da UBS Jardim Santa Fé;1;Receita Corrente;3;2;1;5;0;1;1;A;S;N;S;S;03.1.621.1468;Transferências Estaduais;N;1200;0,00;0,00;0,00;0,00;0,00;0,00;0,00;0,00;0,00;0,00;0,00;0,00;0,00;16/01/2026
1,32105010104027e+24;47684;2025;1;PREFEITURA DO MUNICÍPIO DE SÃO PAULO;Direta;84;Fundo Municipal de Saúde;FMS/SMS;NA;NA;NA;NA;6018.2023/0023644-5;PMSP-SMS/Reforma da UBS Vila Renato-Maria das Graças da Silva;PMSP-SMS/Reforma da UBS Vila Renato-Maria das Graças da Silva;1;Receita Corrente;3;2;1;5;0;1;1;A;S;N;S;S;03.1.632.1471;Transferências Estaduais;N;1200;424,64;0,00;0,00;0,00;0,00;0,00;0,00;0,00;0,00;0,00;0,00;0,00;424,64;16/01/2026
1,32105010104027e+24;47685;2025;1;PREFEITURA DO MUNICÍPIO DE SÃO PAULO;Direta;84;Fundo Municipal de Saúde;FMS/SMS;NA;NA;NA;NA;6018.2023/0023675-5;SMS/Ampliação/Construção sala e cobertura-UBS A Jaraguá Kwaray Djekupé;SMS/Ampliação/Construção sala e cobertura-UBS A Jaraguá Kwaray Djekupé;1;Receita Corrente;3;2;1;5;0;1;1;A;S;N;S;S;03.1.621.1466;Transferências Estaduais;N;1200;0,00;0,00;0,00;0,00;0,00;0,00;0,00;0,00;0,00;0,00;0,00;0,00;0,00;16/01/2026
1,71650011700000e+24;47690;2025;1;PREFEITURA DO MUNICÍPIO DE SÃO PAULO;Direta;93;Fundo Municipal de Assistência Social;FMAS;NA;NA;NA;NA;6024.2023/0003129-3;PMSP-SMADS/PROCAD-SUAS;PMSP-SMADS/PROCAD-SUAS;1;Receita Corrente;7;1;6;50;0;1;17;A;S;N;N;S;02.1.660.1472;Transferências Federais;N;0;0,00;0,00;0,00;0,00;0,00;0,00;2529605,20;0,00;2529605,20;0,00;0,00;0,00;5059210,40;16/01/2026
1,32105010103013e+24;47691;2025;1;PREFEITURA DO MUNICÍPIO DE SÃO PAULO;Direta;93;Fundo Municipal de Assistência Social;FMAS;NA;NA;NA;NA;6024.2023/0003129-3 - DRD alterado pela demanda [D21975];PMSP-SMADS/PROCAD-SUAS;PMSP-SMADS/PROCAD-SUAS;1;Receita Corrente;3;2;1;5;0;1;1;A;S;N;N;N;02.1.660.1472;Transferências Federais;N;60000;15418,28;15554,58;15362,84;17243,57;18887,07;18448,22;35896,22;43075,25;57491,64;36593,37;8360,33;2672,38;285003,75;16/01/2026
1,31102010326000e+24;47694;2025;1;PREFEITURA DO MUNICÍPIO DE SÃO PAULO;Direta;78;Fundo de Abastecimento Alimentar de São Paulo;FAASP;NA;NA;NA;NA;6074.2022/0006191-6;Termo de Permissão de Uso - FAASP;Termo de Permissão de Uso - FAASP;1;Receita Corrente;3;1;1;2;0;1;3;A;S;N;N;S;08.1.759.1416;Tesouro Municipal - Recursos Vinculados;N;14496;1207,95;1207,95;1207,95;1207,95;1207,95;1207,95;1207,95;1207,95;1207,95;1207,95;1207,95;1207,95;14495,40;16/01/2026
1,32105010103013e+24;47700;2025;1;PREFEITURA DO MUNICÍPIO DE SÃO PAULO;Direta;93;Fundo Municipal de Assistência Social;FMAS;NA;NA;NA;NA;6017.2023/0000284-8 - DRD alterado pela demanda [D21975];PMSP-SMADS/FMAS-MAC;PMSP-SMADS/FMAS-MAC;1;Receita Corrente;3;2;1;5;0;1;1;A;S;N;N;N;02.1.660.1184;Transferências Federais;N;240000;37592,18;46792,53;60576,08;37453,78;21567,70;3939,58;1249,56;995,15;1727,50;3026,85;16790,82;32097,51;263809,24;16/01/2026
1,71650011800000e+24;47703;2025;1;PREFEITURA DO MUNICÍPIO DE SÃO PAULO;Direta;93;Fundo Municipal de Assistência Social;FMAS;NA;NA;NA;NA;6017.2023/0000284-8;FMAS - Proteção Social Especial/Cofinanciamento do FNAS - Recurso 1184;FMAS - Proteção Social Especial/Cofinanciamento do FNAS - Recurso 1184;1;Receita Corrente;7;1;6;50;0;1;18;A;S;N;N;S;02.1.660.1184;Transferências Federais;N;227036000;825632,13;1671905,37;1660505,21;1577100,00;1577100,00;0,00;3154103,88;1529277,28;1577100,00;1577100,00;1577100,00;7591002,34;24317926,21;16/01/2026
6,11100113010000e+24;47710;2025;1;PREFEITURA DO MUNICÍPIO DE SÃO PAULO;Direta;NA;NA;NA;NA;NA;NA;NA;6017.2023/0024345-4;Recursos Arrecadados - Pix;Recursos Arrecadados - Pix;6;Receita Extraorçamentária;1;1;1;0;1;1;30;A;N;N;N;S;12.1.869.9001;Recursos Extraorçamentários;N;0;-10554177,53;1655837,85;6269554,50;5576692,29;0,00;-10108923,73;2723831,35;-1836318,35;249635,97;1559952,40;-2423672,15;2456725,26;-4430862,14;16/01/2026
6,21800810401007e+24;47711;2025;1;PREFEITURA DO MUNICÍPIO DE SÃO PAULO;Direta;NA;NA;NA;NA;NA;NA;NA;NA;Créditos A Regularizar - Pix;Créditos A Regularizar - Pix;6;Receita Extraorçamentária;2;1;8;0;8;1;4;A;N;N;N;S;12.1.869.9994;Recursos Extraorçamentários;N;0;6874692,69;-312496,77;-6290665,06;1757027,39;-169105,26;-1182836,39;-491999,83;2503641,39;-2347028,88;1080259,88;490303,50;-192813,75;1718978,91;16/01/2026
1,71650011900000e+24;47715;2025;1;PREFEITURA DO MUNICÍPIO DE SÃO PAULO;Direta;93;Fundo Municipal de Assistência Social;FMAS;NA;NA;NA;NA;6024.2023/0004436-0;PMSP-SMADS/BLOCO GESTÃO IGDBF - FNAS;PMSP-SMADS/BLOCO GESTÃO IGDBF - FNAS;1;Receita Corrente;7;1;6;50;0;1;19;A;S;N;N;S;02.1.660.1080;Transferências Federais;N;24000000;1862452,04;1802900,91;1808686,75;1780237,45;1794508,25;1792189,09;1834488,90;1866249,26;1893308,58;2426893,75;2462044,80;2480070,69;23804030,47;16/01/2026
1,79199011400000e+24;47748;2025;1;PREFEITURA DO MUNICÍPIO DE SÃO PAULO;Direta;78;Fundo de Abastecimento Alimentar de São Paulo;FAASP;NA;NA;NA;NA;6074.2022/0006191-6;Doações de Pessoas Físicas - FAASP;Doações de Pessoas Físicas - FAASP;1;Receita Corrente;7;9;1;99;0;1;14;A;S;N;N;S;08.1.759.1416;Tesouro Municipal - Recursos Vinculados;N;0;0,00;0,00;0,00;0,00;0,00;0,00;50,00;0,02;0,00;0,00;1,00;0,00;51,02;16/01/2026
1,11250030100000e+24;47749;2025;1;PREFEITURA DO MUNICÍPIO DE SÃO PAULO;Direta;NA;NA;NA;NA;NA;NA;NA;6017.2023/0028637-4;TDM - Imposto sobre a Propriedade Predial e Territorial Urbana - Dívida Ativa;TDM - Imposto sobre Propriedade Predial e Territorial Urb - Dív Ativa;1;Receita Corrente;1;1;2;50;0;3;1;A;S;N;N;S;00.1.500.9001;Tesouro Municipal;N;7186512;339239,97;276664,78;432863,68;270393,38;245361,89;266289,62;237589,02;247428,89;233748,04;1252551,57;53174685,31;118393428,20;175370244,30;16/01/2026
1,11451130100000e+24;47750;2025;1;PREFEITURA DO MUNICÍPIO DE SÃO PAULO;Direta;NA;NA;NA;NA;NA;NA;NA;6017.2023/0028637-4;TDM - Imposto sobre Serviços de Qualquer Natureza - Dívida Ativa;TDM - Imposto sobre Serviços de Qualquer Natureza - Dívida Ativa;1;Receita Corrente;1;1;4;51;1;3;1;A;S;N;N;N;00.1.500.9001;Tesouro Municipal;N;43197228;2013511,30;1916911,61;1997919,88;1646262,93;1949002,02;1713330,37;1710467,46;2217364,52;2210966,38;2203645,31;21846130,98;167258735,20;208684248,00;16/01/2026
1,11451140100000e+24;47751;2025;1;PREFEITURA DO MUNICÍPIO DE SÃO PAULO;Direta;NA;NA;NA;NA;NA;NA;NA;6017.2023/0028637-4;TDM - Imposto sobre Serviços de Qualquer Natureza - Dívida Ativa - Multas e Juros;TDM - ISS - Dívida Ativa - Multas e Juros;1;Receita Corrente;1;1;4;51;1;4;1;A;S;N;N;N;00.1.500.9001;Tesouro Municipal;N;3755196;655191,27;617328,23;645809,39;526078,88;682003,26;551275,10;548938,86;908794,58;829991,60;733069,13;2482426,62;21369923,34;30550830,26;16/01/2026
1,11250040100000e+24;47752;2025;1;PREFEITURA DO MUNICÍPIO DE SÃO PAULO;Direta;NA;NA;NA;NA;NA;NA;NA;6017.2023/0028637-4;TDM - Imposto sobre a Propriedade Predial e Territorial Urbana - Dívida Ativa - Multas e Juros ;TDM - IPTU - Dívida Ativa - Multas e Juros ;1;Receita Corrente;1;1;2;50;0;4;1;A;S;N;N;S;00.1.500.9001;Tesouro Municipal;N;810864;41378,34;38674,58;284144,36;33966,70;30688,15;32781,50;24201,47;31975,83;31444,56;76920,38;2496738,65;6890919,27;10013833,79;16/01/2026
1,32105010103030e+24;47757;2025;1;PREFEITURA DO MUNICÍPIO DE SÃO PAULO;Direta;12;Secretaria Municipal das Subprefeituras;SMSUB;NA;NA;NA;NA;6012.2023/0006900-7 - DRD alterado pela demanda [D21975];Transferências Especiais - PMSP-SMSUB/Reforma e Ampliação do Vestiário do Campo Santa Luzia;Transf Esp - PMSP-SMSUB/Reforma e Ampliação do Vestiário Campo S Luzia;1;Receita Corrente;3;2;1;5;0;1;1;A;S;N;N;N;02.1.706.1473;Transferências Federais;N;3204;0,00;0,00;0,00;0,00;0,00;0,00;0,00;0,00;0,00;0,00;0,00;0,00;0,00;16/01/2026
2,41951010400000e+24;47758;2025;1;PREFEITURA DO MUNICÍPIO DE SÃO PAULO;Direta;12;Secretaria Municipal das Subprefeituras;SMSUB;NA;NA;NA;NA;6012.2023/0006900-7;Transferências Especiais - PMSP-SMSUB/Reforma e Ampliação do Vestiário do Campo Santa Luzia;Transf Esp - PMSP-SMSUB/Reforma e Ampliação do Vestiário Campo S Luzia;2;Receita de Capital;4;1;9;51;0;1;4;A;S;N;N;S;02.1.706.1473;Transferências Federais;N;320004;0,00;0,00;0,00;0,00;0,00;0,00;0,00;0,00;0,00;0,00;0,00;0,00;0,00;16/01/2026
1,32105010103030e+24;47763;2025;1;PREFEITURA DO MUNICÍPIO DE SÃO PAULO;Direta;12;Secretaria Municipal das Subprefeituras;SMSUB;NA;NA;NA;NA;6012.2023/0006067-0 - DRD alterado pela demanda [D21975];Transferências Especiais - PMSP-SMSUB/ Revitalização de Área Pública - Praça Marielle Franco;Transf Esp - PMSP-SMSUB/ Revitalização Área Pública- P Marielle Franco;1;Receita Corrente;3;2;1;5;0;1;1;A;S;N;N;N;02.1.706.1474;Transferências Federais;N;5004;0,00;0,00;0,00;0,00;0,00;0,00;0,00;0,00;0,00;0,00;0,00;0,00;0,00;16/01/2026
2,41951010500000e+24;47764;2025;1;PREFEITURA DO MUNICÍPIO DE SÃO PAULO;Direta;12;Secretaria Municipal das Subprefeituras;SMSUB;NA;NA;NA;NA;6012.2023/0006067-0;Transferências Especiais - PMSP-SMSUB/ Revitalização de Área Pública - Praça Marielle Franco;Transf Esp - PMSP-SMSUB/ Revitalização Área Pública- P Marielle Franco;2;Receita de Capital;4;1;9;51;0;1;5;A;S;N;N;S;02.1.706.1474;Transferências Federais;N;500004;0,00;0,00;0,00;0,00;0,00;0,00;0,00;0,00;0,00;0,00;0,00;0,00;0,00;16/01/2026
1,72350010200000e+24;47767;2025;1;PREFEITURA DO MUNICÍPIO DE SÃO PAULO;Direta;84;Fundo Municipal de Saúde;FMS/SMS;NA;NA;NA;NA;6018.2023/0045091-9;PMSP-SMS/FUNDO A FUNDO/SES;PMSP-SMS/FUNDO A FUNDO/SES;1;Receita Corrente;7;2;3;50;0;1;2;A;S;N;S;S;03.1.621.0730;Transferências Estaduais;N;342900000;45742173,66;28585660,22;29978857,50;29718709,37;29859648,56;41727334,49;38937759,51;30185677,37;30112843,87;37684090,40;30248398,77;45361092,93;418142246,70;16/01/2026
2,11256010200000e+24;47781;2025;1;PREFEITURA DO MUNICÍPIO DE SÃO PAULO;Direta;14;Secretaria Municipal de Habitação;SEHAB;NA;NA;NA;NA;6017.2023/0031578-1;Operações de Crédito - Habitação Interesse Social;Operações de Crédito - Habitação Interesse Social;2;Receita de Capital;1;1;2;56;0;1;2;A;S;N;N;N;01.1.754.0000;Operações de Crédito;N;1710000000;0,00;0,00;0,00;0,00;0,00;0,00;0,00;0,00;0,00;0,00;0,00;0,00;0,00;16/01/2026
2,12201010106000e+24;47782;2025;1;PREFEITURA DO MUNICÍPIO DE SÃO PAULO;Direta;17;Secretaria Municipal da Fazenda;SF;NA;NA;NA;NA;6017.2023/0031578-1;Operações de Crédito - BID - Aquisição de Ônibus;Operações de Crédito - BID - Aquisição de Ônibus;2;Receita de Capital;1;2;2;1;0;1;1;A;S;N;N;N;01.1.754.0000;Operações de Crédito;N;1250000000;0,00;0,00;0,00;0,00;0,00;0,00;0,00;0,00;0,00;0,00;0,00;0,00;0,00;16/01/2026
2,12201010107000e+24;47783;2025;1;PREFEITURA DO MUNICÍPIO DE SÃO PAULO;Direta;17;Secretaria Municipal da Fazenda;SF;NA;NA;NA;NA;6017.2023/0031578-1;Operações de Crédito - BIRD - Aquisição de Ônibus;Operações de Crédito - BIRD - Aquisição de Ônibus;2;Receita de Capital;1;2;2;1;0;1;1;A;S;N;N;N;01.1.754.0000;Operações de Crédito;N;1250000000;0,00;0,00;0,00;0,00;0,00;0,00;0,00;0,00;0,00;0,00;0,00;0,00;0,00;16/01/2026
2,12201010108000e+24;47784;2025;1;PREFEITURA DO MUNICÍPIO DE SÃO PAULO;Direta;17;Secretaria Municipal da Fazenda;SF;NA;NA;NA;NA;6017.2023/0031578-1;Operações de Crédito - Mercado Externo;Operações de Crédito - Mercado Externo;2;Receita de Capital;1;2;2;1;0;1;1;A;S;N;N;N;01.1.754.0000;Operações de Crédito;N;212591398;0,00;0,00;0,00;0,00;0,00;0,00;0,00;0,00;0,00;0,00;0,00;0,00;0,00;16/01/2026
2,11252010200000e+24;47787;2025;1;PREFEITURA DO MUNICÍPIO DE SÃO PAULO;Direta;22;Secretaria Municipal de Infraestrutura Urbana e Obras;SIURB;NA;NA;NA;NA;Processo nº 6017.2023/0031737-7 e 6022.2019/0004884-8;PMSP-SIURB/Saneamento-Avançar Perus/Mooca-Contrato nº 0505.972-67/18;PMSP-SIURB/Saneamento-Avançar Perus/Mooca-Contrato nº 0505.972-67/18;2;Receita de Capital;1;1;2;52;0;1;2;A;S;N;N;S;01.1.754.1229;Operações de Crédito;N;98128170;0,00;0,00;0,00;0,00;0,00;0,00;0,00;1049199,64;3287330,76;1214647,36;1522517,70;2754770,34;9828465,80;16/01/2026
1,32105010103013e+24;47790;2025;1;PREFEITURA DO MUNICÍPIO DE SÃO PAULO;Direta;93;Fundo Municipal de Assistência Social;FMAS;NA;NA;NA;NA;6024.2023/0005281-9;PMSP-SMADS/SÃO PAULO-PET;PMSP-SMADS/SÃO PAULO-PET;1;Receita Corrente;3;2;1;5;0;1;1;A;S;N;N;N;02.1.660.1079;Transferências Federais;N;36000;5705,35;5297,02;5215,74;5792,50;6303,99;6140,77;7272,07;6691,20;7095,01;7493,70;6261,01;7340,96;76609,32;16/01/2026
2,42250010800001e+24;47802;2025;1;PREFEITURA DO MUNICÍPIO DE SÃO PAULO;Direta;84;Fundo Municipal de Saúde;FMS/SMS;NA;NA;NA;NA;6018.2023/0047845-7;Transferências Advindas de Emendas Parlamentares - Convênio FMS X ESTADO - PMSP - SMS - CONV. UBS JD ROSINHA_nova fonte;Transferências Advindas de Emendas Parlamentares - Convênio FMS X ESTA;2;Receita de Capital;4;2;2;50;0;1;8;A;S;N;S;S;03.1.632.1372;Transferências Estaduais;N;1200;0,00;0,00;0,00;0,00;0,00;0,00;0,00;0,00;0,00;0,00;0,00;0,00;0,00;16/01/2026
2,42250011000001e+24;47808;2025;1;PREFEITURA DO MUNICÍPIO DE SÃO PAULO;Direta;84;Fundo Municipal de Saúde;FMS/SMS;NA;NA;NA;NA;6018.2023/0047845-7;Transferências Advindas de Emendas Parlamentares - Convênio FMS X ESTADO - PMSP - SMS - CONV. CITY JARAGUA;Transferências Advindas de Emendas Parlamentares - Convênio FMS X ESTA;2;Receita de Capital;4;2;2;50;0;1;10;A;S;N;S;S;03.1.632.1373;Transferências Estaduais;N;1200;0,00;0,00;0,00;120000,00;0,00;0,00;0,00;0,00;-120000,00;0,00;0,00;0,00;0,00;16/01/2026
1,32105010104027e+24;47811;2025;1;PREFEITURA DO MUNICÍPIO DE SÃO PAULO;Direta;84;Fundo Municipal de Saúde;FMS/SMS;NA;NA;NA;NA;6018.2023/0047845-7 - DRD alterado pela demanda [D21975];PMSP-SMS/CONVÊNIO SES/SP 039472- UBS Jardim Guarani-Brasilândia_nova fonte;PMSP-SMS/CONVÊNIO SES/SP 039472- UBS Jardim Guarani-Brasilândia;1;Receita Corrente;3;2;1;5;0;1;1;A;S;N;S;S;03.1.632.1388;Transferências Estaduais;N;6000;0,00;0,00;0,00;0,00;0,00;0,00;0,00;0,00;0,00;0,00;0,00;0,00;0,00;16/01/2026
1,71350111600001e+24;47814;2025;1;PREFEITURA DO MUNICÍPIO DE SÃO PAULO;Direta;84;Fundo Municipal de Saúde;FMS/SMS;NA;NA;NA;NA;6018.2023/0047845-7;Transferências Advindas de Emenda Parlamentar - Incremento PAB/APS_nova fonte;Transferências Advindas de Emenda Parlamentar - Incremento PAB/APS;1;Receita Corrente;7;1;3;50;1;1;16;A;S;N;S;S;02.1.600.1168;Transferências Federais;N;9000000;0,00;0,00;0,00;0,00;0,00;0,00;0,00;0,00;0,00;0,00;0,00;0,00;0,00;16/01/2026
1,71350211100001e+24;47817;2025;1;PREFEITURA DO MUNICÍPIO DE SÃO PAULO;Direta;84;Fundo Municipal de Saúde;FMS/SMS;NA;NA;NA;NA;6018.2023/0047845-7;Transferências Advindas de Emenda Parlamentar -Incremento MAC (Assistência de Média e Alta Complexidade)_ nova fonte;Transferências Advindas de Emenda Parlamentar -Incremento MAC (Assistê;1;Receita Corrente;7;1;3;50;2;1;11;A;S;N;S;S;02.1.600.1168;Transferências Federais;N;80000000;0,00;0,00;0,00;0,00;0,00;0,00;0,00;0,00;0,00;0,00;0,00;0,00;0,00;16/01/2026
1,72450010103001e+24;47823;2025;1;PREFEITURA DO MUNICÍPIO DE SÃO PAULO;Direta;84;Fundo Municipal de Saúde;FMS/SMS;NA;NA;NA;NA;6018.2023/0047845-7;Transferências Advindas de Emendas Parlamentares - Convênio FMS X ESTADO_nova fonte;Transferências Advindas de Emendas Parlamentares - Convênio FMS X ESTA;1;Receita Corrente;7;2;4;50;0;1;1;A;S;N;S;S;03.1.632.0730;Transferências Estaduais;N;610000;0,00;0,00;0,00;0,00;0,00;0,00;0,00;0,00;0,00;0,00;0,00;0,00;0,00;16/01/2026
2,41999010400001e+24;47835;2025;1;PREFEITURA DO MUNICÍPIO DE SÃO PAULO;Direta;84;Fundo Municipal de Saúde;FMS/SMS;NA;NA;NA;NA;6018.2023/0047845-7;Transferências Advindas de Emendas Parlamentares - Fundo a Fundo - FMS_nova fonte;Transferências Advindas de Emendas Parlamentares - Fundo a Fundo - FMS;2;Receita de Capital;4;1;9;99;0;1;4;A;S;N;S;S;02.1.601.1185;Transferências Federais;N;11000000;0,00;0,00;0,00;0,00;0,00;0,00;0,00;0,00;0,00;0,00;0,00;0,00;0,00;16/01/2026
2,42999010200001e+24;47841;2025;1;PREFEITURA DO MUNICÍPIO DE SÃO PAULO;Direta;84;Fundo Municipal de Saúde;FMS/SMS;NA;NA;NA;NA;6018.2023/0047845-7;Transferências Advindas de Emendas Parlamentares - Fundo a Fundo/SES_nova fonte;Transferências Advindas de Emendas Parlamentares - Fundo a Fundo/SES;2;Receita de Capital;4;2;9;99;0;1;2;A;S;N;S;S;03.1.621.0730;Transferências Estaduais;N;5000000;0,00;0,00;0,00;0,00;0,00;0,00;0,00;0,00;0,00;0,00;0,00;0,00;0,00;16/01/2026
1,92399011200000e+24;47847;2025;1;PREFEITURA DO MUNICÍPIO DE SÃO PAULO;Direta;29;Secretaria Municipal de Urbanismo e Licenciamento;SMUL;NA;NA;NA;NA;6068.2023/0005218-5;Outros Ressarcimentos - OUCFL - Outorga;Outros Ressarcimentos - OUCFL - Outorga;1;Receita Corrente;9;2;3;99;0;1;12;A;S;N;N;S;08.1.799.0717;Tesouro Municipal - Recursos Vinculados;N;50874;0,00;0,00;0,00;0,00;0,00;0,00;0,00;0,00;0,00;0,00;0,00;0,00;0,00;16/01/2026
1,32105010103042e+24;47859;2025;1;PREFEITURA DO MUNICÍPIO DE SÃO PAULO;Direta;38;Secretaria Municipal de Segurança Urbana;SMSU;NA;NA;NA;NA;PROCESSO 6029.2022/0004144-8 - DRD alterado pela demanda [D21975];PMSP-SMSU/Ação OEC2-Modernização da Frota dos Órgãos de Segurança Pública;PMSP-SMSU/Ação OEC2-Modernização Frota dos Órgãos Segurança Pública;1;Receita Corrente;3;2;1;5;0;1;1;A;S;N;N;S;02.1.706.1475;Transferências Federais;N;0;1137,29;1055,88;1039,69;1154,65;1256,61;1224,08;1449,59;1333,79;1414,29;1493,77;1248,04;873,90;14681,58;16/01/2026
1,91101010216000e+24;47860;2025;7;AGÊNCIA REG. DE SERV. PÚBLICOS DE SÃO PAULO;Indireta;33;Agência Reg. de Serv. Públicos do Mun de São Paulo;SPREGULA;NA;NA;NA;NA;9310.2023/0000870-7;Multas de Posturas Municipais - SP Regula;Multas de Posturas Municipais - SP Regula;1;Receita Corrente;9;1;1;1;0;1;2;A;S;N;N;S;06.1.501.9001;Recursos Próprios da Administração Indireta;N;966300;15985,84;0,00;167092,51;0,00;260236,48;220590,52;274872,99;0,00;128607,23;274821,82;0,00;411567,58;1753774,97;16/01/2026
1,91101010216000e+24;47861;2025;7;AGÊNCIA REG. DE SERV. PÚBLICOS DE SÃO PAULO;Indireta;33;Agência Reg. de Serv. Públicos do Mun de São Paulo;SPREGULA;NA;NA;NA;NA;9310.2023/0000870-7;Deduções Multas Multas de Posturas Municipais - SP Regula;Deduções Multas Multas de Posturas Municipais - SP Regula;1;Receita Corrente;9;1;1;1;0;1;2;A;S;N;N;S;06.1.501.9001;Recursos Próprios da Administração Indireta;S;0;0,00;0,00;0,00;0,00;0,00;0,00;0,00;0,00;0,00;0,00;0,00;-2939,62;-2939,62;16/01/2026
1,91101020216000e+24;47862;2025;7;AGÊNCIA REG. DE SERV. PÚBLICOS DE SÃO PAULO;Indireta;33;Agência Reg. de Serv. Públicos do Mun de São Paulo;SPREGULA;NA;NA;NA;NA;9310.2023/0000870-7;Multas de Posturas Municipais - SP Regula - Multas e Juros;Multas de Posturas Municipais - SP Regula - Multas e Juros;1;Receita Corrente;9;1;1;1;0;2;2;A;S;N;N;S;06.1.501.9001;Recursos Próprios da Administração Indireta;N;96000;5974,98;0,00;-5800,14;0,00;5284,63;325,65;1603,16;0,00;1542,46;2703,76;0,00;16516,17;28150,67;16/01/2026
1,32105010104013e+24;47866;2025;1;PREFEITURA DO MUNICÍPIO DE SÃO PAULO;Direta;93;Fundo Municipal de Assistência Social;FMAS;NA;NA;NA;NA;6024.2023/0005552-4;PMSP-SMADS/FMAS- Emenda Parlamentar Estadual - 20.923-6;PMSP-SMADS/FMAS- Emenda Parlamentar Estadual - 20.923-6;1;Receita Corrente;3;2;1;5;0;1;1;A;S;N;N;N;03.1.661.1477;Transferências Estaduais;N;12000;0,00;0,00;0,00;0,00;0,00;104,88;0,00;0,00;0,00;0,00;0,00;0,00;104,88;16/01/2026
2,41499015501000e+24;47876;2025;1;PREFEITURA DO MUNICÍPIO DE SÃO PAULO;Direta;22;Secretaria Municipal de Infraestrutura Urbana e Obras;SIURB;NA;NA;NA;NA;6017.2022/0043232-8;PMSP-SIURB/Convênio SICONV Nº  881763/2018;PMSP-SIURB/Convênio SICONV Nº  881763/2018;2;Receita de Capital;4;1;4;99;0;1;55;A;S;N;N;S;02.1.700.1324;Transferências Federais;N;1000;0,00;0,00;0,00;0,00;0,00;0,00;0,00;0,00;0,00;0,00;0,00;0,00;0,00;16/01/2026
2,41499015502000e+24;47877;2025;1;PREFEITURA DO MUNICÍPIO DE SÃO PAULO;Direta;22;Secretaria Municipal de Infraestrutura Urbana e Obras;SIURB;NA;NA;NA;NA;6017.2022/0043232-8;PMSP-SIURB/Convênio SICONV Nº  920098/2021;PMSP-SIURB/Convênio SICONV Nº  920098/2021;2;Receita de Capital;4;1;4;99;0;1;55;A;S;N;N;S;02.1.700.1358;Transferências Federais;N;1000;0,00;0,00;0,00;0,00;0,00;0,00;0,00;0,00;0,00;0,00;0,00;0,00;0,00;16/01/2026
2,41499015503000e+24;47878;2025;1;PREFEITURA DO MUNICÍPIO DE SÃO PAULO;Direta;22;Secretaria Municipal de Infraestrutura Urbana e Obras;SIURB;NA;NA;NA;NA;6017.2022/0043232-8;PMSP-SIURB/Convênio SICONV Nº  920099/2021;PMSP-SIURB/Convênio SICONV Nº  920099/2021;2;Receita de Capital;4;1;4;99;0;1;55;A;S;N;N;S;02.1.700.1368;Transferências Federais;N;1000;0,00;0,00;0,00;0,00;0,00;0,00;0,00;0,00;0,00;0,00;0,00;0,00;0,00;16/01/2026
2,41499015504000e+24;47879;2025;1;PREFEITURA DO MUNICÍPIO DE SÃO PAULO;Direta;22;Secretaria Municipal de Infraestrutura Urbana e Obras;SIURB;NA;NA;NA;NA;6017.2022/0043232-8;PMSP-SIURB/Convênio SICONV Nº  920100/2021;PMSP-SIURB/Convênio SICONV Nº  920100/2021;2;Receita de Capital;4;1;4;99;0;1;55;A;S;N;N;S;02.1.700.1371;Transferências Federais;N;1000;0,00;0,00;0,00;0,00;0,00;0,00;0,00;0,00;0,00;0,00;0,00;0,00;0,00;16/01/2026
1,12201030300000e+24;47884;2025;1;PREFEITURA DO MUNICÍPIO DE SÃO PAULO;Direta;NA;NA;NA;NA;NA;NA;NA;6017.2023/0040762-7;TDM - Taxa de Combate a Sinistros - Dívida Ativa;TDM - Taxa de Combate a Sinistros - Dívida Ativa;1;Receita Corrente;1;2;2;1;0;3;3;A;S;N;N;S;00.1.501.9001;Tesouro Municipal;N;1000;0,00;0,00;0,00;0,00;0,00;0,00;0,00;0,00;0,00;0,00;159,71;1282,53;1442,24;16/01/2026
1,12201040300000e+24;47886;2025;1;PREFEITURA DO MUNICÍPIO DE SÃO PAULO;Direta;NA;NA;NA;NA;NA;NA;NA;6017.2023/0040762-7;TDM - Taxa de Combate a Sinistros - Dívida Ativa - Multas e Juros;TDM - Taxa de Combate a Sinistros - Dívida Ativa - Multas e Juros;1;Receita Corrente;1;2;2;1;0;4;3;A;S;N;N;S;00.1.501.9001;Tesouro Municipal;N;1000;0,00;0,00;0,00;0,00;0,00;0,00;0,00;0,00;0,00;0,00;38,20;401,56;439,76;16/01/2026
1,72499011600000e+24;47894;2025;1;PREFEITURA DO MUNICÍPIO DE SÃO PAULO;Direta;93;Fundo Municipal de Assistência Social;FMAS;NA;NA;NA;NA;6024.2023/0007844-3;Proteção Social Básica/FMAS - 19.447-6;Proteção Social Básica/FMAS - 19.447-6;1;Receita Corrente;7;2;4;99;0;1;16;A;S;N;N;S;03.1.661.1218;Transferências Estaduais;N;600000;407830,80;0,00;0,00;0,00;0,00;0,00;0,00;0,00;0,00;0,00;0,00;0,00;407830,80;16/01/2026
1,99903020200000e+24;47901;2025;9;FUNDO FINANCEIRO - FUNFIN;Indireta;3;Fundo Financeiro - FUNFIN;FUNFIN;NA;NA;NA;NA;6310.2022/0001301-8;Multas e Juros - Compensações Financeiras entre Regimes Próprios de Previdência Social - Estados;Multas e Juros - Compensações Financeiras entre RPPS - Estados;1;Receita Corrente;9;9;9;3;0;2;2;A;S;N;N;S;20.1.801.9001;Recursos Vinculados à Previdência Social;N;1000;0,00;10,56;0,00;0,00;0,00;0,00;0,00;0,00;0,00;0,00;0,00;0,00;10,56;16/01/2026
1,99903020200000e+24;47901;2025;8;FUNDO PREVIDENCIÁRIO - FUNPREV;Indireta;3;Fundo Previdenciário - FUNPREV;FUNPREV;NA;NA;NA;NA;6310.2022/0001301-8;Multas e Juros - Compensações Financeiras entre Regimes Próprios de Previdência Social - Estados;Multas e Juros - Compensações Financeiras entre RPPS - Estados;1;Receita Corrente;9;9;9;3;0;2;2;A;S;N;N;S;20.1.800.9001;Recursos Vinculados à Previdência Social;N;1000;18,56;0,00;0,00;0,00;0,00;0,00;0,00;0,00;0,00;0,00;0,00;0,00;18,56;16/01/2026
1,99903020300000e+24;47902;2025;9;FUNDO FINANCEIRO - FUNFIN;Indireta;3;Fundo Financeiro - FUNFIN;FUNFIN;NA;NA;NA;NA;6310.2022/0001301-8;Multas e Juros - Compensações Financeiras entre Regimes Próprios de Previdência Social - Municípios;Multas e Juros - Compensações Financeiras entre RPPS -  Municipios;1;Receita Corrente;9;9;9;3;0;2;3;A;S;N;N;S;20.1.801.9001;Recursos Vinculados à Previdência Social;N;1000;27,79;0,00;0,34;2,12;0,00;0,00;0,00;0,00;0,00;0,00;0,00;0,00;30,25;16/01/2026
1,99903020300000e+24;47902;2025;8;FUNDO PREVIDENCIÁRIO - FUNPREV;Indireta;3;Fundo Previdenciário - FUNPREV;FUNPREV;NA;NA;NA;NA;6310.2022/0001301-8;Multas e Juros - Compensações Financeiras entre Regimes Próprios de Previdência Social - Municípios;Multas e Juros - Compensações Financeiras entre RPPS -  Municipios;1;Receita Corrente;9;9;9;3;0;2;3;A;S;N;N;S;20.1.800.9001;Recursos Vinculados à Previdência Social;N;1000;0,25;0,00;27,01;0,31;0,00;0,00;2,46;10,30;0,00;0,00;0,00;4,00;44,33;16/01/2026
1,32105010103013e+24;47909;2025;1;PREFEITURA DO MUNICÍPIO DE SÃO PAULO;Direta;93;Fundo Municipal de Assistência Social;FMAS;NA;NA;NA;NA;6024.2023/0007859-1 - DRD alterado pela demanda [D21975];PMSP-SMADS/SAO PAULO SIGTV - ESTR3 - FNAS - 19.766-1;PMSP-SMADS/SAO PAULO SIGTV - ESTR3 - FNAS - 19.766-1;1;Receita Corrente;3;2;1;5;0;1;1;A;S;N;N;S;02.1.660.1327;Transferências Federais;N;120000;10340,93;9664,02;9518,12;10579,94;11520,31;11224,57;13286,78;12251,49;13010,62;13740,16;11478,71;13451,12;140066,77;16/01/2026
1,71650012000000e+24;47911;2025;1;PREFEITURA DO MUNICÍPIO DE SÃO PAULO;Direta;93;Fundo Municipal de Assistência Social;FMAS;NA;NA;NA;NA;6024.2023/0007859-1;PMSP-SMADS/SAO PAULO SIGTV - ESTR3 - FNAS - 19.766-1;PMSP-SMADS/SAO PAULO SIGTV - ESTR3 - FNAS - 19.766-1;1;Receita Corrente;7;1;6;50;0;1;20;A;S;N;N;S;02.1.660.1327;Transferências Federais;N;0;0,00;0,00;0,00;0,00;0,00;0,00;0,00;5205,21;0,00;0,00;0,00;0,00;5205,21;16/01/2026
2,41452010200000e+24;47914;2025;1;PREFEITURA DO MUNICÍPIO DE SÃO PAULO;Direta;22;Secretaria Municipal de Infraestrutura Urbana e Obras;SIURB;NA;NA;NA;NA;6017.2022/0043232-8;SIURB/Convênio 40376578/2013 - Controle de Cheias Bacia do Aricanduva;SIURB/Convênio 40376578/2013 - Controle de Cheias Bacia do Aricanduva;2;Receita de Capital;4;1;4;52;0;1;2;A;S;N;N;S;02.1.700.0791;Transferências Federais;N;70056276;0,00;0,00;0,00;0,00;0,00;0,00;0,00;0,00;0,00;0,00;0,00;0,00;0,00;16/01/2026
1,71350910800000e+24;47919;2025;1;PREFEITURA DO MUNICÍPIO DE SÃO PAULO;Direta;84;Fundo Municipal de Saúde;FMS/SMS;NA;NA;NA;NA;6017.2023/0042665-6;Assistência financeira da União destinada à complementação ao pagamento dos pisos salariais para profissionais da enfermagem;Ass fin União destinada complem. pagto pisos salariais prof enfermagem;1;Receita Corrente;7;1;3;50;9;1;8;A;S;N;S;S;02.1.605.1481;Transferências Federais;N;3900000;0,00;0,00;0,00;0,00;0,00;465635,58;0,00;0,00;0,00;0,00;0,00;448963,27;914598,85;16/01/2026
1,32105010103031e+24;47930;2025;1;PREFEITURA DO MUNICÍPIO DE SÃO PAULO;Direta;25;Secretaria Municipal de Cultura;SMC;NA;NA;NA;NA;6025.2023/0020543-2;SMC/Lei Paulo Gustavo Outras Audiovisual;SMC/Lei Paulo Gustavo Outras Audiovisual;1;Receita Corrente;3;2;1;5;0;1;1;A;S;N;N;N;02.1.715.1479;Transferências Federais;N;0;22215,90;0,00;0,00;0,00;0,00;0,00;0,00;0,00;0,00;0,00;0,00;0,00;22215,90;16/01/2026
1,32105010103031e+24;47932;2025;1;PREFEITURA DO MUNICÍPIO DE SÃO PAULO;Direta;25;Secretaria Municipal de Cultura;SMC;NA;NA;NA;NA;6025.2023/0020543-2;SMC/Lei Paulo Gustavo Outras Linguagens;SMC/Lei Paulo Gustavo Outras Linguagens;1;Receita Corrente;3;2;1;5;0;1;1;A;S;N;N;N;02.1.716.1480;Transferências Federais;N;0;34752,34;0,00;0,00;0,00;0,00;0,00;0,00;0,00;0,00;0,00;0,00;0,00;34752,34;16/01/2026
1,32105010103035e+24;47937;2025;1;PREFEITURA DO MUNICÍPIO DE SÃO PAULO;Direta;19;Secretaria Municipal de Esportes e Lazer;SEME;NA;NA;NA;NA;6019.2023/0002442-7;Transferências Especiais - SEME/Serviços de Adaptações e Ampliações de Equipamentos Esportivos na Cidade de São Paulo;Transf Especiais - SEME/Serv Adapt Ampliações Equip Esportivos Cid SP;1;Receita Corrente;3;2;1;5;0;1;1;A;S;N;N;N;02.1.706.1478;Transferências Federais;N;0;7884,17;3961,85;2006,83;2018,93;2197,20;2140,31;2534,63;2332,16;2472,90;2611,87;2182,23;2558,63;34901,71;16/01/2026
1,32101010104004e+24;48013;2025;1;PREFEITURA DO MUNICÍPIO DE SÃO PAULO;Direta;14;Secretaria Municipal de Habitação;SEHAB;NA;NA;NA;NA;6017.2023/0044941-9;PMSP-SEHAB/EMENDA MANANCIAIS;PMSP-SEHAB/EMENDA MANANCIAIS;1;Receita Corrente;3;2;1;1;0;1;1;A;S;N;N;N;02.1.700.0408;Transferências Federais;N;0;4354,35;4877,83;4208,33;4950,44;4776,97;5021,33;5055,02;5122,49;5127,31;5168,75;5174,19;5173,35;59010,36;16/01/2026
1,32101010104004e+24;48014;2025;1;PREFEITURA DO MUNICÍPIO DE SÃO PAULO;Direta;14;Secretaria Municipal de Habitação;SEHAB;NA;NA;NA;NA;6017.2023/0044941-9;"""PMSP-SEHAB/Lote B-Tiro ao Pombo-Rep.nº 0218609-59/07-Min.Cid
""";"""PMSP-SEHAB/Lote B-Tiro ao Pombo-Rep.nº 0218609-59/07-Min.Cid """;1;Receita Corrente;3;2;1;1;0;1;1;A;S;N;N;N;02.1.700.0590;Transferências Federais;N;0;9978,41;11084,05;9598,31;11312,61;10419,89;11505,54;11532,23;11616,02;11755,87;11770,09;11876,40;11928,42;134377,84;16/01/2026
1,32101010104004e+24;48015;2025;1;PREFEITURA DO MUNICÍPIO DE SÃO PAULO;Direta;14;Secretaria Municipal de Habitação;SEHAB;NA;NA;NA;NA;6017.2023/0044941-9;PMSP-SEHAB/Lote D-Jd. Nazareth- Rep. Nº 0218610-87/07-Min.Cid.;PMSP-SEHAB/Lote D-Jd. Nazareth- Rep. Nº 0218610-87/07-Min.Cid.;1;Receita Corrente;3;2;1;1;0;1;1;A;S;N;N;N;02.1.700.0591;Transferências Federais;N;0;55771,33;63913,12;57793,71;63311,47;63867,72;66412,79;66653,62;67637,99;67783,47;68397,90;68974,63;68417,09;778934,84;16/01/2026
1,32101010104004e+24;48016;2025;1;PREFEITURA DO MUNICÍPIO DE SÃO PAULO;Direta;14;Secretaria Municipal de Habitação;SEHAB;NA;NA;NA;NA;6017.2023/0044941-9;PMSP-SEHAB/Lote A-Boa Esperança e Guarani-Rep.nº 0218613-18/07-Min.Cid;PMSP-SEHAB/Lote A-Boa Esperança e Guarani-Rep.nº 0218613-18/07-Min.Cid;1;Receita Corrente;3;2;1;1;0;1;1;A;S;N;N;N;02.1.700.0594;Transferências Federais;N;0;2267,45;2433,31;2164,25;2556,15;2325,98;2589,45;2600,70;2619,36;2652,36;2662,38;2671,97;2690,75;30234,11;16/01/2026
1,32101010104004e+24;48017;2025;1;PREFEITURA DO MUNICÍPIO DE SÃO PAULO;Direta;14;Secretaria Municipal de Habitação;SEHAB;NA;NA;NA;NA;6017.2023/0044941-9;PMSP - SEHAB/FNHIS-JARDIM CELESTE-Rep. nº 0250.556-95/2008-Min.Cid.;PMSP - SEHAB/FNHIS-JARDIM CELESTE-Rep. nº 0250.556-95/2008-Min.Cid.;1;Receita Corrente;3;2;1;1;0;1;1;A;S;N;N;N;02.1.700.0606;Transferências Federais;N;0;9585,62;10310,99;9317,56;10421,71;10021,23;10829,45;10876,24;10979,63;11084,81;11142,12;11202,72;11228,47;127000,55;16/01/2026
1,32101010104004e+24;48018;2025;1;PREFEITURA DO MUNICÍPIO DE SÃO PAULO;Direta;14;Secretaria Municipal de Habitação;SEHAB;NA;NA;NA;NA;6017.2023/0044941-9;PMSP-SEHAB/Lote B-Jd. Irene, Rosas e Pq Fernanda-Rep.nº 0218612-04;PMSP-SEHAB/Lote B-Jd. Irene, Rosas e Pq Fernanda-Rep.nº 0218612-04;1;Receita Corrente;3;2;1;1;0;1;1;A;S;N;N;N;02.1.700.0593;Transferências Federais;N;0;11307,42;12827,27;11041,68;12968,23;12534,99;13208,21;13227,91;13438,35;13422,88;13577,74;13708,05;13561,05;154823,78;16/01/2026
1,32101010104004e+24;48019;2025;1;PREFEITURA DO MUNICÍPIO DE SÃO PAULO;Direta;14;Secretaria Municipal de Habitação;SEHAB;NA;NA;NA;NA;6017.2023/0044941-9;PMSP-SEHAB/Urb Integ Fav/Heliópolis-Glebas A,N e K-Rep.nº 0218844-05;PMSP-SEHAB/Urb Integ Fav/Heliópolis-Glebas A,N e K-Rep.nº 0218844-05;1;Receita Corrente;3;2;1;1;0;1;1;A;S;N;N;N;02.1.700.0595;Transferências Federais;N;0;190315,37;209379,57;192475,64;202854,21;214418,81;217046,27;218557,66;220882,80;222258,34;223771,68;225100,75;224784,25;2561845,35;16/01/2026
1,32101010104004e+24;48020;2025;1;PREFEITURA DO MUNICÍPIO DE SÃO PAULO;Direta;14;Secretaria Municipal de Habitação;SEHAB;NA;NA;NA;NA;6017.2023/0044941-9;PMSP-SEHAB/Urbanização de Assentamentos Precários/TC nº 0302574-29;PMSP-SEHAB/Urbanização de Assentamentos Precários/TC nº 0302574-29;1;Receita Corrente;3;2;1;1;0;1;1;A;S;N;N;N;02.1.700.0695;Transferências Federais;N;0;26274,93;28635,05;26449,37;29936,14;28160,18;30391,61;30572,37;30818,82;75802,40;75838,51;76530,73;76940,43;536350,54;16/01/2026
1,32101010104004e+24;48021;2025;1;PREFEITURA DO MUNICÍPIO DE SÃO PAULO;Direta;14;Secretaria Municipal de Habitação;SEHAB;NA;NA;NA;NA;6017.2023/0044941-9;PMSP-SEHAB-Urb. de Assentº Precários/Complexo Paraisópolis-2ª Fase PA;PMSP-SEHAB-Urb. de Assentº Precários/Complexo Paraisópolis-2ª Fase PA;1;Receita Corrente;3;2;1;1;0;1;1;A;S;N;N;N;02.1.700.0769;Transferências Federais;N;0;50777,78;53423,55;46550,00;54523,81;52890,93;55695,79;56079,82;56371,77;57017,25;57101,54;57507,30;57857,97;655797,51;16/01/2026
1,32101010104004e+24;48022;2025;1;PREFEITURA DO MUNICÍPIO DE SÃO PAULO;Direta;14;Secretaria Municipal de Habitação;SEHAB;NA;NA;NA;NA;6017.2023/0044941-9;PMSP-SEHAB-Urbanização, Reg e Integ de Assentos Precários-PAC 2-TC0351;PMSP-SEHAB-Urbanização, Reg e Integ de Assentos Precários-PAC 2-TC0351;1;Receita Corrente;3;2;1;1;0;1;1;A;S;N;N;N;02.1.700.0747;Transferências Federais;N;0;69042,68;77148,99;66963,86;78628,67;77278,99;80077,85;79711,53;81401,05;81844,30;82190,45;82880,38;83198,77;940367,52;16/01/2026
1,32101010104004e+24;48023;2025;1;PREFEITURA DO MUNICÍPIO DE SÃO PAULO;Direta;14;Secretaria Municipal de Habitação;SEHAB;NA;NA;NA;NA;6017.2023/0044941-9;PMSP-SEHAB/Obras de Contenção de Encostas - Vila Nova Galvão;PMSP-SEHAB/Obras de Contenção de Encostas - Vila Nova Galvão;1;Receita Corrente;3;2;1;1;0;1;1;A;S;N;N;N;02.1.700.1322;Transferências Federais;N;0;73154,54;82443,50;71022,53;77094,41;70817,37;68491,42;68401,26;63395,30;64013,29;52868,09;53677,19;53743,55;799122,45;16/01/2026
1,32101010104004e+24;48024;2025;1;PREFEITURA DO MUNICÍPIO DE SÃO PAULO;Direta;14;Secretaria Municipal de Habitação;SEHAB;NA;NA;NA;NA;6017.2023/0044941-9;PMSP-SEHAB/Lote C-Cidade Azul - Rep.nº 0218611-91/07-Min.Cid;PMSP-SEHAB/Lote C-Cidade Azul - Rep.nº 0218611-91/07-Min.Cid;1;Receita Corrente;3;2;1;1;0;1;1;A;S;N;N;N;02.1.700.0592;Transferências Federais;N;0;26608,69;27744,65;24610,35;29068,61;27430,18;29388,62;29562,46;29828,77;30100,04;30259,16;30374,41;30596,89;345572,83;16/01/2026
1,32101010104004e+24;48025;2025;1;PREFEITURA DO MUNICÍPIO DE SÃO PAULO;Direta;14;Secretaria Municipal de Habitação;SEHAB;NA;NA;NA;NA;6017.2023/0044941-9;PMSP-SEHAB-Urb. de Assentº Precários/Jardim São Francisco-2ª Fase PAC;PMSP-SEHAB-Urb. de Assentº Precários/Jardim São Francisco-2ª Fase PAC;1;Receita Corrente;3;2;1;1;0;1;1;A;S;N;N;N;02.1.700.0770;Transferências Federais;N;0;14855,53;15627,35;13780,74;16218,67;15954,20;16437,25;16579,79;16693,85;16858,29;16935,39;16983,40;17147,47;194071,93;16/01/2026
1,32101010104004e+24;48030;2025;1;PREFEITURA DO MUNICÍPIO DE SÃO PAULO;Direta;22;Secretaria Municipal de Infraestrutura Urbana e Obras;SIURB;NA;NA;NA;NA;6017.2023/0044941-9;PMSP-SIURB/CONVÊNIO SICONV Nº  881763/2018;PMSP-SIURB/CONVÊNIO SICONV Nº  881763/2018;1;Receita Corrente;3;2;1;1;0;1;1;A;S;N;N;N;02.1.700.1324;Transferências Federais;N;1000;29425,31;28242,47;27142,88;30181,82;30208,11;0,00;31071,29;31131,34;3001,51;31453,85;60089,93;32066,35;334014,86;16/01/2026
1,32101010104004e+24;48031;2025;1;PREFEITURA DO MUNICÍPIO DE SÃO PAULO;Direta;22;Secretaria Municipal de Infraestrutura Urbana e Obras;SIURB;NA;NA;NA;NA;6017.2023/0044941-9;PMSP-SIURB/ EXEC. TERMINAL ITAQUERA;PMSP-SIURB/ EXEC. TERMINAL ITAQUERA;1;Receita Corrente;3;2;1;1;0;1;1;A;S;N;N;N;02.1.700.0893;Transferências Federais;N;1000;444239,40;503429,87;467419,38;475202,78;509409,66;518439,59;490404,44;497217,98;421763,14;387944,14;335627,88;332108,19;5383206,45;16/01/2026
1,32101010104004e+24;48032;2025;1;PREFEITURA DO MUNICÍPIO DE SÃO PAULO;Direta;22;Secretaria Municipal de Infraestrutura Urbana e Obras;SIURB;NA;NA;NA;NA;6017.2023/0044941-9;PMSP-SIURB/Canalização do Córrego Ipiranga;PMSP-SIURB/Canalização do Córrego Ipiranga;1;Receita Corrente;3;2;1;1;0;1;1;A;S;N;N;N;02.1.700.0813;Transferências Federais;N;1000;0,00;0,00;0,00;0,00;0,00;0,00;0,00;0,00;0,00;0,00;0,00;0,00;0,00;16/01/2026
1,32101010104004e+24;48033;2025;1;PREFEITURA DO MUNICÍPIO DE SÃO PAULO;Direta;22;Secretaria Municipal de Infraestrutura Urbana e Obras;SIURB;NA;NA;NA;NA;6017.2023/0044941-9;PMSP-SIURB/ CORREDOR LESTE ITAQUERA TRECHO 2;PMSP-SIURB/ CORREDOR LESTE ITAQUERA TRECHO 2;1;Receita Corrente;3;2;1;1;0;1;1;A;S;N;N;N;02.1.700.0881;Transferências Federais;N;1000;81952,98;0,00;0,00;0,00;0,00;0,00;0,00;0,00;0,00;0,00;0,00;0,00;81952,98;16/01/2026
1,32101010104004e+24;48034;2025;1;PREFEITURA DO MUNICÍPIO DE SÃO PAULO;Direta;22;Secretaria Municipal de Infraestrutura Urbana e Obras;SIURB;NA;NA;NA;NA;6017.2023/0044941-9;PMSP-SIURB/ CORREDOR ARICANDUVA;PMSP-SIURB/ CORREDOR ARICANDUVA;1;Receita Corrente;3;2;1;1;0;1;1;A;S;N;N;N;02.1.700.0887;Transferências Federais;N;12000;0,00;0,00;0,00;0,00;0,00;0,00;0,00;0,00;0,00;0,00;0,00;0,00;0,00;16/01/2026
1,32101010104004e+24;48035;2025;1;PREFEITURA DO MUNICÍPIO DE SÃO PAULO;Direta;22;Secretaria Municipal de Infraestrutura Urbana e Obras;SIURB;NA;NA;NA;NA;6017.2023/0044941-9;PMSP-SIURB/Controle de Cheias Bacia dos Pinheiros Córrego Zavuvus;PMSP-SIURB/Controle de Cheias Bacia dos Pinheiros Córrego Zavuvus;1;Receita Corrente;3;2;1;1;0;1;1;A;S;N;N;N;02.1.700.0792;Transferências Federais;N;12000;0,00;0,00;0,00;0,00;0,00;0,00;0,00;0,00;0,00;0,00;0,00;0,00;0,00;16/01/2026
1,32101010104004e+24;48036;2025;1;PREFEITURA DO MUNICÍPIO DE SÃO PAULO;Direta;14;Secretaria Municipal de Habitação;SEHAB;NA;NA;NA;NA;6017.2023/0044941-9;PMSP-SEHAB/Prog Recup Amb  Mananciais, Urb Fav-Guarapiranga e Billings;PMSP-SEHAB/Prog Recup Amb  Mananciais, Urb Fav-Guarapiranga e Billings;1;Receita Corrente;3;2;1;1;0;1;1;A;S;N;N;N;03.1.701.0603;Transferências Estaduais;N;0;2353,57;2414,96;2129,24;2502,43;2520,37;2472,53;2565,01;2583,08;2600,91;2616,91;2620,04;2653,44;30032,49;16/01/2026
1,32101010104004e+24;48037;2025;1;PREFEITURA DO MUNICÍPIO DE SÃO PAULO;Direta;22;Secretaria Municipal de Infraestrutura Urbana e Obras;SIURB;NA;NA;NA;NA;6017.2023/0044941-9;PMSP-SIURB/ CORREDOR LESTE ITAQUERA TRECHO 1;PMSP-SIURB/ CORREDOR LESTE ITAQUERA TRECHO 1;1;Receita Corrente;3;2;1;1;0;1;1;A;S;N;N;N;02.1.700.0885;Transferências Federais;N;12000;0,00;0,00;0,00;0,00;0,00;0,00;0,00;0,00;0,00;0,00;0,00;0,00;0,00;16/01/2026
1,32101010104004e+24;48038;2025;1;PREFEITURA DO MUNICÍPIO DE SÃO PAULO;Direta;22;Secretaria Municipal de Infraestrutura Urbana e Obras;SIURB;NA;NA;NA;NA;6017.2023/0044941-9;PMSP-SIURB/Controle de Cheias Bacia do Aricanduva;PMSP-SIURB/Controle de Cheias Bacia do Aricanduva;1;Receita Corrente;3;2;1;1;0;1;1;A;S;N;N;N;02.1.700.0791;Transferências Federais;N;1000;354408,91;526629,76;416278,92;474473,70;459275,69;487346,92;485495,14;494879,04;497629,57;499743,95;504629,11;505270,03;5706060,74;16/01/2026
1,32101010104004e+24;48039;2025;1;PREFEITURA DO MUNICÍPIO DE SÃO PAULO;Direta;22;Secretaria Municipal de Infraestrutura Urbana e Obras;SIURB;NA;NA;NA;NA;6017.2023/0044941-9;PMSP-SIURB/ Programa de Redução de Alagamentos;PMSP-SIURB/ Programa de Redução de Alagamentos;1;Receita Corrente;3;2;1;1;0;1;1;A;S;N;N;N;02.1.700.0810;Transferências Federais;N;1000;78875,53;92512,18;79711,43;93924,87;84422,27;95631,68;95253,55;96695,04;97620,13;97815,48;98466,69;98686,22;1109615,07;16/01/2026
1,32101010104004e+24;48040;2025;1;PREFEITURA DO MUNICÍPIO DE SÃO PAULO;Direta;22;Secretaria Municipal de Infraestrutura Urbana e Obras;SIURB;NA;NA;NA;NA;6017.2023/0044941-9;PMSP-SIURB/Canalização do Córrego Paciência;PMSP-SIURB/Canalização do Córrego Paciência;1;Receita Corrente;3;2;1;1;0;1;1;A;S;N;N;N;02.1.700.0815;Transferências Federais;N;1000;0,00;0,00;0,00;0,00;0,00;0,00;0,00;0,00;0,00;0,00;0,00;0,00;0,00;16/01/2026
1,32101010104004e+24;48044;2025;1;PREFEITURA DO MUNICÍPIO DE SÃO PAULO;Direta;25;Secretaria Municipal de Cultura;SMC;NA;NA;NA;NA;6017.2023/0044941-9;PMSP-SMC/Convênio SICONV nº 840781/2016;PMSP-SMC/Convênio SICONV nº 840781/2016;1;Receita Corrente;3;2;1;1;0;1;1;A;S;N;N;N;02.1.700.1135;Transferências Federais;N;0;334,97;393,73;338,81;397,71;383,02;405,41;406,02;412,48;412,86;416,82;420,82;416,18;4738,83;16/01/2026
1,32101010104004e+24;48045;2025;1;PREFEITURA DO MUNICÍPIO DE SÃO PAULO;Direta;34;Secretaria Municipal de Direitos Humanos e Cidadania;SMDHC;NA;NA;NA;NA;6017.2023/0044941-9;PMSP-SMDHC/CONVÊNIO SICONV nº 835820/2016;PMSP-SMDHC/CONVÊNIO SICONV nº 835820/2016;1;Receita Corrente;3;2;1;1;0;1;1;A;S;N;N;N;02.1.700.1147;Transferências Federais;N;0;2838,61;3138,00;2701,79;3031,86;0,00;0,00;0,00;0,00;0,00;0,00;0,00;0,00;11710,26;16/01/2026
1,32101010104004e+24;48046;2025;1;PREFEITURA DO MUNICÍPIO DE SÃO PAULO;Direta;84;Fundo Municipal de Saúde;FMS/SMS;NA;NA;NA;NA;6017.2023/0044941-9;PMSP-SMS/CONVÊNIO 779947/2012-SICONV;PMSP-SMS/CONVÊNIO 779947/2012-SICONV;1;Receita Corrente;3;2;1;1;0;1;1;A;S;N;S;N;02.1.631.0779;Transferências Federais;N;715200;70242,41;73157,11;0,00;0,00;0,00;0,00;0,00;0,00;0,00;0,00;0,00;0,00;143399,52;16/01/2026
1,32105010103020e+24;48049;2025;1;PREFEITURA DO MUNICÍPIO DE SÃO PAULO;Direta;84;Fundo Municipal de Saúde;FMS/SMS;NA;NA;NA;NA;6018.2023/0078153-2 - DRD alterado pela demanda [D21975];Assistência financeira da União destinada à complementação ao pagamento dos pisos salariais para profissionais da enfermagem;Ass fin União destinada complem. pagto pisos salariais prof enfermagem;1;Receita Corrente;3;2;1;5;0;1;1;A;S;N;S;N;02.1.605.1481;Transferências Federais;N;360000;51809,80;47884,43;47011,90;51149,39;54661,85;55651,91;62104,62;52244,01;52230,54;46197,44;33747,25;40221,88;594915,02;16/01/2026
1,72499011700000e+24;48070;2025;1;PREFEITURA DO MUNICÍPIO DE SÃO PAULO;Direta;93;Fundo Municipal de Assistência Social;FMAS;NA;NA;NA;NA;6024.2023/0009702-2;PMSP-SMADS/FMAS- Emenda Parlamentar Estadual - 20.923-6;PMSP-SMADS/FMAS- Emenda Parlamentar Estadual - 20.923-6;1;Receita Corrente;7;2;4;99;0;1;17;A;S;N;N;S;03.1.661.1477;Transferências Estaduais;N;0;19,15;0,00;0,00;0,00;0,00;95062,64;0,00;153,00;0,00;0,00;0,00;0,00;95234,79;16/01/2026
1,11999010300000e+24;48075;2025;1;PREFEITURA DO MUNICÍPIO DE SÃO PAULO;Direta;NA;NA;NA;NA;NA;NA;NA;Receita incluída pela demanda [D21938];RECEITAS A CLASSIFICAR - DAMSP;RECEITAS A CLASSIFICAR - DAMSP;1;Receita Corrente;1;1;9;99;0;1;3;A;S;N;N;S;00.1.500.9001;Tesouro Municipal;N;0;0,00;0,00;0,00;0,00;0,00;0,00;0,00;0,00;0,00;0,00;0,00;0,00;0,00;16/01/2026
1,11999030300000e+24;48078;2025;1;PREFEITURA DO MUNICÍPIO DE SÃO PAULO;Direta;NA;NA;NA;NA;NA;NA;NA;Receita incluída pela demanda [D21938];Outros Tributos - PMSP - Dívida Ativa;Outros Tributos - PMSP - Dívida Ativa;1;Receita Corrente;1;1;9;99;0;3;3;A;S;N;N;S;00.1.500.9001;Tesouro Municipal;N;3437951;420845,78;451960,48;404005,16;309089,16;1137276,94;553188,20;1017772,98;1237494,61;707698,15;568401,33;523419,12;506891,94;7838043,85;16/01/2026
1,11999030300000e+24;48079;2025;1;PREFEITURA DO MUNICÍPIO DE SÃO PAULO;Direta;NA;NA;NA;NA;NA;NA;NA;Receita incluída pela demanda [D21938];Deduções Outros Tributos - PMSP - Dívida Ativa;Deduções Outros Tributos - PMSP - Dívida Ativa;1;Receita Corrente;1;1;9;99;0;3;3;A;S;N;N;S;00.1.500.9001;Tesouro Municipal;S;0;-1225,44;-8859,26;-2173,38;-26270,91;-1689,39;-385706,09;-12377,30;-6681,70;-19643,58;-4336,09;-1885,43;-5977,74;-476826,31;16/01/2026
1,11999040300000e+24;48080;2025;1;PREFEITURA DO MUNICÍPIO DE SÃO PAULO;Direta;NA;NA;NA;NA;NA;NA;NA;Receita incluída pela demanda [D21938];Multas e Juros de Mora da Dívida Ativa de Outros Tributos;Multas e Juros de Mora da Dívida Ativa de Outros Tributos;1;Receita Corrente;1;1;9;99;0;4;3;A;S;N;N;S;00.1.500.9001;Tesouro Municipal;N;1138776;65507,10;64640,30;53918,68;45445,33;85848,38;48065,27;156979,36;68007,51;104293,54;58701,09;41096,38;22874,30;815377,24;16/01/2026
1,12253010200000e+24;48096;2025;81;FUNDO MUNICIPAL DE LIMPEZA URBANA;Indireta;81;Fundo Municipal Limpeza Urbana;FMLU;NA;NA;NA;NA;Receita incluída pela demanda [D21938];PPI - Taxa de Resíduos Sólidos Domiciliares - TRSD;PPI - Taxa de Resíduos Sólidos Domiciliares - TRSD;1;Receita Corrente;1;2;2;53;0;1;2;A;S;N;N;S;08.1.759.8006;Tesouro Municipal - Recursos Vinculados;N;1698;146,82;89,85;84,15;91,45;126,44;495,30;137,96;60,98;83,08;84,11;85,10;86,05;1571,29;16/01/2026
1,12253010300000e+24;48104;2025;81;FUNDO MUNICIPAL DE LIMPEZA URBANA;Indireta;81;Fundo Municipal Limpeza Urbana;FMLU;NA;NA;NA;NA;Receita incluída pela demanda [D21938];Taxa de Resíduos Sólidos de Serviços de Saúde - TRSS;Taxa de Resíduos Sólidos de Serviços de Saúde - TRSS;1;Receita Corrente;1;2;2;53;0;1;3;A;S;N;N;S;08.1.759.8006;Tesouro Municipal - Recursos Vinculados;N;136454096;27636520,88;1440549,46;4439679,61;28741987,54;1093493,43;4203414,75;29025278,04;1564260,88;3023620,52;30973730,49;677905,53;4065593,76;136886034,90;16/01/2026
1,12253010300000e+24;48105;2025;81;FUNDO MUNICIPAL DE LIMPEZA URBANA;Indireta;81;Fundo Municipal Limpeza Urbana;FMLU;NA;NA;NA;NA;Receita incluída pela demanda [D21938];Deduções Taxa de Resíduos Sólidos de Serviços de Saúde - TRSS;Deduções Taxa de Resíduos Sólidos de Serviços de Saúde - TRSS;1;Receita Corrente;1;2;2;53;0;1;3;A;S;N;N;S;08.1.759.8006;Tesouro Municipal - Recursos Vinculados;S;0;-625,87;-2937,26;-423,58;-1028018,72;-1412047,21;-226,19;-3887,48;-97723,57;-709,38;-15835,33;-1259,57;-2852,74;-2566546,90;16/01/2026
1,12253010300000e+24;48106;2025;81;FUNDO MUNICIPAL DE LIMPEZA URBANA;Indireta;81;Fundo Municipal Limpeza Urbana;FMLU;NA;NA;NA;NA;Receita incluída pela demanda [D21938];PPI - Taxa de Resíduos Sólidos de Serviços de Saúde - TRSS;PPI - Taxa de Resíduos Sólidos de Serviços de Saúde - TRSS;1;Receita Corrente;1;2;2;53;0;1;3;A;S;N;N;S;08.1.759.8006;Tesouro Municipal - Recursos Vinculados;N;13116615;1064512,56;689920,42;624519,90;628308,97;387754,64;1049914,08;387527,37;411307,82;388924,24;382418,62;375352,24;320790,68;6711251,54;16/01/2026
1,12253010300000e+24;48107;2025;81;FUNDO MUNICIPAL DE LIMPEZA URBANA;Indireta;81;Fundo Municipal Limpeza Urbana;FMLU;NA;NA;NA;NA;Receita incluída pela demanda [D21938];PAT - Taxa de Resíduos Sólidos de Serviços de Saúde - TRSS;PAT - Taxa de Resíduos Sólidos de Serviços de Saúde - TRSS;1;Receita Corrente;1;2;2;53;0;1;3;A;S;N;N;S;08.1.759.8006;Tesouro Municipal - Recursos Vinculados;N;5008093;163169,14;138982,86;134839,98;127918,37;147041,69;134876,48;134678,18;150025,06;146035,13;144444,91;158801,59;167424,95;1748238,34;16/01/2026
1,12253020200000e+24;48126;2025;81;FUNDO MUNICIPAL DE LIMPEZA URBANA;Indireta;81;Fundo Municipal Limpeza Urbana;FMLU;NA;NA;NA;NA;Receita incluída pela demanda [D21938];PPI - Taxa de Resíduos Sólidos Domiciliares - TRSD - Multas e Juros;PPI - Taxa de Resíduos Sólidos Domiciliares - TRSD - Multas e Juros;1;Receita Corrente;1;2;2;53;0;2;2;A;S;N;N;S;08.1.759.8006;Tesouro Municipal - Recursos Vinculados;N;2143;169,76;116,77;90,46;122,46;178,38;468,58;175,69;64,76;105,31;104,60;107,35;109,77;1813,89;16/01/2026
1,12253020300000e+24;48134;2025;81;FUNDO MUNICIPAL DE LIMPEZA URBANA;Indireta;81;Fundo Municipal Limpeza Urbana;FMLU;NA;NA;NA;NA;Receita incluída pela demanda [D21938];Taxa de Resíduos Sólidos de Serviços de Saúde - TRSS - Multas e Juros;Taxa de Resíduos Sólidos de Serviços de Saúde - TRSS - Multas e Juros;1;Receita Corrente;1;2;2;53;0;2;3;A;S;N;N;S;08.1.759.8006;Tesouro Municipal - Recursos Vinculados;N;2229720;270929,24;208770,65;102406,59;117460,05;164187,76;95716,92;282229,47;163473,14;181716,64;248349,84;176115,25;235132,88;2246488,43;16/01/2026
1,12253020300000e+24;48136;2025;81;FUNDO MUNICIPAL DE LIMPEZA URBANA;Indireta;81;Fundo Municipal Limpeza Urbana;FMLU;NA;NA;NA;NA;Receita incluída pela demanda [D21938];PPI - Taxa de Resíduos Sólidos de Serviços de Saúde - TRSS - Multas e Juros;PPI - TRSS - Multas e Juros;1;Receita Corrente;1;2;2;53;0;2;3;A;S;N;N;S;08.1.759.8006;Tesouro Municipal - Recursos Vinculados;N;3575953;200949,20;178641,37;171696,24;172771,57;108876,10;215837,43;110697,88;108873,21;110624,57;110684,00;102847,45;90440,58;1682939,60;16/01/2026
1,12253020300000e+24;48137;2025;81;FUNDO MUNICIPAL DE LIMPEZA URBANA;Indireta;81;Fundo Municipal Limpeza Urbana;FMLU;NA;NA;NA;NA;Receita incluída pela demanda [D21938];PAT - Taxa de Resíduos Sólidos de Serviços de Saúde - TRSS - Multas e Juros;PAT - TRSS - Multas e Juros;1;Receita Corrente;1;2;2;53;0;2;3;A;S;N;N;S;08.1.759.8006;Tesouro Municipal - Recursos Vinculados;N;0;64853,06;58534,25;57897,69;55920,04;63482,73;58792,71;55132,72;59020,37;61440,06;55246,46;64675,88;70478,86;725474,83;16/01/2026
1,12253030200000e+24;48144;2025;81;FUNDO MUNICIPAL DE LIMPEZA URBANA;Indireta;81;Fundo Municipal Limpeza Urbana;FMLU;NA;NA;NA;NA;Receita incluída pela demanda [D21938];Taxa de Resíduos Sólidos Domiciliares - TRSD - Dívida Ativa;Taxa de Resíduos Sólidos Domiciliares - TRSD - Dívida Ativa;1;Receita Corrente;1;2;2;53;0;3;2;A;S;N;N;S;08.1.759.8006;Tesouro Municipal - Recursos Vinculados;N;449029;7174,45;9238,17;22187,47;23632,09;9564,94;16782,43;79473,60;40521,23;83281,80;44621,86;29208,90;4064,63;369751,57;16/01/2026
1,12253030200000e+24;48146;2025;81;FUNDO MUNICIPAL DE LIMPEZA URBANA;Indireta;81;Fundo Municipal Limpeza Urbana;FMLU;NA;NA;NA;NA;Receita incluída pela demanda [D21938];PPI - Taxa de Resíduos Sólidos Domiciliares - TRSD - Dívida Ativa;PPI - Taxa de Resíduos Sólidos Domiciliares - TRSD - Dívida Ativa;1;Receita Corrente;1;2;2;53;0;3;2;A;S;N;N;S;08.1.759.8006;Tesouro Municipal - Recursos Vinculados;N;1299080;57959,38;54416,06;56129,09;51150,01;41973,00;40572,43;38989,21;34461,01;40885,48;41330,54;33171,46;34723,72;525761,39;16/01/2026
1,12253030200000e+24;48149;2025;81;FUNDO MUNICIPAL DE LIMPEZA URBANA;Indireta;81;Fundo Municipal Limpeza Urbana;FMLU;NA;NA;NA;NA;Receita incluída pela demanda [D21938];Deduções PPI - Taxa de Resíduos Sólidos Domiciliares - TRSD - Dívida Ativa;Deduções PPI - TRSD - Dívida Ativa;1;Receita Corrente;1;2;2;53;0;3;2;A;S;N;N;S;08.1.759.8006;Tesouro Municipal - Recursos Vinculados;S;0;0,00;0,00;0,00;0,00;0,00;-11492,23;0,00;0,00;0,00;0,00;0,00;0,00;-11492,23;16/01/2026
1,12253030300000e+24;48152;2025;81;FUNDO MUNICIPAL DE LIMPEZA URBANA;Indireta;81;Fundo Municipal Limpeza Urbana;FMLU;NA;NA;NA;NA;Receita incluída pela demanda [D21938];Taxa de Resíduos Sólidos de Serviços de Saúde - TRSS - Dívida Ativa;Taxa de Resíduos Sólidos de Serviços de Saúde - TRSS - Dívida Ativa;1;Receita Corrente;1;2;2;53;0;3;3;A;S;N;N;S;08.1.759.8006;Tesouro Municipal - Recursos Vinculados;N;1904767;47785,46;75853,06;94046,14;115357,03;73011,50;92147,90;78069,80;102797,62;150630,51;111700,22;80303,03;182612,81;1204315,08;16/01/2026
1,12253030300000e+24;48154;2025;81;FUNDO MUNICIPAL DE LIMPEZA URBANA;Indireta;81;Fundo Municipal Limpeza Urbana;FMLU;NA;NA;NA;NA;Receita incluída pela demanda [D21938];PPI - Taxa de Resíduos Sólidos de Serviços de Saúde - TRSS - Dívida Ativa;PPI - TRSS - Dívida Ativa;1;Receita Corrente;1;2;2;53;0;3;3;A;S;N;N;S;08.1.759.8006;Tesouro Municipal - Recursos Vinculados;N;11452647;2569105,58;3810717,74;480607,72;498886,79;391206,89;418101,67;331236,19;536495,82;314101,29;311806,42;315244,81;310953,75;10288464,67;16/01/2026
1,12253030300000e+24;48155;2025;81;FUNDO MUNICIPAL DE LIMPEZA URBANA;Indireta;81;Fundo Municipal Limpeza Urbana;FMLU;NA;NA;NA;NA;Receita incluída pela demanda [D21938];PAT - Taxa de Resíduos Sólidos de Serviços de Saúde - TRSS - Dívida Ativa;PAT - TRSS - Dívida Ativa;1;Receita Corrente;1;2;2;53;0;3;3;A;S;N;N;S;08.1.759.8006;Tesouro Municipal - Recursos Vinculados;N;3267344;0,00;170,60;1200,65;1397,47;468,97;467,00;459,24;548,14;504,57;377,62;485,24;377,78;6457,28;16/01/2026
1,12253040200000e+24;48162;2025;81;FUNDO MUNICIPAL DE LIMPEZA URBANA;Indireta;81;Fundo Municipal Limpeza Urbana;FMLU;NA;NA;NA;NA;Receita incluída pela demanda [D21938];Taxa de Resíduos Sólidos Domiciliares - TRSD - Dívida Ativa - Multas e Juros;TRSD - Dívida Ativa - Multas e Juros;1;Receita Corrente;1;2;2;53;0;4;2;A;S;N;N;S;08.1.759.8006;Tesouro Municipal - Recursos Vinculados;N;428246;7628,53;6699,44;7641,02;50816,27;5994,15;5244,11;5039,23;45156,84;10477,49;7046,07;2994,15;3684,78;158422,08;16/01/2026
1,12253040200000e+24;48164;2025;81;FUNDO MUNICIPAL DE LIMPEZA URBANA;Indireta;81;Fundo Municipal Limpeza Urbana;FMLU;NA;NA;NA;NA;Receita incluída pela demanda [D21938];PPI - Taxa de Resíduos Sólidos Domiciliares - TRSD - Dívida Ativa - Multas e Juros;PPI - TRSD - Dívida Ativa - Multas e Juros;1;Receita Corrente;1;2;2;53;0;4;2;A;S;N;N;S;08.1.759.8006;Tesouro Municipal - Recursos Vinculados;N;1214337;54656,64;53552,95;55509,94;50993,52;43388,39;43015,46;41949,08;37155,59;45122,91;44415,74;35989,99;37542,21;543292,42;16/01/2026
1,12253040200000e+24;48167;2025;81;FUNDO MUNICIPAL DE LIMPEZA URBANA;Indireta;81;Fundo Municipal Limpeza Urbana;FMLU;NA;NA;NA;NA;Receita incluída pela demanda [D21938];Deduções PPI - Taxa de Resíduos Sólidos Domiciliares - TRSD - Dívida Ativa - Multas e Juros;Deduções PPI - TRSD - Dívida Ativa - Multas e Juros;1;Receita Corrente;1;2;2;53;0;4;2;A;S;N;N;S;08.1.759.8006;Tesouro Municipal - Recursos Vinculados;S;0;0,00;0,00;0,00;0,00;0,00;-2190,83;0,00;0,00;0,00;0,00;0,00;0,00;-2190,83;16/01/2026
1,12253040300000e+24;48170;2025;81;FUNDO MUNICIPAL DE LIMPEZA URBANA;Indireta;81;Fundo Municipal Limpeza Urbana;FMLU;NA;NA;NA;NA;Receita incluída pela demanda [D21938];Taxa de Resíduos Sólidos de Serviços de Saúde - TRSS - Dívida Ativa - Multas e Juros;TRSS - Dívida Ativa - Multas e Juros;1;Receita Corrente;1;2;2;53;0;4;3;A;S;N;N;S;08.1.759.8006;Tesouro Municipal - Recursos Vinculados;N;827881;32967,19;57746,97;52457,07;52311,58;37703,50;54052,72;49422,03;70550,17;99605,97;657,08;45078,11;39263,72;591816,11;16/01/2026
1,12253040300000e+24;48172;2025;81;FUNDO MUNICIPAL DE LIMPEZA URBANA;Indireta;81;Fundo Municipal Limpeza Urbana;FMLU;NA;NA;NA;NA;Receita incluída pela demanda [D21938];PPI - Taxa de Resíduos Sólidos de Serviços de Saúde - TRSS - Dívida Ativa - Multas e Juros;PPI - TRSS - Dívida Ativa - Multas e Juros;1;Receita Corrente;1;2;2;53;0;4;3;A;S;N;N;S;08.1.759.8006;Tesouro Municipal - Recursos Vinculados;N;6643448;487548,01;749730,78;307009,56;338148,47;267426,94;316310,81;267636,39;221602,84;227698,90;226645,97;225839,18;229849,68;3865447,53;16/01/2026
1,12253040300000e+24;48173;2025;81;FUNDO MUNICIPAL DE LIMPEZA URBANA;Indireta;81;Fundo Municipal Limpeza Urbana;FMLU;NA;NA;NA;NA;Receita incluída pela demanda [D21938];PAT - Taxa de Resíduos Sólidos de Serviços de Saúde - TRSS - Dívida Ativa - Multas e Juros;PAT - TRSS - Dívida Ativa - Multas e Juros;1;Receita Corrente;1;2;2;53;0;4;3;A;S;N;N;S;08.1.759.8006;Tesouro Municipal - Recursos Vinculados;N;0;0,00;252,84;1751,54;2039,13;658,10;654,39;640,55;775,11;704,08;526,76;688,80;525,96;9217,26;16/01/2026
1,91114010101000e+24;48256;2025;1;PREFEITURA DO MUNICÍPIO DE SÃO PAULO;Direta;87;Fundo Municipal de Desenvolvimento de Trânsito;FMDT;NA;NA;NA;NA;Receita incluída pela demanda [D21938];Multas de Trânsito de Veículos de Outros Estados - RENAINF;Multas de Trânsito de Veículos de Outros Estados - RENAINF;1;Receita Corrente;9;1;1;14;0;1;1;A;S;N;N;S;08.1.752.0626;Tesouro Municipal - Recursos Vinculados;N;45701990;2697969,00;5245157,07;1252646,38;5035438,67;4548752,05;2758833,60;4005250,35;5078915,13;2239559,00;4650205,11;3138992,89;4793274,37;45444993,62;16/01/2026
1,91114010102000e+24;48259;2025;1;PREFEITURA DO MUNICÍPIO DE SÃO PAULO;Direta;87;Fundo Municipal de Desenvolvimento de Trânsito;FMDT;NA;NA;NA;NA;Receita incluída pela demanda [D21938];Multas de Trânsito - DSV;Multas de Trânsito - DSV;1;Receita Corrente;9;1;1;14;0;1;1;A;S;N;N;S;08.1.752.0626;Tesouro Municipal - Recursos Vinculados;N;2106720000;127721867,30;76144005,16;73270937,34;68040073,75;75803555,48;73566084,12;88377952,76;90592247,75;107149437,60;104773036,90;81870298,41;98779799,92;1066089297,00;16/01/2026
1,91114010102000e+24;48260;2025;1;PREFEITURA DO MUNICÍPIO DE SÃO PAULO;Direta;87;Fundo Municipal de Desenvolvimento de Trânsito;FMDT;NA;NA;NA;NA;Receita incluída pela demanda [D21938];Deduções Multas de Trânsito - DSV - FUNSET;Deduções Multas de Trânsito - DSV - FUNSET;1;Receita Corrente;9;1;1;14;0;1;1;A;S;N;N;S;08.1.752.0626;Tesouro Municipal - Recursos Vinculados;S;-105336000;-6427910,41;-3828921,99;-3683612,12;-3420845,66;-3812311,74;-3699171,24;-4445700,08;-4558148,30;-5392727,73;-5273685,70;-4142282,58;-4952977,50;-53638295,05;16/01/2026
1,91114010102000e+24;48261;2025;1;PREFEITURA DO MUNICÍPIO DE SÃO PAULO;Direta;87;Fundo Municipal de Desenvolvimento de Trânsito;FMDT;NA;NA;NA;NA;Receita incluída pela demanda [D21938];Deduções Multas de Trânsito - DSV - Restituições;Deduções Multas de Trânsito - DSV - Restituições;1;Receita Corrente;9;1;1;14;0;1;1;A;S;N;N;S;08.1.752.0626;Tesouro Municipal - Recursos Vinculados;S;0;-55595,39;-511992,04;-151011,88;-264939,65;-435319,03;-185226,06;-104696,96;-155649,55;-84357,77;-169073,62;-142939,69;-104039,87;-2364841,51;16/01/2026
1,91114010103000e+24;48265;2025;1;PREFEITURA DO MUNICÍPIO DE SÃO PAULO;Direta;87;Fundo Municipal de Desenvolvimento de Trânsito;FMDT;NA;NA;NA;NA;Receita incluída pela demanda [D21938];Multas por Transporte de Produtos Perigosos - DSV;Multas por Transporte de Produtos Perigosos - DSV;1;Receita Corrente;9;1;1;14;0;1;1;A;S;N;N;S;08.1.752.0626;Tesouro Municipal - Recursos Vinculados;N;8657520;123048,00;25000,00;49334,00;23800,00;86470,00;212674,00;211008,00;149806,00;114404,00;163806,00;129738,00;142272,00;1431360,00;16/01/2026
1,91114010103000e+24;48266;2025;1;PREFEITURA DO MUNICÍPIO DE SÃO PAULO;Direta;87;Fundo Municipal de Desenvolvimento de Trânsito;FMDT;NA;NA;NA;NA;Receita incluída pela demanda [D21938];Deduções Multas por Transporte de Produtos Perigosos - DSV;Deduções Multas por Transporte de Produtos Perigosos - DSV;1;Receita Corrente;9;1;1;14;0;1;1;A;S;N;N;S;08.1.752.0626;Tesouro Municipal - Recursos Vinculados;S;0;0,00;0,00;0,00;0,00;-1400,00;0,00;0,00;0,00;0,00;0,00;0,00;0,00;-1400,00;16/01/2026
1,91114020102000e+24;48268;2025;1;PREFEITURA DO MUNICÍPIO DE SÃO PAULO;Direta;87;Fundo Municipal de Desenvolvimento de Trânsito;FMDT;NA;NA;NA;NA;Receita incluída pela demanda [D21938];Multas de Trânsito - DSV - Multas e Juros;Multas de Trânsito - DSV - Multas e Juros;1;Receita Corrente;9;1;1;14;0;2;1;A;S;N;N;S;08.1.752.0626;Tesouro Municipal - Recursos Vinculados;N;6351600;904147,54;498217,78;438342,24;426877,75;494176,65;466658,59;589100,56;625618,39;772567,65;764194,24;600712,27;648988,76;7229602,42;16/01/2026
1,91114030102000e+24;48276;2025;1;PREFEITURA DO MUNICÍPIO DE SÃO PAULO;Direta;87;Fundo Municipal de Desenvolvimento de Trânsito;FMDT;NA;NA;NA;NA;Receita incluída pela demanda [D21938];PPM- Multas de Trânsito - DSV - Dívida Ativa;PPM- Multas de Trânsito - DSV - Dívida Ativa;1;Receita Corrente;9;1;1;14;0;3;1;A;S;N;N;S;08.1.752.0626;Tesouro Municipal - Recursos Vinculados;N;1200;0,00;0,00;0,00;0,00;0,00;0,00;0,00;0,00;0,00;0,00;0,00;0,00;0,00;16/01/2026
1,91114030104000e+24;48282;2025;1;PREFEITURA DO MUNICÍPIO DE SÃO PAULO;Direta;87;Fundo Municipal de Desenvolvimento de Trânsito;FMDT;NA;NA;NA;NA;Receita incluída pela demanda [D21938];Receita da Dívida Ativa Não Tributária de Outras Receitas - Multas Trânsito I;Receita Dív Ativa Não Tributária Outras Receitas - Multas Trânsito I;1;Receita Corrente;9;1;1;14;0;3;1;A;S;N;N;S;08.1.752.0626;Tesouro Municipal - Recursos Vinculados;N;19475016;3785093,10;3192012,36;2931057,41;2912896,50;3259064,12;3034172,17;2627325,66;2640574,98;2741351,46;2303554,86;2123368,69;1801631,96;33352103,27;16/01/2026
1,91114030104000e+24;48284;2025;1;PREFEITURA DO MUNICÍPIO DE SÃO PAULO;Direta;87;Fundo Municipal de Desenvolvimento de Trânsito;FMDT;NA;NA;NA;NA;Receita incluída pela demanda [D21938];Deduções Receita da Dívida Ativa Não Tributária de Outras Rec-Multas Trânsito I - Restituições;Ded Rec Dív Ativa Não Trib Outras Rec-Multas Trânsito I - Restituições;1;Receita Corrente;9;1;1;14;0;3;1;A;S;N;N;S;08.1.752.0626;Tesouro Municipal - Recursos Vinculados;S;0;-573,21;-9377,23;-604566,49;-174906,91;-137238,58;-144719,01;-152981,93;-156227,39;-125357,11;-129179,83;-320775,94;-2033,97;-1957937,60;16/01/2026
1,91114040104000e+24;48290;2025;1;PREFEITURA DO MUNICÍPIO DE SÃO PAULO;Direta;87;Fundo Municipal de Desenvolvimento de Trânsito;FMDT;NA;NA;NA;NA;Receita incluída pela demanda [D21938];Outras Multas e Juros de Mora da Dívida Ativa de Outras Receitas - Multas Trânsito I;Outras Multas e Juros Mora Dív Ativa Outras Receitas-Multas Trânsito I;1;Receita Corrente;9;1;1;14;0;4;1;A;S;N;N;S;08.1.752.0626;Tesouro Municipal - Recursos Vinculados;N;3444000;92733,16;74292,50;57135,87;48126,04;50532,07;52364,41;55896,07;40279,23;54665,81;43956,61;33947,86;41696,57;645626,20;16/01/2026
1,92206110300000e+24;48299;2025;1;PREFEITURA DO MUNICÍPIO DE SÃO PAULO;Direta;NA;NA;NA;NA;NA;NA;NA;Receita incluída pela demanda [D21938];Deduções Restituição de Despesas de Exercícios Anteriores - Agentes Públicos Falecidos;Deduções Restituição Desp Exerc Anteriores- Agentes Públicos Falecidos;1;Receita Corrente;9;2;2;6;1;1;3;A;S;N;N;S;00.1.501.9001;Tesouro Municipal;S;0;0,00;0,00;0,00;0,00;0,00;0,00;0,00;0,00;0,00;-696,93;0,00;0,00;-696,93;16/01/2026
1,92206121300000e+24;48303;2025;1;PREFEITURA DO MUNICÍPIO DE SÃO PAULO;Direta;NA;NA;NA;NA;NA;NA;NA;Receita incluída pela demanda [D21938];Restituição de Despesas de Exercícios Anteriores - Débitos de Servidores Municipais - Multas e Juros;Restituição Desp Exerc Anteriores- Débitos Serv Munic - Multas e Juros;1;Receita Corrente;9;2;2;6;1;2;13;A;S;N;N;S;00.1.501.9001;Tesouro Municipal;N;1000;0,00;0,00;0,00;0,00;0,00;0,00;0,00;0,00;0,00;0,00;0,00;0,00;0,00;16/01/2026
1,93199010100000e+24;48311;2025;1;PREFEITURA DO MUNICÍPIO DE SÃO PAULO;Direta;NA;NA;NA;NA;NA;NA;NA;Receita incluída pela demanda [D21938];Receita de Leilões de Mercadorias Apreendidas;Receita de Leilões de Mercadorias Apreendidas;1;Receita Corrente;9;3;1;99;0;1;1;A;S;N;N;S;00.1.501.9001;Tesouro Municipal;N;242004;0,00;0,00;0,00;0,00;0,00;0,00;0,00;0,00;0,00;0,00;0,00;0,00;0,00;16/01/2026
2,41951011000000e+24;48321;2025;1;PREFEITURA DO MUNICÍPIO DE SÃO PAULO;Direta;19;Secretaria Municipal de Esportes e Lazer;SEME;NA;NA;NA;NA;Receita incluída pela demanda [D21938];Transferências Especiais - SEME X União;Transferências Especiais - SEME X União;2;Receita de Capital;4;1;9;51;0;1;10;A;S;N;N;N;02.1.706.0000;Transferências Federais;N;18000000;0,00;0,00;0,00;0,00;0,00;0,00;0,00;0,00;0,00;0,00;0,00;0,00;0,00;16/01/2026
7,12253010600000e+24;48337;2025;81;FUNDO MUNICIPAL DE LIMPEZA URBANA;Indireta;81;Fundo Municipal Limpeza Urbana;FMLU;NA;NA;NA;NA;Receita incluída pela demanda [D21938];Taxa de Resíduos Sólidos de Serviços de Saúde - TRSS;Taxa de Resíduos Sólidos de Serviços de Saúde - TRSS;7;Receita Intra Corrente;1;2;2;53;0;1;6;A;S;N;N;S;08.1.759.8006;Tesouro Municipal - Recursos Vinculados;N;2554;0,00;0,00;0,00;217,32;0,00;0,00;0,00;0,00;1411,18;0,00;0,00;835,26;2463,76;16/01/2026
7,69999010103000e+24;48350;2025;30;SÃO PAULO URBANISMO;Indireta;5;São Paulo Urbanismo;SPU;NA;NA;NA;NA;Receita incluída pela demanda [D21938];Contratos com PMSP - Tesouro Municipal;Contratos com PMSP - Tesouro Municipal;7;Receita Intra Corrente;6;9;9;99;0;1;1;A;S;N;N;S;09.1.501.9001;Recursos Próprios da Empresa Dependente;N;2029452;26212,78;138839,36;263254,69;0,00;809642,75;759983,79;482458,22;0,00;7857,27;0,00;0,00;0,00;2488248,86;16/01/2026
7,69999010104000e+24;48351;2025;30;SÃO PAULO URBANISMO;Indireta;5;São Paulo Urbanismo;SPU;NA;NA;NA;NA;Receita incluída pela demanda [D21938];Contratos com PMSP - FUNDURB;Contratos com PMSP - FUNDURB;7;Receita Intra Corrente;6;9;9;99;0;1;1;A;S;N;N;S;09.1.501.9001;Recursos Próprios da Empresa Dependente;N;23999000;795611,30;0,00;666511,55;0,00;3756777,27;0,00;261128,11;0,00;495154,51;261128,11;1135877,59;753553,50;8125741,94;16/01/2026
7,69999010105000e+24;48352;2025;30;SÃO PAULO URBANISMO;Indireta;5;São Paulo Urbanismo;SPU;NA;NA;NA;NA;Receita incluída pela demanda [D21938];Operações Urbanas - Percentual da Execução;Operações Urbanas - Percentual da Execução;7;Receita Intra Corrente;6;9;9;99;0;1;1;A;S;N;N;S;09.1.501.9001;Recursos Próprios da Empresa Dependente;N;9590052;559608,70;182267,03;0,00;163344,45;1134011,87;0,00;99450,90;0,00;397290,45;0,00;841004,75;698091,62;4075069,77;16/01/2026
7,69999010106000e+24;48353;2025;30;SÃO PAULO URBANISMO;Indireta;5;São Paulo Urbanismo;SPU;NA;NA;NA;NA;Receita incluída pela demanda [D21938];Operações Urbanas - Percentual dos Leilões;Operações Urbanas - Percentual dos Leilões;7;Receita Intra Corrente;6;9;9;99;0;1;1;A;S;N;N;S;09.1.501.9001;Recursos Próprios da Empresa Dependente;N;19011624;0,00;0,00;0,00;0,00;0,00;0,00;0,00;0,00;16687684,11;0,00;0,00;329499,97;17017184,08;16/01/2026
7,69999010204000e+24;48360;2025;83;COMPANHIA METROPOLITANA DE HABITAÇÃO DE SÃO PAULO;Indireta;83;Companhia Metropolitana de Habitação de São Paulo;COHAB;NA;NA;NA;NA;Receita incluída pela demanda [D21938];Carteira FMH;Carteira FMH;7;Receita Intra Corrente;6;9;9;99;0;1;2;A;S;N;N;S;09.1.501.9001;Recursos Próprios da Empresa Dependente;N;146878000;70937,47;2041889,34;1673622,58;44613952,82;3250207,45;8144352,59;32332837,96;0,00;29934862,17;25980730,05;0,00;27519859,41;175563251,80;16/01/2026
1,32105010102044e+24;48365;2025;1;PREFEITURA DO MUNICÍPIO DE SÃO PAULO;Direta;20;Secretaria Municipal de Mobilidade Urbana e Transporte - SMT;SMT;NA;NA;NA;NA;6017.2023/0050038-4;PMSP- SF/PMSP/Ônibus Elétrico-BB-Opcred SF 02/23 - 20.988-0;PMSP- SF/PMSP/Ônibus Elétrico-BB-Opcred SF 02/23 - 20.988-0;1;Receita Corrente;3;2;1;5;0;1;1;A;S;N;N;N;01.1.754.1482;Operações de Crédito;N;19229040;3003,57;128,06;126,10;140,04;152,41;148,46;175,81;161,77;171,53;181,17;151,37;177,48;4717,77;16/01/2026
1,32105010102044e+24;48366;2025;1;PREFEITURA DO MUNICÍPIO DE SÃO PAULO;Direta;20;Secretaria Municipal de Mobilidade Urbana e Transporte - SMT;SMT;NA;NA;NA;NA;6017.2023/0050042-2;PMSP- SF/PMSP/Ônibus Elétrico-BB-Opcred SF 03/23 - 20.989-9;PMSP- SF/PMSP/Ônibus Elétrico-BB-Opcred SF 03/23 - 20.989-9;1;Receita Corrente;3;2;1;5;0;1;1;A;S;N;N;N;01.1.754.1483;Operações de Crédito;N;7071768;36497,85;19044,06;18736,68;20866,44;22698,45;22144,10;26087,63;24041,73;12358,19;-3085,40;1170,87;1372,83;201933,43;16/01/2026
1,92203011000000e+24;48413;2025;8;FUNDO PREVIDENCIÁRIO - FUNPREV;Indireta;3;Fundo Previdenciário - FUNPREV;FUNPREV;NA;NA;NA;NA;NA;Restituição de Benefícios Previdenciários - FUNPREV - Cobrança Amigável;Rest Benef Previd - FUNPREV - Cobrança Amigável;1;Receita Corrente;9;2;2;3;0;1;10;A;S;N;N;S;20.1.800.9001;Recursos Vinculados à Previdência Social;N;4944;0,00;0,00;0,00;0,00;0,00;0,00;0,00;0,00;0,00;0,00;0,00;0,00;0,00;16/01/2026
1,92203011100000e+24;48414;2025;8;FUNDO PREVIDENCIÁRIO - FUNPREV;Indireta;3;Fundo Previdenciário - FUNPREV;FUNPREV;NA;NA;NA;NA;6310.2022/0001301-8;Restituição de Benefícios Previdenciários - Inscritos - FUNPREV - Cobrança Amigável;Rest Benef Previd - Inscritos - FUNPREV - Cobrança Amigável;1;Receita Corrente;9;2;2;3;0;1;11;A;S;N;N;S;20.1.800.9001;Recursos Vinculados à Previdência Social;N;1020;229,70;1003,82;0,00;1568,65;0,00;0,00;0,00;0,00;13151,47;9612,56;-3478,65;0,00;22087,55;16/01/2026
1,92203011200000e+24;48415;2025;8;FUNDO PREVIDENCIÁRIO - FUNPREV;Indireta;3;Fundo Previdenciário - FUNPREV;FUNPREV;NA;NA;NA;NA;6310.2022/0001301-8;Restituição de Benefícios Previdenciários - Inscritos - FUNPREV - Parcelamento - Cobrança Amigável;Rest Benef Previd - Inscritos - FUNPREV - Parcelamento - Cobr Amigável;1;Receita Corrente;9;2;2;3;0;1;12;A;S;N;N;S;20.1.800.9001;Recursos Vinculados à Previdência Social;N;180984;6766,02;8732,16;8876,31;8093,77;8553,50;11315,35;24278,16;38544,52;78486,85;42121,85;39718,29;45199,49;320686,27;16/01/2026
1,92203011300000e+24;48416;2025;8;FUNDO PREVIDENCIÁRIO - FUNPREV;Indireta;3;Fundo Previdenciário - FUNPREV;FUNPREV;NA;NA;NA;NA;6310.2022/0001301-8;Restituição de Benefícios Previdenciários - Execução - FUNPREV - Cobrança Amigável;Rest Benef Previd - Execução - FUNPREV - Cobrança Amigável;1;Receita Corrente;9;2;2;3;0;1;13;A;S;N;N;S;20.1.800.9001;Recursos Vinculados à Previdência Social;N;1020;0,00;0,00;0,00;0,00;0,00;0,00;0,00;0,00;0,00;0,00;0,00;0,00;0,00;16/01/2026
1,92203011400000e+24;48417;2025;8;FUNDO PREVIDENCIÁRIO - FUNPREV;Indireta;3;Fundo Previdenciário - FUNPREV;FUNPREV;NA;NA;NA;NA;6310.2022/0001301-8;Restituição de Benefícios Previdenciários - Execução - FUNPREV - Parcelamento - Cobrança Amigável;Rest Benef Previd - Execução - FUNPREV - Parcelamento - Cobr Amigável;1;Receita Corrente;9;2;2;3;0;1;14;A;S;N;N;S;20.1.800.9001;Recursos Vinculados à Previdência Social;N;77952;3021,79;3522,37;3334,65;3389,77;3909,44;4521,95;4324,95;6295,17;10343,62;14141,52;10531,17;18853,70;86190,10;16/01/2026
1,21501111800000e+24;48418;2025;9;FUNDO FINANCEIRO - FUNFIN;Indireta;3;Fundo Financeiro - FUNFIN;FUNFIN;NA;NA;NA;NA;6310.2022/0001301-8;CPSSS do Servidor Civil Ativo - PMSP - Afastados/Licenciados - Principal;CPSSS do Serv Civil Ativo - PMSP - Afastados/Licenciados - Principal;1;Receita Corrente;2;1;5;1;1;1;18;A;S;N;N;S;20.1.801.9001;Recursos Vinculados à Previdência Social;N;76776;58751,80;41790,20;34898,00;37226,74;48085,78;43931,41;47688,65;54021,01;45052,16;48200,90;50859,06;64457,37;574963,08;16/01/2026
1,21501111800000e+24;48418;2025;8;FUNDO PREVIDENCIÁRIO - FUNPREV;Indireta;3;Fundo Previdenciário - FUNPREV;FUNPREV;NA;NA;NA;NA;6310.2022/0001301-8;CPSSS do Servidor Civil Ativo - PMSP - Afastados/Licenciados - Principal;CPSSS do Serv Civil Ativo - PMSP - Afastados/Licenciados - Principal;1;Receita Corrente;2;1;5;1;1;1;18;A;S;N;N;S;20.1.800.9001;Recursos Vinculados à Previdência Social;N;1000;2829,39;3283,27;2284,07;3426,10;3426,10;3426,10;5650,77;4568,13;5304,93;6852,20;8475,01;9988,08;59514,15;16/01/2026
1,21501111900000e+24;48419;2025;9;FUNDO FINANCEIRO - FUNFIN;Indireta;3;Fundo Financeiro - FUNFIN;FUNFIN;NA;NA;NA;NA;6310.2022/0001301-8;CPSSS do Servidor Civil Ativo - CMSP - Afastados/Licenciados - Principal;CPSSS do Serv Civil Ativo - CMSP - Afastados/Licenciados - Principal;1;Receita Corrente;2;1;5;1;1;1;19;A;S;N;N;S;20.1.801.9001;Recursos Vinculados à Previdência Social;N;1000;0,00;0,00;0,00;0,00;0,00;0,00;0,00;0,00;0,00;0,00;0,00;0,00;0,00;16/01/2026
1,21501111900000e+24;48419;2025;8;FUNDO PREVIDENCIÁRIO - FUNPREV;Indireta;3;Fundo Previdenciário - FUNPREV;FUNPREV;NA;NA;NA;NA;6310.2022/0001301-8;CPSSS do Servidor Civil Ativo - CMSP - Afastados/Licenciados - Principal;CPSSS do Serv Civil Ativo - CMSP - Afastados/Licenciados - Principal;1;Receita Corrente;2;1;5;1;1;1;19;A;S;N;N;S;20.1.800.9001;Recursos Vinculados à Previdência Social;N;1000;0,00;0,00;0,00;0,00;0,00;0,00;0,00;0,00;0,00;0,00;0,00;0,00;0,00;16/01/2026
1,21501112000000e+24;48420;2025;9;FUNDO FINANCEIRO - FUNFIN;Indireta;3;Fundo Financeiro - FUNFIN;FUNFIN;NA;NA;NA;NA;6310.2022/0001301-8;CPSSS do Servidor Civil Ativo - TCMSP - Afastados/Licenciados - Principal;CPSSS do Serv Civil Ativo - TCMSP - Afastados/Licenciados - Principal;1;Receita Corrente;2;1;5;1;1;1;20;A;S;N;N;S;20.1.801.9001;Recursos Vinculados à Previdência Social;N;1000;0,00;0,00;0,00;0,00;0,00;0,00;0,00;0,00;0,00;0,00;0,00;0,00;0,00;16/01/2026
1,21501112000000e+24;48420;2025;8;FUNDO PREVIDENCIÁRIO - FUNPREV;Indireta;3;Fundo Previdenciário - FUNPREV;FUNPREV;NA;NA;NA;NA;6310.2022/0001301-8;CPSSS do Servidor Civil Ativo - TCMSP - Afastados/Licenciados - Principal;CPSSS do Serv Civil Ativo - TCMSP - Afastados/Licenciados - Principal;1;Receita Corrente;2;1;5;1;1;1;20;A;S;N;N;S;20.1.800.9001;Recursos Vinculados à Previdência Social;N;1000;0,00;0,00;0,00;0,00;0,00;0,00;0,00;0,00;0,00;0,00;0,00;0,00;0,00;16/01/2026
1,21501112100000e+24;48421;2025;9;FUNDO FINANCEIRO - FUNFIN;Indireta;3;Fundo Financeiro - FUNFIN;FUNFIN;NA;NA;NA;NA;6310.2022/0001301-8;CPSSS do Servidor Civil Ativo - HSPM - Afastados/Licenciados - Principal;CPSSS do Serv Civil Ativo - HSPM - Afastados/Licenciados - Principal;1;Receita Corrente;2;1;5;1;1;1;21;A;S;N;N;S;20.1.801.9001;Recursos Vinculados à Previdência Social;N;1000;1273,26;1273,26;1273,26;1273,26;1273,26;1273,26;1273,26;0,00;2546,52;1273,26;1273,26;2546,52;16552,38;16/01/2026
1,21501112100000e+24;48421;2025;8;FUNDO PREVIDENCIÁRIO - FUNPREV;Indireta;3;Fundo Previdenciário - FUNPREV;FUNPREV;NA;NA;NA;NA;6310.2022/0001301-8;CPSSS do Servidor Civil Ativo - HSPM - Afastados/Licenciados - Principal;CPSSS do Serv Civil Ativo - HSPM - Afastados/Licenciados - Principal;1;Receita Corrente;2;1;5;1;1;1;21;A;S;N;N;S;20.1.800.9001;Recursos Vinculados à Previdência Social;N;1000;0,00;0,00;0,00;0,00;0,00;0,00;0,00;0,00;0,00;0,00;0,00;0,00;0,00;16/01/2026
1,21501112300000e+24;48423;2025;9;FUNDO FINANCEIRO - FUNFIN;Indireta;3;Fundo Financeiro - FUNFIN;FUNFIN;NA;NA;NA;NA;6310.2022/0001301-8;CPSSS do Servidor Civil Ativo - IPREM - Afastados/Licenciados - Principal;CPSSS do Serv Civil Ativo - IPREM - Afastados/Licenciados - Principal;1;Receita Corrente;2;1;5;1;1;1;23;A;S;N;N;S;20.1.801.9001;Recursos Vinculados à Previdência Social;N;1000;0,00;0,00;0,00;0,00;0,00;0,00;0,00;0,00;0,00;0,00;0,00;0,00;0,00;16/01/2026
1,21501112300000e+24;48423;2025;8;FUNDO PREVIDENCIÁRIO - FUNPREV;Indireta;3;Fundo Previdenciário - FUNPREV;FUNPREV;NA;NA;NA;NA;6310.2022/0001301-8;CPSSS do Servidor Civil Ativo - IPREM - Afastados/Licenciados - Principal;CPSSS do Serv Civil Ativo - IPREM - Afastados/Licenciados - Principal;1;Receita Corrente;2;1;5;1;1;1;23;A;S;N;N;S;20.1.800.9001;Recursos Vinculados à Previdência Social;N;1000;0,00;0,00;0,00;0,00;0,00;0,00;0,00;0,00;0,00;0,00;0,00;0,00;0,00;16/01/2026
7,21502210100000e+24;48424;2025;8;FUNDO PREVIDENCIÁRIO - FUNPREV;Indireta;3;Fundo Previdenciário - FUNPREV;FUNPREV;NA;NA;NA;NA;6310.2022/0001301-8;CPSSS Patronal Oriunda de Sentenças Judiciais - Servidor Civil Ativo - PMSP - Principal;CPSSS Patronal Oriunda Sent Judic - Serv Civil Ativo - PMSP - Princ;7;Receita Intra Corrente;2;1;5;2;2;1;1;A;S;N;N;S;20.1.800.9001;Recursos Vinculados à Previdência Social;N;50780064;0,00;0,00;0,00;0,00;0,00;0,00;0,00;0,00;0,00;0,00;0,00;0,00;0,00;16/01/2026
7,21502210100000e+24;48424;2025;9;FUNDO FINANCEIRO - FUNFIN;Indireta;3;Fundo Financeiro - FUNFIN;FUNFIN;NA;NA;NA;NA;6310.2022/0001301-8;CPSSS Patronal Oriunda de Sentenças Judiciais - Servidor Civil Ativo - PMSP - Principal;CPSSS Patronal Oriunda Sent Judic - Serv Civil Ativo - PMSP - Princ;7;Receita Intra Corrente;2;1;5;2;2;1;1;A;S;N;N;S;20.1.801.9001;Recursos Vinculados à Previdência Social;N;23888580;0,00;0,00;0,00;0,00;0,00;0,00;0,00;0,00;0,00;0,00;0,00;0,00;0,00;16/01/2026
7,21502210200000e+24;48425;2025;9;FUNDO FINANCEIRO - FUNFIN;Indireta;3;Fundo Financeiro - FUNFIN;FUNFIN;NA;NA;NA;NA;6310.2022/0001301-8;CPSSS Patronal Oriunda de Sentenças Judiciais - Servidor Civil Ativo - CMSP - Principal;CPSSS Patronal Oriunda Sent Judic - Serv Civil Ativo - CMSP - Princ;7;Receita Intra Corrente;2;1;5;2;2;1;2;A;S;N;N;S;20.1.801.9001;Recursos Vinculados à Previdência Social;N;1000;0,00;0,00;0,00;0,00;0,00;0,00;0,00;0,00;0,00;0,00;0,00;0,00;0,00;16/01/2026
7,21502210200000e+24;48425;2025;8;FUNDO PREVIDENCIÁRIO - FUNPREV;Indireta;3;Fundo Previdenciário - FUNPREV;FUNPREV;NA;NA;NA;NA;6310.2022/0001301-8;CPSSS Patronal Oriunda de Sentenças Judiciais - Servidor Civil Ativo - CMSP - Principal;CPSSS Patronal Oriunda Sent Judic - Serv Civil Ativo - CMSP - Princ;7;Receita Intra Corrente;2;1;5;2;2;1;2;A;S;N;N;S;20.1.800.9001;Recursos Vinculados à Previdência Social;N;1000;0,00;0,00;0,00;0,00;0,00;0,00;0,00;0,00;0,00;0,00;0,00;0,00;0,00;16/01/2026
7,21502210300000e+24;48426;2025;9;FUNDO FINANCEIRO - FUNFIN;Indireta;3;Fundo Financeiro - FUNFIN;FUNFIN;NA;NA;NA;NA;6310.2022/0001301-8;CPSSS Patronal Oriunda de Sentenças Judiciais - Servidor Civil Ativo - TCMSP - Principal;CPSSS Patronal Oriunda Sent Judic - Serv Civil Ativo - TCMSP - Princ;7;Receita Intra Corrente;2;1;5;2;2;1;3;A;S;N;N;S;20.1.801.9001;Recursos Vinculados à Previdência Social;N;1000;0,00;0,00;0,00;0,00;0,00;0,00;0,00;0,00;0,00;0,00;0,00;0,00;0,00;16/01/2026
7,21502210300000e+24;48426;2025;8;FUNDO PREVIDENCIÁRIO - FUNPREV;Indireta;3;Fundo Previdenciário - FUNPREV;FUNPREV;NA;NA;NA;NA;6310.2022/0001301-8;CPSSS Patronal Oriunda de Sentenças Judiciais - Servidor Civil Ativo - TCMSP - Principal;CPSSS Patronal Oriunda Sent Judic - Serv Civil Ativo - TCMSP - Princ;7;Receita Intra Corrente;2;1;5;2;2;1;3;A;S;N;N;S;20.1.800.9001;Recursos Vinculados à Previdência Social;N;1000;0,00;0,00;0,00;0,00;0,00;0,00;0,00;0,00;0,00;0,00;0,00;0,00;0,00;16/01/2026
7,21502210400000e+24;48427;2025;9;FUNDO FINANCEIRO - FUNFIN;Indireta;3;Fundo Financeiro - FUNFIN;FUNFIN;NA;NA;NA;NA;6310.2022/0001301-8;CPSSS Patronal Oriunda de Sentenças Judiciais - Servidor Civil Ativo - HSPM - Principal;CPSSS Patronal Oriunda Sent Judic - Serv Civil Ativo - HSPM - Princ;7;Receita Intra Corrente;2;1;5;2;2;1;4;A;S;N;N;S;20.1.801.9001;Recursos Vinculados à Previdência Social;N;1173504;0,00;58885,19;93139,30;0,00;98115,42;14036,43;0,00;91761,01;28146,93;9298,95;0,00;0,00;393383,23;16/01/2026
7,21502210400000e+24;48427;2025;8;FUNDO PREVIDENCIÁRIO - FUNPREV;Indireta;3;Fundo Previdenciário - FUNPREV;FUNPREV;NA;NA;NA;NA;6310.2022/0001301-8;CPSSS Patronal Oriunda de Sentenças Judiciais - Servidor Civil Ativo - HSPM - Principal;CPSSS Patronal Oriunda Sent Judic - Serv Civil Ativo - HSPM - Princ;7;Receita Intra Corrente;2;1;5;2;2;1;4;A;S;N;N;S;20.1.800.9001;Recursos Vinculados à Previdência Social;N;146088;0,00;2937,68;20696,86;0,00;6864,49;5685,22;3882,17;11362,63;0,00;18422,12;0,00;7334,21;77185,38;16/01/2026
7,21502210600000e+24;48429;2025;9;FUNDO FINANCEIRO - FUNFIN;Indireta;3;Fundo Financeiro - FUNFIN;FUNFIN;NA;NA;NA;NA;6310.2022/0001301-8;CPSSS Patronal Oriunda de Sentenças Judiciais - Servidor Civil Ativo - IPREM - Principal;CPSSS Patronal Oriunda Sent Judic - Serv Civil Ativo - IPREM - Princ;7;Receita Intra Corrente;2;1;5;2;2;1;6;A;S;N;N;S;20.1.801.9001;Recursos Vinculados à Previdência Social;N;1000;0,00;0,00;0,00;0,00;0,00;0,00;0,00;0,00;0,00;0,00;0,00;0,00;0,00;16/01/2026
7,21502210600000e+24;48429;2025;8;FUNDO PREVIDENCIÁRIO - FUNPREV;Indireta;3;Fundo Previdenciário - FUNPREV;FUNPREV;NA;NA;NA;NA;6310.2022/0001301-8;CPSSS Patronal Oriunda de Sentenças Judiciais - Servidor Civil Ativo - IPREM - Principal;CPSSS Patronal Oriunda Sent Judic - Serv Civil Ativo - IPREM - Princ;7;Receita Intra Corrente;2;1;5;2;2;1;6;A;S;N;N;S;20.1.800.9001;Recursos Vinculados à Previdência Social;N;1000;0,00;0,00;0,00;0,00;0,00;0,00;0,00;0,00;0,00;0,00;0,00;0,00;0,00;16/01/2026
7,21502210700000e+24;48430;2025;9;FUNDO FINANCEIRO - FUNFIN;Indireta;3;Fundo Financeiro - FUNFIN;FUNFIN;NA;NA;NA;NA;6310.2022/0001301-8;CPSSS Patronal Oriunda de Sentenças Judiciais - Servidor Civil Ativo - OUTROS - Principal;CPSSS Patronal Oriunda Sent Judic - Serv Civil Ativo - OUTROS - Princ;7;Receita Intra Corrente;2;1;5;2;2;1;7;A;S;N;N;S;20.1.801.9001;Recursos Vinculados à Previdência Social;N;1000;0,00;0,00;0,00;0,00;0,00;0,00;0,00;0,00;0,00;0,00;0,00;0,00;0,00;16/01/2026
7,21502210700000e+24;48430;2025;8;FUNDO PREVIDENCIÁRIO - FUNPREV;Indireta;3;Fundo Previdenciário - FUNPREV;FUNPREV;NA;NA;NA;NA;6310.2022/0001301-8;CPSSS Patronal Oriunda de Sentenças Judiciais - Servidor Civil Ativo - OUTROS - Principal;CPSSS Patronal Oriunda Sent Judic - Serv Civil Ativo - OUTROS - Princ;7;Receita Intra Corrente;2;1;5;2;2;1;7;A;S;N;N;S;20.1.800.9001;Recursos Vinculados à Previdência Social;N;1000;0,00;0,00;0,00;0,00;0,00;0,00;0,00;0,00;0,00;0,00;0,00;0,00;0,00;16/01/2026
1,92203011500000e+24;48431;2025;9;FUNDO FINANCEIRO - FUNFIN;Indireta;3;Fundo Financeiro - FUNFIN;FUNFIN;NA;NA;NA;NA;6310.2022/0001301-8;Restituição de Benefícios Previdenciários - FUNFIN - Cobrança Amigável;Restituição de Benefícios Previdenciários - FUNFIN - Cobrança Amigável;1;Receita Corrente;9;2;2;3;0;1;15;A;S;N;N;S;20.1.801.9001;Recursos Vinculados à Previdência Social;N;1020;0,00;0,00;0,00;0,00;0,00;0,00;0,00;0,00;0,00;0,00;0,00;0,00;0,00;16/01/2026
1,92203011600000e+24;48432;2025;9;FUNDO FINANCEIRO - FUNFIN;Indireta;3;Fundo Financeiro - FUNFIN;FUNFIN;NA;NA;NA;NA;6310.2022/0001301-8;Restituição de Benefícios Previdenciários - Inscritos - FUNFIN - Cobrança Amigável;Rest Benef Previd - Inscritos - FUNFIN - Cobrança Amigável;1;Receita Corrente;9;2;2;3;0;1;16;A;S;N;N;S;20.1.801.9001;Recursos Vinculados à Previdência Social;N;1020;0,00;0,00;0,00;0,00;0,00;0,00;0,00;0,00;0,00;0,00;0,00;0,00;0,00;16/01/2026
1,92203011600000e+24;48433;2025;9;FUNDO FINANCEIRO - FUNFIN;Indireta;3;Fundo Financeiro - FUNFIN;FUNFIN;NA;NA;NA;NA;6310.2022/0001301-8;Restituição de Benefícios Previdenciários - Inscritos - FUNFIN - Parcelamento - Cobrança Amigável;Rest Benef Previd - Inscritos - FUNFIN - Parcelamento - Cobr Amigável;1;Receita Corrente;9;2;2;3;0;1;16;A;S;N;N;S;20.1.801.9001;Recursos Vinculados à Previdência Social;N;51840;3947,37;3947,37;3947,37;6947,37;947,37;3947,37;6947,37;2620,21;6532,24;7013,83;8733,65;8224,73;63756,25;16/01/2026
1,92203011700000e+24;48434;2025;9;FUNDO FINANCEIRO - FUNFIN;Indireta;3;Fundo Financeiro - FUNFIN;FUNFIN;NA;NA;NA;NA;6310.2022/0001301-8;Restituição de Benefícios Previdenciários - Execução - FUNFIN - Cobrança amigável;Rest Benef Previd - Execução - FUNFIN - Cobrança amigável;1;Receita Corrente;9;2;2;3;0;1;17;A;S;N;N;S;20.1.801.9001;Recursos Vinculados à Previdência Social;N;1020;0,00;4208,40;0,00;0,00;0,00;0,00;0,00;0,00;0,00;0,00;0,00;0,00;4208,40;16/01/2026
1,92203011700000e+24;48435;2025;9;FUNDO FINANCEIRO - FUNFIN;Indireta;3;Fundo Financeiro - FUNFIN;FUNFIN;NA;NA;NA;NA;6310.2022/0001301-8;Restituição de Benefícios Previdenciários - Execução - FUNFIN - Parcelamento - Cobrança amigável;Rest Benef Previd - Execução - FUNFIN - Parcelamento - Cobr amigável;1;Receita Corrente;9;2;2;3;0;1;17;A;S;N;N;S;20.1.801.9001;Recursos Vinculados à Previdência Social;N;1272;0,00;0,00;0,00;0,00;0,00;0,00;0,00;0,00;0,00;0,00;0,00;0,00;0,00;16/01/2026
1,21501410100000e+24;48451;2025;9;FUNDO FINANCEIRO - FUNFIN;Indireta;3;Fundo Financeiro - FUNFIN;FUNFIN;NA;NA;NA;NA;6310.2022/0001301-8;CPSSS Oriunda de Sentenças Judiciais - Servidor Civil Ativo - PMSP - Principal;CPSSS Oriunda Sent Judiciais - Servidor Civil Ativo - PMSP - Principal;1;Receita Corrente;2;1;5;1;4;1;1;A;S;N;N;S;20.1.801.9001;Recursos Vinculados à Previdência Social;N;2661024;717134,55;229953,29;455953,61;323837,78;313429,21;393047,76;0,00;677155,86;340427,48;239484,50;322990,67;409918,51;4423333,22;16/01/2026
1,21501410100000e+24;48451;2025;8;FUNDO PREVIDENCIÁRIO - FUNPREV;Indireta;3;Fundo Previdenciário - FUNPREV;FUNPREV;NA;NA;NA;NA;6310.2022/0001301-8;CPSSS Oriunda de Sentenças Judiciais - Servidor Civil Ativo - PMSP - Principal;CPSSS Oriunda Sent Judiciais - Servidor Civil Ativo - PMSP - Principal;1;Receita Corrente;2;1;5;1;4;1;1;A;S;N;N;S;20.1.800.9001;Recursos Vinculados à Previdência Social;N;25011072;18049089,41;4526253,89;8139731,20;11850968,54;6620405,99;11767412,69;5758711,58;9524741,09;12354688,42;8601399,99;2157539,85;45546,50;99396489,15;16/01/2026
1,21501410200000e+24;48452;2025;8;FUNDO PREVIDENCIÁRIO - FUNPREV;Indireta;3;Fundo Previdenciário - FUNPREV;FUNPREV;NA;NA;NA;NA;6310.2022/0001301-8;CPSSS Oriunda de Sentenças Judiciais - Servidor Civil Ativo - CMSP - Principal;CPSSS Oriunda Sent Judic - Serv Civil Ativo - CMSP - Principal;1;Receita Corrente;2;1;5;1;4;1;2;A;S;N;N;S;20.1.800.9001;Recursos Vinculados à Previdência Social;N;1000;0,00;0,00;0,00;0,00;0,00;0,00;0,00;0,00;0,00;0,00;0,00;0,00;0,00;16/01/2026
1,21501410200000e+24;48452;2025;9;FUNDO FINANCEIRO - FUNFIN;Indireta;3;Fundo Financeiro - FUNFIN;FUNFIN;NA;NA;NA;NA;6310.2022/0001301-8;CPSSS Oriunda de Sentenças Judiciais - Servidor Civil Ativo - CMSP - Principal;CPSSS Oriunda Sent Judic - Serv Civil Ativo - CMSP - Principal;1;Receita Corrente;2;1;5;1;4;1;2;A;S;N;N;S;20.1.801.9001;Recursos Vinculados à Previdência Social;N;1000;0,00;0,00;0,00;0,00;0,00;0,00;0,00;0,00;0,00;0,00;0,00;0,00;0,00;16/01/2026
1,21501410300000e+24;48453;2025;9;FUNDO FINANCEIRO - FUNFIN;Indireta;3;Fundo Financeiro - FUNFIN;FUNFIN;NA;NA;NA;NA;6310.2022/0001301-8;CPSSS Oriunda de Sentenças Judiciais - Servidor Civil Ativo - TCMSP - Principal;CPSSS Oriunda Sent Judic - Serv Civil Ativo - TCMSP - Principal;1;Receita Corrente;2;1;5;1;4;1;3;A;S;N;N;S;20.1.801.9001;Recursos Vinculados à Previdência Social;N;1000;0,00;0,00;0,00;0,00;0,00;0,00;0,00;0,00;0,00;0,00;0,00;0,00;0,00;16/01/2026
1,21501410300000e+24;48453;2025;8;FUNDO PREVIDENCIÁRIO - FUNPREV;Indireta;3;Fundo Previdenciário - FUNPREV;FUNPREV;NA;NA;NA;NA;6310.2022/0001301-8;CPSSS Oriunda de Sentenças Judiciais - Servidor Civil Ativo - TCMSP - Principal;CPSSS Oriunda Sent Judic - Serv Civil Ativo - TCMSP - Principal;1;Receita Corrente;2;1;5;1;4;1;3;A;S;N;N;S;20.1.800.9001;Recursos Vinculados à Previdência Social;N;1000;0,00;0,00;0,00;0,00;0,00;0,00;0,00;0,00;0,00;0,00;0,00;0,00;0,00;16/01/2026
1,21501410400000e+24;48454;2025;9;FUNDO FINANCEIRO - FUNFIN;Indireta;3;Fundo Financeiro - FUNFIN;FUNFIN;NA;NA;NA;NA;6310.2022/0001301-8;CPSSS Oriunda de Sentenças Judiciais - Servidor Civil Ativo - HSPM - Principal;CPSSS Oriunda Sent Judic - Serv Civil Ativo - HSPM - Principal;1;Receita Corrente;2;1;5;1;4;1;4;A;S;N;N;S;20.1.801.9001;Recursos Vinculados à Previdência Social;N;579720;0,00;29442,62;46569,65;0,00;49057,73;7018,23;0,00;45880,50;14073,45;4649,48;0,00;0,00;196691,66;16/01/2026
1,21501410400000e+24;48454;2025;8;FUNDO PREVIDENCIÁRIO - FUNPREV;Indireta;3;Fundo Previdenciário - FUNPREV;FUNPREV;NA;NA;NA;NA;6310.2022/0001301-8;CPSSS Oriunda de Sentenças Judiciais - Servidor Civil Ativo - HSPM - Principal;CPSSS Oriunda Sent Judic - Serv Civil Ativo - HSPM - Principal;1;Receita Corrente;2;1;5;1;4;1;4;A;S;N;N;S;20.1.800.9001;Recursos Vinculados à Previdência Social;N;71952;0,00;1468,84;10348,45;0,00;3432,24;2842,61;1941,09;5681,31;0,00;9211,05;0,00;3667,11;38592,70;16/01/2026
1,21501410600000e+24;48456;2025;9;FUNDO FINANCEIRO - FUNFIN;Indireta;3;Fundo Financeiro - FUNFIN;FUNFIN;NA;NA;NA;NA;6310.2022/0001301-8;CPSSS Oriunda de Sentenças Judiciais - Servidor Civil Ativo - IPREM - Principal;CPSSS Oriunda Sent Judic - Serv Civil Ativo - IPREM - Principal;1;Receita Corrente;2;1;5;1;4;1;6;A;S;N;N;S;20.1.801.9001;Recursos Vinculados à Previdência Social;N;1000;0,00;0,00;0,00;0,00;0,00;0,00;0,00;0,00;0,00;0,00;0,00;0,00;0,00;16/01/2026
1,21501410600000e+24;48456;2025;8;FUNDO PREVIDENCIÁRIO - FUNPREV;Indireta;3;Fundo Previdenciário - FUNPREV;FUNPREV;NA;NA;NA;NA;6310.2022/0001301-8;CPSSS Oriunda de Sentenças Judiciais - Servidor Civil Ativo - IPREM - Principal;CPSSS Oriunda Sent Judic - Serv Civil Ativo - IPREM - Principal;1;Receita Corrente;2;1;5;1;4;1;6;A;S;N;N;S;20.1.800.9001;Recursos Vinculados à Previdência Social;N;1000;0,00;0,00;0,00;0,00;0,00;0,00;0,00;0,00;0,00;0,00;0,00;0,00;0,00;16/01/2026
1,21501410700000e+24;48457;2025;9;FUNDO FINANCEIRO - FUNFIN;Indireta;3;Fundo Financeiro - FUNFIN;FUNFIN;NA;NA;NA;NA;6310.2022/0001301-8;CPSSS Oriunda de Sentenças Judiciais - Servidor Civil Ativo - OUTROS - Principal;CPSSS Oriunda Sent Judic - Serv Civil Ativo - OUTROS - Principal;1;Receita Corrente;2;1;5;1;4;1;7;A;S;N;N;S;20.1.801.9001;Recursos Vinculados à Previdência Social;N;124944;173468,68;38610,48;24903,92;15794,05;45001,78;22009,97;31407,15;63592,12;26753,24;38131,90;16287,67;7217,43;503178,39;16/01/2026
1,21501410700000e+24;48457;2025;8;FUNDO PREVIDENCIÁRIO - FUNPREV;Indireta;3;Fundo Previdenciário - FUNPREV;FUNPREV;NA;NA;NA;NA;6310.2022/0001301-8;CPSSS Oriunda de Sentenças Judiciais - Servidor Civil Ativo - OUTROS - Principal;CPSSS Oriunda Sent Judic - Serv Civil Ativo - OUTROS - Principal;1;Receita Corrente;2;1;5;1;4;1;7;A;S;N;N;S;20.1.800.9001;Recursos Vinculados à Previdência Social;N;256896;191799,44;38103,11;36807,10;18270,77;86330,53;29042,03;169496,89;63341,84;114385,28;46548,44;19767,87;26962,10;840855,40;16/01/2026
7,92399010200000e+24;48460;2025;1;PREFEITURA DO MUNICÍPIO DE SÃO PAULO;Direta;NA;NA;NA;NA;NA;NA;NA;6021.2023/0034478-3;Outros Ressarcimentos - PMSP;Outros Ressarcimentos - PMSP;7;Receita Intra Corrente;9;2;3;99;0;1;2;A;S;N;N;S;00.1.501.9001;Tesouro Municipal;N;1030281;0,00;0,00;0,00;10635,86;0,00;0,00;0,00;0,00;0,00;0,00;0,00;0,00;10635,86;16/01/2026
8,99999010800000e+24;48475;2025;83;COMPANHIA METROPOLITANA DE HABITAÇÃO DE SÃO PAULO;Indireta;83;Companhia Metropolitana de Habitação de São Paulo;COHAB;NA;NA;NA;NA;7610.2023/0004736-8;Indenização por expropriação de bem imóvel;Indenização por expropriação de bem imóvel;8;Receita Intra de Capital;9;9;9;99;0;1;8;A;S;N;N;N;10.1.756.8003;Alienação de Bens/Ativos;N;1000;0,00;0,00;0,00;0,00;0,00;0,00;0,00;0,00;0,00;0,00;0,00;0,00;0,00;16/01/2026
1,32105010103013e+24;48484;2025;1;PREFEITURA DO MUNICÍPIO DE SÃO PAULO;Direta;93;Fundo Municipal de Assistência Social;FMAS;NA;NA;NA;NA;6024.2023/0009836-3;PMSP-SMADS/FMAS – Emenda Parlamentar Maria Rosas- 20.907-4;PMSP-SMADS/FMAS – Emenda Parlamentar Maria Rosas- 20.907-4;1;Receita Corrente;3;2;1;5;0;1;1;A;S;N;N;N;02.1.660.1487;Transferências Federais;N;1200;213,27;215,16;10,76;169,48;0,00;0,00;0,00;0,00;0,00;0,00;0,00;30,51;639,18;16/01/2026
2,41499015402001e+24;48488;2025;1;PREFEITURA DO MUNICÍPIO DE SÃO PAULO;Direta;25;Secretaria Municipal de Cultura;SMC;NA;NA;NA;NA;6025.2023/0009187-9;Convênio Reforma da Biblioteca Pública Municipal Padre José de Anchieta-  10792/2023 ;Convênio Reforma da Biblioteca Pública Municipal Padre José de Anchiet;2;Receita de Capital;4;1;4;99;0;1;54;A;S;N;N;S;02.1.700.1485;Transferências Federais;N;470846;0,00;0,00;0,00;0,00;0,00;0,00;0,00;0,00;0,00;0,00;0,00;0,00;0,00;16/01/2026
1,32105010104072e+24;48501;2025;1;PREFEITURA DO MUNICÍPIO DE SÃO PAULO;Direta;45;Subprefeitura Santana/Tucuruvi;SUB-ST;NA;NA;NA;NA;6052.2023/0004116-0;PMSP-SUB-ST/Fomento Culturais e Sociais;PMSP-SUB-ST/Fomento Culturais e Sociais;1;Receita Corrente;3;2;1;5;0;1;1;A;S;N;N;N;03.1.701.1490;Transferências Estaduais;N;1000008;0,00;0,00;0,00;0,00;0,00;0,00;0,00;0,00;0,00;0,00;0,00;0,00;0,00;16/01/2026
1,32105010104072e+24;48502;2025;1;PREFEITURA DO MUNICÍPIO DE SÃO PAULO;Direta;45;Subprefeitura Santana/Tucuruvi;SUB-ST;NA;NA;NA;NA;6052.2023/0004129-1;PMSP-SUB-ST/Revitalização do Canteiro Central da Av. Bráz Leme;PMSP-SUB-ST/Revitalização do Canteiro Central da Av. Bráz Leme;1;Receita Corrente;3;2;1;5;0;1;1;A;S;N;N;N;03.1.701.1489;Transferências Estaduais;N;1000008;0,00;0,00;0,00;0,00;0,00;0,00;0,00;0,00;0,00;0,00;0,00;0,00;0,00;16/01/2026
1,32105010109007e+24;48520;2025;1;PREFEITURA DO MUNICÍPIO DE SÃO PAULO;Direta;98;Fundo de Desenvolvimento Urbano;FUNDURB;NA;NA;NA;NA;6068.2023/0003138-2;PMSP-SMUL - AIU Setor Central;PMSP-SMUL - AIU Setor Central;1;Receita Corrente;3;2;1;5;0;1;1;A;S;N;N;N;08.1.759.1491;Tesouro Municipal - Recursos Vinculados;N;0;0,00;0,00;0,00;0,00;0,00;0,00;0,00;0,00;0,00;9374,00;5637,54;6609,96;21621,50;16/01/2026
1,91108020600000e+24;48526;2025;1;PREFEITURA DO MUNICÍPIO DE SÃO PAULO;Direta;NA;NA;NA;NA;NA;NA;NA;"6021.2021/0056969-2; 6017.2023/0063761-4";Multas Decorrentes de Sentenças Judiciais - Multas e Juros;Multas Decorrentes de Sentenças Judiciais - Multas e Juros;1;Receita Corrente;9;1;1;8;0;2;6;A;S;N;N;S;00.1.501.9001;Tesouro Municipal;N;0;0,00;0,00;0,00;0,00;0,00;4899,86;0,00;0,00;922225,26;413,57;0,00;0,00;927538,69;16/01/2026
1,32101010104004e+24;48529;2025;1;PREFEITURA DO MUNICÍPIO DE SÃO PAULO;Direta;29;Secretaria Municipal de Urbanismo e Licenciamento;SMUL;NA;NA;NA;NA;6021.2022/0004518-0;Receita de Remuneração de Depósitos Judiciais - Operação Urbana Água Espraiada;Receita de Remuneração de Dep Judiciais - Op Urbana Água Espraiada;1;Receita Corrente;3;2;1;1;0;1;1;A;S;N;N;N;08.1.799.0624;Tesouro Municipal - Recursos Vinculados;N;273646;17021,71;0,00;75915,94;992989,68;0,00;0,00;112836,76;0,00;126803,55;10546,74;0,00;69952,60;1406066,98;16/01/2026
1,32105010103020e+24;48548;2025;1;PREFEITURA DO MUNICÍPIO DE SÃO PAULO;Direta;84;Fundo Municipal de Saúde;FMS/SMS;NA;NA;NA;NA;6018.2023/0097207-9;SMS/FMS/EP TRANSFER ESPECIAL 28180010;SMS/FMS/EP TRANSFER ESPECIAL 28180010;1;Receita Corrente;3;2;1;5;0;1;1;A;S;N;S;N;02.1.706.1494;Transferências Federais;N;36000;4443,40;3846,53;3787,51;4206,34;1480,30;0,00;0,00;0,00;0,00;0,00;0,00;0,00;17764,08;16/01/2026
1,32105010103020e+24;48549;2025;1;PREFEITURA DO MUNICÍPIO DE SÃO PAULO;Direta;84;Fundo Municipal de Saúde;FMS/SMS;NA;NA;NA;NA;6018.2023/0097288-5;SMS/FMS/EP TRANSFER ESPECIAL 90320007;SMS/FMS/EP TRANSFER ESPECIAL 90320007;1;Receita Corrente;3;2;1;5;0;1;1;A;S;N;S;N;02.1.706.1495;Transferências Federais;N;180000;0,00;0,00;0,00;0,00;0,00;0,00;0,00;0,00;0,00;0,00;0,00;0,00;0,00;16/01/2026
1,99999321400000e+24;48555;2025;1;PREFEITURA DO MUNICÍPIO DE SÃO PAULO;Direta;NA;NA;NA;NA;NA;NA;NA;6014.2022/0004014-8;Outras Receitas Financeiras - Programa Pode Entrar;Outras Receitas Financeiras - Programa Pode Entrar;1;Receita Corrente;9;9;9;99;3;2;14;A;S;N;N;S;00.1.501.9001;Tesouro Municipal;N;9395496;709232,52;806617,85;711236,60;662533,70;608898,22;477979,18;368137,67;388358,42;330920,03;307014,59;281152,64;218550,63;5870632,05;16/01/2026
1,32105010104038e+24;48574;2025;1;PREFEITURA DO MUNICÍPIO DE SÃO PAULO;Direta;14;Secretaria Municipal de Habitação;SEHAB;NA;NA;NA;NA;6017.2023/0067977-5;PMSP-SEHAB/Prog Recup Amb  Mananciais, Urb Fav-Guarapiranga e Billings;PMSP-SEHAB/Prog Recup Amb  Mananciais, Urb Fav-Guarapiranga e Billings;1;Receita Corrente;3;2;1;5;0;1;1;A;S;N;N;N;03.1.701.0603;Transferências Estaduais;N;0;506206,52;485781,65;476040,39;523391,37;576957,69;568719,97;653606,56;612343,87;647475,92;688135,06;575401,23;663856,05;6977916,28;16/01/2026
1,92302013800000e+24;48592;2025;18;CÂMARA MUNICIPAL;Legislativo;9;Câmara Municipal de São Paulo;CMSP;NA;NA;NA;NA;6017.2023/0069107-4;Ressarcimento de despesa de pessoal cedido - Vencimentos - CMSP;Ressarcimento de despesa de pessoal cedido - Vencimentos - CMSP;1;Receita Corrente;9;2;3;2;0;1;38;A;S;N;N;S;00.1.500.9001;Tesouro Municipal;N;513721;84531,96;82607,60;38039,38;38039,38;38039,38;0,00;77067,78;39028,40;39028,40;39028,40;39028,40;0,00;514439,08;16/01/2026
1,32105010103031e+24;48598;2025;1;PREFEITURA DO MUNICÍPIO DE SÃO PAULO;Direta;25;Secretaria Municipal de Cultura;SMC;NA;NA;NA;NA;6025.2023/0023657-5;PMSP - SMC/ Fundação Cultural Palmares - Convênio 948869/2023;PMSP - SMC/ Fundação Cultural Palmares - Convênio 948869/2023;1;Receita Corrente;3;2;1;5;0;1;1;A;S;N;N;N;02.1.700.1498;Transferências Federais;N;300000;0,00;0,00;13451,60;0,00;0,00;0,00;0,00;0,00;0,00;0,00;0,00;0,00;13451,60;16/01/2026
1,32105010102044e+24;48601;2025;1;PREFEITURA DO MUNICÍPIO DE SÃO PAULO;Direta;20;Secretaria Municipal de Mobilidade Urbana e Transporte - SMT;SMT;NA;NA;NA;NA;6017.2023/0063361-9;PMSP - SF/PMSP/ Ônibus Elétrico-BNDES-Opcred SF 04/23;PMSP - SF/PMSP/ Ônibus Elétrico-BNDES-Opcred SF 04/23;1;Receita Corrente;3;2;1;5;0;1;1;A;S;N;N;N;01.1.754.1499;Operações de Crédito;N;0;0,00;0,00;0,00;0,00;1143384,55;1824493,75;2138085,93;270700,44;972690,46;1226592,04;827432,57;2243304,12;10646683,86;16/01/2026
1,32105010102044e+24;48610;2025;1;PREFEITURA DO MUNICÍPIO DE SÃO PAULO;Direta;20;Secretaria Municipal de Mobilidade Urbana e Transporte - SMT;SMT;NA;NA;NA;NA;6017.2023/0067123-5;PMSP- SF/PMSP/Onibus Elétrico-CEF-Opcred SF 01/23;PMSP- SF/PMSP/Onibus Elétrico-CEF-Opcred SF 01/23;1;Receita Corrente;3;2;1;5;0;1;1;A;S;N;N;N;01.1.754.1493;Operações de Crédito;N;0;0,00;0,00;309281,51;18391,51;321929,39;1331890,49;699948,61;127335,85;134641,49;20523,51;731079,23;892518,71;4587540,30;16/01/2026
1,32101010289002e+24;48628;2025;30;SÃO PAULO URBANISMO;Indireta;5;São Paulo Urbanismo;SPU;NA;NA;NA;NA;7810.2023/0001611-7;Remuneração de Depósitos Bancários - DESAPROPRIAÇÃO - SP URBANISMO;Remuneração de Depósitos Bancários - DESAPROPRIAÇÃO - SP URBANISMO;1;Receita Corrente;3;2;1;1;0;1;2;A;S;N;N;S;09.1.501.9001;Recursos Próprios da Empresa Dependente;N;0;243686,29;234431,29;225862,50;249383,84;268815,45;253375,98;273468,95;222506,25;203113,96;180297,73;120264,08;111000,89;2586207,21;16/01/2026
1,32101010289003e+24;48629;2025;30;SÃO PAULO URBANISMO;Indireta;5;São Paulo Urbanismo;SPU;NA;NA;NA;NA;7810.2023/0001611-7;Remuneração de Depósitos Bancários - Operações Urbanas - SP URBANISMO;Remuneração de Depósitos Bancários - Operações Urbanas - SP URBANISMO;1;Receita Corrente;3;2;1;1;0;1;2;A;S;N;N;S;09.1.501.9001;Recursos Próprios da Empresa Dependente;N;1000;26284,47;25958,59;25521,68;28434,96;30954,86;29905,48;35074,67;32389,29;34323,64;36387,13;30371,06;34869,86;370475,69;16/01/2026
1,32101010289004e+24;48630;2025;30;SÃO PAULO URBANISMO;Indireta;5;São Paulo Urbanismo;SPU;NA;NA;NA;NA;7810.2023/0001611-7;Remuneração de Depósitos Bancários - Mobiliário Urbano - SP URBANISMO;Remuneração de Depósitos Bancários - Mobiliário Urbano - SP URBANISMO;1;Receita Corrente;3;2;1;1;0;1;2;A;S;N;N;S;09.1.501.9001;Recursos Próprios da Empresa Dependente;N;540000;56260,87;55250,74;54250,49;60205,02;65312,86;63063,91;8863,18;68028,31;72282,38;76138,31;63914,47;73213,63;716784,17;16/01/2026
1,32101010289005e+24;48631;2025;30;SÃO PAULO URBANISMO;Indireta;5;São Paulo Urbanismo;SPU;NA;NA;NA;NA;7810.2023/0001611-7;Remuneração de Depósitos Bancários - Cauções - SP URBANISMO;Remuneração de Depósitos Bancários - Cauções - SP URBANISMO;1;Receita Corrente;3;2;1;1;0;1;2;A;S;N;N;S;09.1.501.9001;Recursos Próprios da Empresa Dependente;N;1000;1402,29;1388,20;1365,18;1522,65;1655,91;1598,31;1877,66;1731,88;1835,65;1945,60;1623,69;1865,01;19812,03;16/01/2026
1,31102010328000e+24;48632;2025;30;SÃO PAULO URBANISMO;Indireta;5;São Paulo Urbanismo;SPU;NA;NA;NA;NA;7810.2023/0001611-7;Concessão para Exploração Comercial nos Espaços Loja 11 e nos 25º, 26º, 27º E 28º Andares do Ed. Martinelli;Concessão para Exploração Comercial Ed. Martinelli;1;Receita Corrente;3;1;1;2;0;1;3;A;S;N;N;S;09.1.501.9001;Recursos Próprios da Empresa Dependente;N;1782000;172709,67;0,00;341395,45;156878,31;169058,25;191496,89;182914,90;204890,69;187865,98;202168,24;190272,66;180851,95;2180502,99;16/01/2026
1,32101010289006e+24;48634;2025;30;SÃO PAULO URBANISMO;Indireta;5;São Paulo Urbanismo;SPU;NA;NA;NA;NA;7810.2023/0001611-7;Remuneração de Depósitos Bancários - DESAPROPRIAÇÃO - SP URBANISMO;Remuneração de Depósitos Bancários - DESAPROPRIAÇÃO - SP URBANISMO;1;Receita Corrente;3;2;1;1;0;1;2;A;S;N;N;S;10.1.756.8003;Alienação de Bens/Ativos;N;3600000;0,00;0,00;0,00;0,00;0,00;0,00;0,00;0,00;0,00;0,00;0,00;0,00;0,00;16/01/2026
1,32105010103013e+24;48642;2025;1;PREFEITURA DO MUNICÍPIO DE SÃO PAULO;Direta;93;Fundo Municipal de Assistência Social;FMAS;NA;NA;NA;NA;6024.2023/0013343-6;PMSP-SMADS/FMAS-Emenda Parlamentar Individual - 20.872-8;PMSP-SMADS/FMAS-Emenda Parlamentar Individual - 20.872-8;1;Receita Corrente;3;2;1;5;0;1;1;A;S;N;N;N;02.1.660.1500;Transferências Federais;N;1200;253,38;235,29;12,75;0,00;0,00;0,00;0,00;0,00;0,00;0,00;0,00;0,00;501,42;16/01/2026
1,32105010104042e+24;48655;2025;1;PREFEITURA DO MUNICÍPIO DE SÃO PAULO;Direta;38;Secretaria Municipal de Segurança Urbana;SMSU;NA;NA;NA;NA;6010.2023/0000319-6;PMSP-SMSU/Aquisição de Coletes Balísticos para Guarda Civil Municipal;PMSP-SMSU/Aquisição de Coletes Balísticos para Guarda Civil Municipal;1;Receita Corrente;3;2;1;5;0;1;1;A;S;N;N;N;03.1.700.1502;Transferências Estaduais;N;0;0,00;0,00;0,00;0,00;0,00;0,00;0,00;0,00;0,00;0,00;0,00;0,00;0,00;16/01/2026
1,32105010103064e+24;48658;2025;1;PREFEITURA DO MUNICÍPIO DE SÃO PAULO;Direta;48;Subprefeitura Lapa;SUB-LA;NA;NA;NA;NA;6044.2023/0008618-6;Transferência Especial PMSP-SUB-LA 21.128-1;Transferência Especial PMSP-SUB-LA 21.128-1;1;Receita Corrente;3;2;1;5;0;1;1;A;S;N;N;N;02.1.706.1506;Transferências Federais;N;144996;0,00;0,00;0,00;0,00;0,00;0,00;0,00;0,00;0,00;0,00;0,00;0,00;0,00;16/01/2026
1,32105010103013e+24;48674;2025;1;PREFEITURA DO MUNICÍPIO DE SÃO PAULO;Direta;93;Fundo Municipal de Assistência Social;FMAS;NA;NA;NA;NA;6024.2023/0013345-2;Proteção Social Básica – FMAS/2024;Proteção Social Básica – FMAS/2024;1;Receita Corrente;3;2;1;5;0;1;1;A;S;N;N;N;03.1.661.1503;Transferências Estaduais;N;12000;22562,23;20947,46;20626,05;22906,90;24929,61;23253,40;25688,70;22296,98;22585,55;17949,21;8873,82;3312,07;235931,98;16/01/2026
1,32105010103013e+24;48675;2025;1;PREFEITURA DO MUNICÍPIO DE SÃO PAULO;Direta;93;Fundo Municipal de Assistência Social;FMAS;NA;NA;NA;NA;6024.2023/0013345-2;Proteção Social Especial Média Complexidade – FMAS/2024;Proteção Social Especial Média Complexidade – FMAS/2024;1;Receita Corrente;3;2;1;5;0;1;1;A;S;N;N;N;03.1.661.1504;Transferências Estaduais;N;12000;312,99;290,60;286,14;317,78;345,83;336,89;398,94;367,09;389,23;411,11;343,48;402,72;4202,80;16/01/2026
1,32105010103013e+24;48676;2025;1;PREFEITURA DO MUNICÍPIO DE SÃO PAULO;Direta;93;Fundo Municipal de Assistência Social;FMAS;NA;NA;NA;NA;6024.2023/0013345-2;Proteção Social Especial Alta Complexidade – FMAS/2024;Proteção Social Especial Alta Complexidade – FMAS/2024;1;Receita Corrente;3;2;1;5;0;1;1;A;S;N;N;N;03.1.661.1505;Transferências Estaduais;N;12000;34,26;31,81;31,32;34,79;37,86;36,87;43,67;40,19;42,61;45,00;37,60;44,08;460,06;16/01/2026
7,69999010108000e+24;48699;2025;30;SÃO PAULO URBANISMO;Indireta;5;São Paulo Urbanismo;SPU;NA;NA;NA;NA;7810.2023/0001611-7;Contratos com PMSP - Tesouro Municipal - Recebido no Mês;Contratos com PMSP - Tesouro Municipal - Recebido no Mês;7;Receita Intra Corrente;6;9;9;99;0;1;1;A;S;N;N;S;09.1.501.9001;Recursos Próprios da Empresa Dependente;N;1000;0,00;0,00;0,00;0,00;0,00;0,00;0,00;0,00;0,00;75121,18;0,00;97356,60;172477,78;16/01/2026
7,69999010109000e+24;48700;2025;30;SÃO PAULO URBANISMO;Indireta;5;São Paulo Urbanismo;SPU;NA;NA;NA;NA;7810.2023/0001611-7;Contratos com PMSP - FUNDURB - Recebido no Mês;Contratos com PMSP - FUNDURB - Recebido no Mês;7;Receita Intra Corrente;6;9;9;99;0;1;1;A;S;N;N;S;09.1.501.9001;Recursos Próprios da Empresa Dependente;N;1000;0,00;0,00;0,00;0,00;0,00;0,00;0,00;0,00;0,00;0,00;0,00;1430650,80;1430650,80;16/01/2026
7,69999010111000e+24;48702;2025;30;SÃO PAULO URBANISMO;Indireta;5;São Paulo Urbanismo;SPU;NA;NA;NA;NA;7810.2023/0001611-7;Operações Urbanas - Percentual dos Leilões;Operações Urbanas - Percentual dos Leilões;7;Receita Intra Corrente;6;9;9;99;0;1;1;A;S;N;N;S;09.1.501.9001;Recursos Próprios da Empresa Dependente;N;1000;0,00;0,00;0,00;0,00;0,00;0,00;0,00;0,00;0,00;0,00;0,00;0,00;0,00;16/01/2026
1,32105010103035e+24;48707;2025;1;PREFEITURA DO MUNICÍPIO DE SÃO PAULO;Direta;19;Secretaria Municipal de Esportes e Lazer;SEME;NA;NA;NA;NA;6019.2023/0002806-6;PMSP-SEME/CDC Areião de Vila Carmosina/Ano 2023;PMSP-SEME/CDC Areião de Vila Carmosina/Ano 2023;1;Receita Corrente;3;2;1;5;0;1;1;A;S;N;N;N;02.1.706.1501;Transferências Federais;N;0;2544,43;2362,32;2326,08;2583,30;2811,40;2738,61;3243,15;2984,09;3164,17;3341,99;2792,24;3273,86;34165,64;16/01/2026
6,21800810115071e+24;48712;2025;83;COMPANHIA METROPOLITANA DE HABITAÇÃO DE SÃO PAULO;Indireta;83;Companhia Metropolitana de Habitação de São Paulo;COHAB;NA;NA;NA;NA;NA;Cohab Reforma - Cartórios;Cohab Reforma - Cartórios;6;Receita Extraorçamentária;2;1;8;0;8;1;1;A;N;N;N;S;12.1.869.9001;Recursos Extraorçamentários;N;0;0,00;0,00;0,00;0,00;0,00;0,00;1501,21;0,00;0,00;0,00;0,00;0,00;1501,21;16/01/2026
6,21800810115072e+24;48729;2025;83;COMPANHIA METROPOLITANA DE HABITAÇÃO DE SÃO PAULO;Indireta;83;Companhia Metropolitana de Habitação de São Paulo;COHAB;NA;NA;NA;NA;NA;Cohab Reforma - ART/RRT;Cohab Reforma - ART/RRT;6;Receita Extraorçamentária;2;1;8;0;8;1;1;A;N;N;N;N;12.1.869.9001;Recursos Extraorçamentários;N;0;0,00;0,00;0,00;0,00;0,00;0,00;26658,70;0,00;0,00;0,00;0,00;0,00;26658,70;16/01/2026
2,22101010400000e+24;48739;2025;30;SÃO PAULO URBANISMO;Indireta;5;São Paulo Urbanismo;SPU;NA;NA;NA;NA;7810.2023/0001611-7;Alienação de Outros Bens Imóveis/Desapropriações - SP Urbanismo;Alienação de Outros Bens Imóveis/Desapropriações - SP Urbanismo;2;Receita de Capital;2;2;1;1;0;1;4;A;S;N;N;S;10.1.756.8003;Alienação de Bens/Ativos;N;1000;0,00;0,00;0,00;0,00;0,00;0,00;0,00;0,00;0,00;0,00;0,00;0,00;0,00;16/01/2026
7,11250030100000e+24;48745;2025;1;PREFEITURA DO MUNICÍPIO DE SÃO PAULO;Direta;NA;NA;NA;NA;NA;NA;NA;6017.2024/0001207-1;TDM - Imposto sobre a Propriedade Predial e Territorial Urbana - Dívida Ativa;TDM - IPTU - Dívida Ativa;7;Receita Intra Corrente;1;1;2;50;0;3;1;A;S;N;N;S;00.1.500.9001;Tesouro Municipal;N;204869;0,00;0,00;0,00;0,00;0,00;0,00;0,00;0,00;0,00;0,00;0,00;0,00;0,00;16/01/2026
7,92302010600000e+24;48748;2025;4;HOSPITAL DO SERVIDOR PÚBLICO MUNICIPAL;Indireta;2;Hospital do Servidor Público Municipal;HSPM;NA;NA;NA;NA;6210.2024/0000318-7;Ressarcimento de despesa de pessoal cedido - HSPM;Ressarcimento de despesa de pessoal cedido - HSPM;7;Receita Intra Corrente;9;2;3;2;0;1;6;A;S;N;N;S;00.1.500.9001;Tesouro Municipal;N;79656;42439,26;6102,74;6850,63;6629,65;6088,99;6247,30;6247,30;6247,30;6247,30;6247,30;7054,45;6247,30;112649,52;16/01/2026
1,91109011100000e+24;48751;2025;7;AGÊNCIA REG. DE SERV. PÚBLICOS DE SÃO PAULO;Indireta;33;Agência Reg. de Serv. Públicos do Mun de São Paulo;SPREGULA;NA;NA;NA;NA;9310.2024/0000027-9;Multas - Contratos da Administração Indireta - SP-Regula - Serviços Funerários e Cemiteriais;Multas - Contr AdmInd - SP-Regula - Serv Fun e Cemiteriais;1;Receita Corrente;9;1;1;9;0;1;11;A;S;N;N;S;06.1.501.9001;Recursos Próprios da Administração Indireta;N;99996;21082,65;0,00;-4471,10;0,00;6000,00;0,00;2000,00;0,00;31986,04;12318,94;0,00;181079,07;249995,60;16/01/2026
1,35102010300000e+24;48760;2025;1;PREFEITURA DO MUNICÍPIO DE SÃO PAULO;Direta;11;Secretaria do Governo Municipal;SGM;NA;NA;NA;NA;Registra as receitas provenientes do exercício de atividades que sejam afetas à exploração dos direitos de uso da imagem e de reprodução de bens do acervo patrimonial sob sua jurisdição formalizados por meio de contrato de patrocínio.;Contrato de Patrocínio - Carnaval;Contratos de Patrocínios da Prefeitura de São Paulo;1;Receita Corrente;3;5;1;2;0;1;3;A;S;N;N;S;05.1.799.1353;Outras Fontes;N;26600000;27851455,41;0,00;0,00;0,00;0,00;0,00;0,00;0,00;0,00;0,00;0,00;0,00;27851455,41;16/01/2026
1,32105010106038e+24;48766;2025;1;PREFEITURA DO MUNICÍPIO DE SÃO PAULO;Direta;14;Secretaria Municipal de Habitação;SEHAB;NA;NA;NA;NA;6017.2024/0001817-7;PMSP-SEHAB-Projeto Comum do Programa URB-AL;PMSP-SEHAB-Projeto Comum do Programa URB-AL;1;Receita Corrente;3;2;1;5;0;1;1;A;S;N;N;N;05.1.749.0390;Outras Fontes;N;0;8433,02;7644,35;7527,06;8359,41;9097,55;8861,99;10494,64;9656,35;10239,10;10814,49;9035,52;10594,06;110757,54;16/01/2026
1,32105010103034e+24;48772;2025;1;PREFEITURA DO MUNICÍPIO DE SÃO PAULO;Direta;16;Secretaria Municipal de Educação;SME;NA;NA;NA;NA;6016.2024/0001897-0;Transferências Especiais - PMSP/SME - CEI Anglicana;Transferências Especiais - PMSP/SME - CEI Anglicana;1;Receita Corrente;3;2;1;5;0;1;1;A;S;S;N;N;02.1.706.1509;Transferências Federais;N;0;375,67;348,79;343,44;381,41;415,09;404,35;478,84;440,59;467,17;493,44;412,26;483,37;5044,42;16/01/2026
1,32105010103065e+24;48775;2025;1;PREFEITURA DO MUNICÍPIO DE SÃO PAULO;Direta;58;Subprefeitura M'Boi Mirim;SUB-MB;NA;NA;NA;NA;6045.2023/0003240-5;PMSP-SUB-MB/ Obras de Readequação na Rua João de Almada;PMSP-SUB-MB/ Obras de Readequação na Rua João de Almada;1;Receita Corrente;3;2;1;5;0;1;1;A;S;N;N;N;02.1.706.1511;Transferências Federais;N;5004;11568,59;10740,62;10575,83;11745,31;12782,44;12451,46;14745,40;13567,57;14386,36;15194,80;11463,09;4327,53;143549,00;16/01/2026
1,32105010103038e+24;48778;2025;1;PREFEITURA DO MUNICÍPIO DE SÃO PAULO;Direta;14;Secretaria Municipal de Habitação;SEHAB;NA;NA;NA;NA;6017.2024/0001814-2;PMSP-SEHAB/Urbanização de Assentamentos Precários/TC nº 0302574-29;PMSP-SEHAB/Urbanização de Assentamentos Precários/TC nº 0302574-29;1;Receita Corrente;3;2;1;5;0;1;1;A;S;N;N;N;02.1.700.0695;Transferências Federais;N;0;62874,20;60337,29;59127,36;65008,68;71661,96;70638,79;81182,27;65405,82;0,00;0,00;0,00;0,00;536236,37;16/01/2026
1,32105010103034e+24;48787;2025;1;PREFEITURA DO MUNICÍPIO DE SÃO PAULO;Direta;16;Secretaria Municipal de Educação;SME;NA;NA;NA;NA;6016.2024/0006197-2;SME/ FNDE Lei nº 14.640/23 - Programa Escola em Tempo Integral - E.T.I;SME/ FNDE Lei nº 14.640/23 - Programa Escola em Tempo Integral - E.T.I;1;Receita Corrente;3;2;1;5;0;1;1;A;S;S;N;N;02.1.569.1512;Transferências Federais;N;0;283587,30;277218,91;107545,29;120711,03;132216,16;129143,98;152153,19;140190,10;126892,35;10210,11;83,64;97,43;1480049,49;16/01/2026
1,92302013900000e+24;48792;2025;18;CÂMARA MUNICIPAL;Legislativo;9;Câmara Municipal de São Paulo;CMSP;NA;NA;NA;NA;6017.2024/0003294-3;Ressarcimento de despesa de pessoal cedido - Encargos Patronais - CMSP;Ressarcimento de despesa de pessoal cedido - Encargos Patronais - CMSP;1;Receita Corrente;9;2;3;2;0;1;39;A;S;N;N;S;00.1.500.9001;Tesouro Municipal;N;178024;27388,34;27388,34;13694,17;13694,17;13694,17;0,00;22349,65;11318,24;11318,24;11318,24;11318,24;0,00;163481,80;16/01/2026
1,32105010104064e+24;48797;2025;1;PREFEITURA DO MUNICÍPIO DE SÃO PAULO;Direta;48;Subprefeitura Lapa;SUB-LA;NA;NA;NA;NA;6044.2023/0008618-6;Transferência Especial PMSP-SUB-LA 21.128-1;Transferência Especial PMSP-SUB-LA 21.128-1;1;Receita Corrente;3;2;1;5;0;1;1;A;S;N;N;N;03.1.710.1506;Transferências Estaduais;N;1452;0,00;0,00;0,00;0,00;0,00;0,00;0,00;0,00;0,00;0,00;0,00;0,00;0,00;16/01/2026
1,71552010100000e+24;48801;2025;1;PREFEITURA DO MUNICÍPIO DE SÃO PAULO;Direta;16;Secretaria Municipal de Educação;SME;NA;NA;NA;NA;6016.2024/0010872-3;Transferências de Recursos de Complementação da União ao Fundeb – VAAR;Transferências de Recursos de Complementação da União ao Fundeb – VAAR;1;Receita Corrente;7;1;5;52;0;1;1;A;S;S;N;S;04.1.543.9001;Fundo Constitucional da Educação;N;27831608;81406237,19;0,00;0,00;4055655,67;0,00;0,00;0,00;0,00;0,00;0,00;0,00;0,00;85461892,86;16/01/2026
1,32105010103036e+24;48807;2025;1;PREFEITURA DO MUNICÍPIO DE SÃO PAULO;Direta;19;Secretaria Municipal de Esportes e Lazer;SEME;NA;NA;NA;NA;6019.2023/0003540-2;Transferência Especial - PMSP-SEME/CDC Vila Albertina;Transferência Especial - PMSP-SEME/CDC Vila Albertina;1;Receita Corrente;3;2;1;5;0;1;1;A;S;N;N;N;02.1.706.1514;Transferências Federais;N;0;79,12;73,45;72,33;80,32;87,42;85,15;100,84;92,79;98,38;103,91;86,82;101,80;1062,33;16/01/2026
1,32105010103067e+24;48814;2025;1;PREFEITURA DO MUNICÍPIO DE SÃO PAULO;Direta;60;Subprefeitura Parelheiros;SUB-PA;NA;NA;NA;NA;6047.2023/0001831-4;PMSP-SUB-PA/Readequação de Área Pública- Pista de Skate -Praça do Trabalhador;PMSP-SUB-PA/Readeq. Área Pública- Pista de Skate -Praça do Trabalhador;1;Receita Corrente;3;2;1;5;0;1;1;A;S;N;N;N;02.1.706.1515;Transferências Federais;N;5004;622,81;578,24;569,37;632,33;688,16;670,34;793,84;730,43;774,51;818,04;683,47;801,36;8362,90;16/01/2026
2,41951011900000e+24;48817;2025;1;PREFEITURA DO MUNICÍPIO DE SÃO PAULO;Direta;60;Subprefeitura Parelheiros;SUB-PA;NA;NA;NA;NA;6047.2023/0001831-4;PMSP-SUB-PA/Readequação de Área Pública - Pista de Skate - Praça do Trabalhador;PMSP-SUB-PA/Readeq. Área Pública- Pista de Skate -Praça do Trabalhador;2;Receita de Capital;4;1;9;51;0;1;19;A;S;N;N;S;02.1.706.1515;Transferências Federais;N;500004;0,00;0,00;0,00;0,00;0,00;0,00;0,00;0,00;0,00;0,00;0,00;0,00;0,00;16/01/2026
1,32105010103051e+24;48820;2025;1;PREFEITURA DO MUNICÍPIO DE SÃO PAULO;Direta;59;Subprefeitura Capela do Socorro;SUB-CS;NA;NA;NA;NA;6057.2023/0004105-1;PMSP-SUB-CS/Readequação de área pública-Pista de Skate - Av. Dr. Sebastião Medeiros;PMSP-SUB-CS/Read. área pública-Pista Skate -Av. Dr. Sebastião Medeiros;1;Receita Corrente;3;2;1;5;0;1;1;A;S;N;N;N;02.1.706.1516;Transferências Federais;N;2856;1239,97;1151,22;1133,55;1258,91;1370,06;1334,60;1580,46;1454,22;1541,99;1628,63;1360,72;1595,44;16649,77;16/01/2026
2,41951012000000e+24;48823;2025;1;PREFEITURA DO MUNICÍPIO DE SÃO PAULO;Direta;59;Subprefeitura Capela do Socorro;SUB-CS;NA;NA;NA;NA;6057.2023/0004105-1;PMSP-SUB-CS/Readequação de área pública-Pista de Skate - Av. Dr. Sebastião Medeiros;PMSP-SUB-CS/Read. área pública-Pista Skate -Av. Dr. Sebastião Medeiros;2;Receita de Capital;4;1;9;51;0;1;20;A;S;N;N;S;02.1.706.1516;Transferências Federais;N;500004;0,00;0,00;0,00;0,00;0,00;0,00;0,00;0,00;0,00;0,00;0,00;0,00;0,00;16/01/2026
1,71350112300000e+24;48832;2025;1;PREFEITURA DO MUNICÍPIO DE SÃO PAULO;Direta;84;Fundo Municipal de Saúde;FMS/SMS;NA;NA;NA;NA;6017.2023/0042665-6;Transferências provenientes do Governo Federal destinadas ao vencimento dos Agentes Comunitários de Saúde - ACS;Transf destinadas ao vencimento dos Agentes Comunitários de Saúde-ACS;1;Receita Corrente;7;1;3;50;1;1;23;A;S;N;S;S;02.1.604.1168;Transferências Federais;N;370500000;28832892,00;28832892,00;28832892,00;28832892,00;28832892,00;28832892,00;28832892,00;28832892,00;28832892,00;28832892,00;28832892,00;57665784,00;374827596,00;16/01/2026
1,71350310400000e+24;48835;2025;1;PREFEITURA DO MUNICÍPIO DE SÃO PAULO;Direta;84;Fundo Municipal de Saúde;FMS/SMS;NA;NA;NA;NA;6017.2023/0042665-6;Transferências provenientes do Governo Federal destinadas ao vencimento dos Agentes de Combate às Endemias - ACE;Transf destinadas ao vencimento dos agentes de combate às endemias-ACE;1;Receita Corrente;7;1;3;50;3;1;4;A;S;N;S;S;02.1.604.1168;Transferências Federais;N;76700000;6150936,00;6147900,00;6135756,00;6114504,00;6111468,00;6075036,00;6084144,00;6096288,00;6078072,00;6072000,00;6065928,00;12119712,00;79251744,00;16/01/2026
1,32105010109011e+24;49054;2025;1;PREFEITURA DO MUNICÍPIO DE SÃO PAULO;Direta;94;Fundo Especial do Meio Ambiente e Desenvolvimento Sustentável;FEMA;NA;NA;NA;NA;6017.2024/0007484-0;PMSP/SVMA/SNUC LEI 9985 - RVS Anhanguera;PMSP/SVMA/SNUC LEI 9985 - RVS Anhanguera;1;Receita Corrente;3;2;1;5;0;1;1;A;S;N;N;N;08.1.759.1301;Tesouro Municipal - Recursos Vinculados;N;19668;6691,48;6212,56;6117,25;6793,69;7393,59;7202,15;8528,99;6460,68;2124,96;2244,36;657,79;502,87;60930,37;16/01/2026
1,32105010109011e+24;49055;2025;1;PREFEITURA DO MUNICÍPIO DE SÃO PAULO;Direta;94;Fundo Especial do Meio Ambiente e Desenvolvimento Sustentável;FEMA;NA;NA;NA;NA;6017.2024/0007484-0;PMSP-SVMA/SNUC LEI 9985 - PNM Fazenda do Carmo;PMSP-SVMA/SNUC LEI 9985 - PNM Fazenda do Carmo;1;Receita Corrente;3;2;1;5;0;1;1;A;S;N;N;N;08.1.759.1297;Tesouro Municipal - Recursos Vinculados;N;19368;6586,48;6115,09;6021,26;6687,10;7277,57;7089,14;8395,17;9663,95;16854,55;17801,68;14873,34;17438,84;124804,17;16/01/2026
2,99999010158011e+24;49056;2025;1;PREFEITURA DO MUNICÍPIO DE SÃO PAULO;Direta;94;Fundo Especial do Meio Ambiente e Desenvolvimento Sustentável;FEMA;NA;NA;NA;NA;6017.2024/0007484-0;SNUC LEI 9985 - PNM Fazenda do Carmo;SNUC LEI 9985 - PNM Fazenda do Carmo;2;Receita de Capital;9;9;9;99;0;1;1;A;S;N;N;S;08.1.759.1297;Tesouro Municipal - Recursos Vinculados;N;65832;0,00;0,00;0,00;0,00;0,00;0,00;0,00;0,00;0,00;0,00;0,00;0,00;0,00;16/01/2026
2,99999010158012e+24;49057;2025;1;PREFEITURA DO MUNICÍPIO DE SÃO PAULO;Direta;94;Fundo Especial do Meio Ambiente e Desenvolvimento Sustentável;FEMA;NA;NA;NA;NA;6017.2024/0007484-0;SNUC LEI 9985 - RVS Anhanguera;SNUC LEI 9985 - RVS Anhanguera;2;Receita de Capital;9;9;9;99;0;1;1;A;S;N;N;S;08.1.759.1301;Tesouro Municipal - Recursos Vinculados;N;1000;0,00;0,00;0,00;0,00;0,00;0,00;0,00;0,00;0,00;0,00;0,00;0,00;0,00;16/01/2026
1,32105010109038e+24;49060;2025;1;PREFEITURA DO MUNICÍPIO DE SÃO PAULO;Direta;14;Secretaria Municipal de Habitação;SEHAB;NA;NA;NA;NA;6017.2024/0007157-4;Operações Interligadas;Operações Interligadas;1;Receita Corrente;3;2;1;5;0;1;1;A;S;N;N;N;08.1.799.0135;Tesouro Municipal - Recursos Vinculados;N;0;95801,76;86841,43;85508,96;94964,64;103350,15;100674,09;119221,28;109698,16;116318,38;122854,85;102645,41;120350,72;1258229,83;16/01/2026
1,32105010103035e+24;49066;2025;1;PREFEITURA DO MUNICÍPIO DE SÃO PAULO;Direta;19;Secretaria Municipal de Esportes e Lazer;SEME;NA;NA;NA;NA;6019.2023/0002601-2;PMSP-SEME/CDC Jardim Maria Estela;PMSP-SEME/CDC Jardim Maria Estela;1;Receita Corrente;3;2;1;5;0;1;1;A;S;N;N;N;02.1.706.1518;Transferências Federais;N;0;5604,55;5203,44;5123,59;5690,17;6192,62;6032,28;7044,03;5517,53;3922,41;2623,79;1311,04;1428,75;55694,20;16/01/2026
1,32105010103035e+24;49072;2025;1;PREFEITURA DO MUNICÍPIO DE SÃO PAULO;Direta;19;Secretaria Municipal de Esportes e Lazer;SEME;NA;NA;NA;NA;6019.2024/0000274-3;PMSP-SEME/CONVÊNIO SICONV Nº nº 915504/2021;PMSP-SEME/CONVÊNIO SICONV Nº nº 915504/2021;1;Receita Corrente;3;2;1;5;0;1;1;A;S;N;N;N;02.1.700.1352;Transferências Federais;N;0;0,00;0,00;0,00;0,00;0,00;0,00;2928,80;-2928,80;0,00;0,00;0,00;0,00;0,00;16/01/2026
2,31106010102003e+24;49075;2025;83;COMPANHIA METROPOLITANA DE HABITAÇÃO DE SÃO PAULO;Indireta;83;Companhia Metropolitana de Habitação de São Paulo;COHAB;NA;NA;NA;NA;7610.2024/0000539-0;Amortização – COHAB Reforma;Amortização – COHAB Reforma;2;Receita de Capital;3;1;1;6;0;1;1;A;S;N;N;S;10.1.756.8003;Alienação de Bens/Ativos;N;23160;0,00;0,00;0,00;0,00;0,00;0,00;0,00;0,00;0,00;0,00;0,00;0,00;0,00;16/01/2026
1,32105010103036e+24;49081;2025;1;PREFEITURA DO MUNICÍPIO DE SÃO PAULO;Direta;19;Secretaria Municipal de Esportes e Lazer;SEME;NA;NA;NA;NA;6019.2023/0003995-5;PMSP-SEME/CDC União da Fé;PMSP-SEME/CDC União da Fé;1;Receita Corrente;3;2;1;5;0;1;1;A;S;N;N;N;02.1.706.1519;Transferências Federais;N;0;11530,92;10705,66;10541,40;11707,07;12740,83;12410,92;14697,39;13523,40;14339,53;15145,33;12653,94;14836,63;154833,02;16/01/2026
1,32105010104034e+24;49084;2025;1;PREFEITURA DO MUNICÍPIO DE SÃO PAULO;Direta;16;Secretaria Municipal de Educação;SME;NA;NA;NA;NA;6016.2024/0008151-5;PMSP-SME/Convênio SEDUC;PMSP-SME/Convênio SEDUC;1;Receita Corrente;3;2;1;5;0;1;1;A;S;S;N;N;03.1.571.1520;Transferências Estaduais;N;0;686477,36;722928,55;711836,15;790551,87;860358,68;838081,21;992481,03;913203,90;968315,26;1022729,33;854491,88;1001883,27;10363338,49;16/01/2026
1,32105010104056e+24;49090;2025;1;PREFEITURA DO MUNICÍPIO DE SÃO PAULO;Direta;64;Subprefeitura Itaim Paulista;SUB-IT;NA;NA;NA;NA;6040.2024/0000013-3;PMSP-SUB-IT/Aquisição aparelhos de ginástica para academia ao ar livre;PMSP-SUB-IT/Aquisição aparelhos de ginástica para academia ao ar livre;1;Receita Corrente;3;2;1;5;0;1;1;A;S;N;N;N;03.1.710.1521;Transferências Estaduais;N;1500;1115,90;1036,04;867,35;631,56;687,33;669,53;792,88;729,54;773,57;817,05;682,64;800,39;9603,78;16/01/2026
2,42999010300000e+24;49093;2025;1;PREFEITURA DO MUNICÍPIO DE SÃO PAULO;Direta;64;Subprefeitura Itaim Paulista;SUB-IT;NA;NA;NA;NA;6040.2024/0000013-3;Transferência Especial - SUB-IT/Aparelhos ginástica academia ar livre;Transferência Especial - SUB-IT/Aparelhos ginástica academia ar livre;2;Receita de Capital;4;2;9;99;0;1;3;A;S;N;N;S;03.1.710.1521;Transferências Estaduais;N;150000;0,00;0,00;0,00;0,00;0,00;0,00;0,00;0,00;0,00;0,00;0,00;0,00;0,00;16/01/2026
1,32105010104027e+24;49096;2025;1;PREFEITURA DO MUNICÍPIO DE SÃO PAULO;Direta;84;Fundo Municipal de Saúde;FMS/SMS;NA;NA;NA;NA;6018.2024/0017124-8;PMSP-SMS/CONVÊNIO SES/SP 070069;PMSP-SMS/CONVÊNIO SES/SP 070069;1;Receita Corrente;3;2;1;5;0;1;1;A;S;N;S;N;03.1.632.1524;Transferências Estaduais;N;1200;686,99;1404,85;0,00;0,00;0,00;0,00;0,00;0,00;0,00;0,00;0,00;0,00;2091,84;16/01/2026
1,32105010104027e+24;49099;2025;1;PREFEITURA DO MUNICÍPIO DE SÃO PAULO;Direta;84;Fundo Municipal de Saúde;FMS/SMS;NA;NA;NA;NA;6018.2024/0017181-7;PMSP-SMS/ CONVÊNIO SES/SP 069318;PMSP-SMS/ CONVÊNIO SES/SP 069318;1;Receita Corrente;3;2;1;5;0;1;1;A;S;N;S;N;03.1.632.1523;Transferências Estaduais;N;1200;1772,85;1881,12;0,00;0,00;0,00;0,00;0,00;0,00;0,00;0,00;0,00;0,00;3653,97;16/01/2026
1,32105010104027e+24;49102;2025;1;PREFEITURA DO MUNICÍPIO DE SÃO PAULO;Direta;84;Fundo Municipal de Saúde;FMS/SMS;NA;NA;NA;NA;6018.2024/0017210-4;PMSP-SMS/CONVÊNIO SES/SP 070070;PMSP-SMS/CONVÊNIO SES/SP 070070;1;Receita Corrente;3;2;1;5;0;1;1;A;S;N;S;N;03.1.632.1522;Transferências Estaduais;N;1200;654,82;1404,55;0,00;0,00;0,00;0,00;0,00;0,00;0,00;0,00;0,00;0,00;2059,37;16/01/2026
1,21502110200000e+24;49112;2025;9;FUNDO FINANCEIRO - FUNFIN;Indireta;3;Fundo Financeiro - FUNFIN;FUNFIN;NA;NA;NA;NA;NA;CPSSS Patronal - Servidor Civil Ativo - Licenciados ou Afastados para cessionário não OFSS - CMSP - Principal;CPSSS Patronal - Serv Ativo - Lic ou Afast cess não OFSS -CMSP - Princ;1;Receita Corrente;2;1;5;2;1;1;2;A;S;N;N;S;20.1.801.9001;Recursos Vinculados à Previdência Social;N;1000;0,00;0,00;0,00;0,00;0,00;0,00;0,00;0,00;0,00;0,00;0,00;0,00;0,00;16/01/2026
1,21502110300000e+24;49113;2025;9;FUNDO FINANCEIRO - FUNFIN;Indireta;3;Fundo Financeiro - FUNFIN;FUNFIN;NA;NA;NA;NA;NA;CPSSS Patronal - Servidor Civil Ativo - Licenciados ou Afastados para cessionário não OFSS - TCMSP - Principal;CPSSS Patronal - Serv Ativo - Lic ou Afast cess não OFSS -TCMSP -Princ;1;Receita Corrente;2;1;5;2;1;1;3;A;S;N;N;S;20.1.801.9001;Recursos Vinculados à Previdência Social;N;1000;0,00;0,00;0,00;0,00;0,00;0,00;0,00;0,00;0,00;0,00;0,00;0,00;0,00;16/01/2026
1,21502110400000e+24;49114;2025;9;FUNDO FINANCEIRO - FUNFIN;Indireta;3;Fundo Financeiro - FUNFIN;FUNFIN;NA;NA;NA;NA;NA;CPSSS Patronal - Servidor Civil Ativo - Licenciados ou Afastados para cessionário não OFSS - HSPM - Principal;CPSSS Patronal - Serv Ativo - Lic ou Afast cess não OFSS -HSPM - Princ;1;Receita Corrente;2;1;5;2;1;1;4;A;S;N;N;S;20.1.801.9001;Recursos Vinculados à Previdência Social;N;1000;2546,52;2546,52;2546,52;2546,52;2546,52;2546,52;2546,52;0,00;5093,04;2546,52;2546,52;5093,04;33104,76;16/01/2026
1,21502110600000e+24;49115;2025;9;FUNDO FINANCEIRO - FUNFIN;Indireta;3;Fundo Financeiro - FUNFIN;FUNFIN;NA;NA;NA;NA;NA;CPSSS Patronal - Servidor Civil Ativo - Licenciados ou Afastados para cessionário não OFSS - IPREM - Principal;CPSSS Patronal - Serv Ativo - Lic ou Afast cess não OFSS -IPREM -Princ;1;Receita Corrente;2;1;5;2;1;1;6;A;S;N;N;S;20.1.801.9001;Recursos Vinculados à Previdência Social;N;1000;0,00;0,00;0,00;0,00;0,00;0,00;0,00;0,00;0,00;0,00;0,00;0,00;0,00;16/01/2026
1,21502110100000e+24;49121;2025;9;FUNDO FINANCEIRO - FUNFIN;Indireta;3;Fundo Financeiro - FUNFIN;FUNFIN;NA;NA;NA;NA;NA;CPSSS Patronal - Servidor Civil Ativo - Licenciados ou Afastados para cessionário não OFSS - PMSP - Principal;CPSSS Patronal- Serv Ativo - Lic ou Afast cess não OFSS - PMSP - Princ;1;Receita Corrente;2;1;5;2;1;1;1;A;S;N;N;S;20.1.801.9001;Recursos Vinculados à Previdência Social;N;1324812;93847,35;70740,85;60552,68;61130,82;83708,11;74505,82;82020,36;96038,61;75393,75;92934,98;87483,23;118093,85;996450,41;16/01/2026
1,21502110100000e+24;49121;2025;8;FUNDO PREVIDENCIÁRIO - FUNPREV;Indireta;3;Fundo Previdenciário - FUNPREV;FUNPREV;NA;NA;NA;NA;NA;CPSSS Patronal - Servidor Civil Ativo - Licenciados ou Afastados para cessionário não OFSS - PMSP - Principal;CPSSS Patronal- Serv Ativo - Lic ou Afast cess não OFSS - PMSP - Princ;1;Receita Corrente;2;1;5;2;1;1;1;A;S;N;N;S;20.1.800.9001;Recursos Vinculados à Previdência Social;N;5004;1298,62;0,00;0,00;0,00;0,00;0,00;42903,64;6852,20;8325,80;9136,27;14665,94;17692,12;100874,59;16/01/2026
1,21502120100000e+24;49122;2025;9;FUNDO FINANCEIRO - FUNFIN;Indireta;3;Fundo Financeiro - FUNFIN;FUNFIN;NA;NA;NA;NA;NA;CPSSS Patronal - Servidor Civil Ativo - Licenciados ou Afastados para cessionário não OFSS - PMSP - Multas e Juros;CPSSS Patronal- Serv Ativo - Lic ou Afast cess não OFSS - PMSP - M e J;1;Receita Corrente;2;1;5;2;1;2;1;A;S;N;N;S;20.1.801.9001;Recursos Vinculados à Previdência Social;N;1000;0,00;85,08;19986,68;0,00;0,00;0,00;0,00;435,70;435,70;435,70;435,70;435,70;22250,26;16/01/2026
1,21502120100000e+24;49122;2025;8;FUNDO PREVIDENCIÁRIO - FUNPREV;Indireta;3;Fundo Previdenciário - FUNPREV;FUNPREV;NA;NA;NA;NA;NA;CPSSS Patronal - Servidor Civil Ativo - Licenciados ou Afastados para cessionário não OFSS - PMSP - Multas e Juros;CPSSS Patronal- Serv Ativo - Lic ou Afast cess não OFSS - PMSP - M e J;1;Receita Corrente;2;1;5;2;1;2;1;A;S;N;N;S;20.1.800.9001;Recursos Vinculados à Previdência Social;N;0;0,00;0,00;0,00;0,00;0,00;0,00;0,00;0,00;0,00;0,00;579,86;0,00;579,86;16/01/2026
1,32105010103013e+24;49128;2025;1;PREFEITURA DO MUNICÍPIO DE SÃO PAULO;Direta;93;Fundo Municipal de Assistência Social;FMAS;NA;NA;NA;NA;6024.2024/0002229-6;PMSP-SMADS/FMAS-SAO PAULO SIGTV - INVEST 2023 - 20.726-8;PMSP-SMADS/FMAS-SAO PAULO SIGTV - INVEST 2023 - 20.726-8;1;Receita Corrente;3;2;1;5;0;1;1;A;S;N;N;N;02.1.660.1525;Transferências Federais;N;1200;2743,80;2768,05;2733,93;3068,62;3361,10;3282,99;3867,92;3563,81;3765,81;3972,20;3314,71;3861,21;40304,15;16/01/2026
1,32105010103013e+24;49134;2025;1;PREFEITURA DO MUNICÍPIO DE SÃO PAULO;Direta;93;Fundo Municipal de Assistência Social;FMAS;NA;NA;NA;NA;6024.2024/0002230-0;PMSP-SMADS/FMAS-SAO PAULO SIGTV-INVEST 2023 - 20.725-X;PMSP-SMADS/FMAS-SAO PAULO SIGTV-INVEST 2023 - 20.725-X;1;Receita Corrente;3;2;1;5;0;1;1;A;S;N;N;N;02.1.660.1528;Transferências Federais;N;1200;892,95;900,84;889,74;998,66;1093,85;1068,42;1258,79;1159,82;1225,55;1292,73;1078,75;1256,60;13116,70;16/01/2026
2,99999010158013e+24;49143;2025;1;PREFEITURA DO MUNICÍPIO DE SÃO PAULO;Direta;94;Fundo Especial do Meio Ambiente e Desenvolvimento Sustentável;FEMA;NA;NA;NA;NA;6027.2024/0003382-0;Compensação Ambiental - Parque Juliana de Carvalho Torres;Compensação Ambiental - Parque Juliana de Carvalho Torres;2;Receita de Capital;9;9;9;99;0;1;1;A;S;N;N;S;08.1.759.1527;Tesouro Municipal - Recursos Vinculados;N;1000;0,00;0,00;0,00;0,00;0,00;0,00;0,00;0,00;0,00;0,00;0,00;0,00;0,00;16/01/2026
1,32105010109011e+24;49144;2025;1;PREFEITURA DO MUNICÍPIO DE SÃO PAULO;Direta;94;Fundo Especial do Meio Ambiente e Desenvolvimento Sustentável;FEMA;NA;NA;NA;NA;6027.2024/0003382-0;Compensação Ambiental - Parque Juliana de Carvalho Torres;Compensação Ambiental - Parque Juliana de Carvalho Torres;1;Receita Corrente;3;2;1;5;0;1;1;A;S;N;N;N;08.1.759.1527;Tesouro Municipal - Recursos Vinculados;N;1000;0,00;0,00;0,00;11089,42;82256,77;80126,87;94888,65;87309,17;92578,22;97780,62;81695,86;95787,58;723513,16;16/01/2026
1,91109011200000e+24;49147;2025;7;AGÊNCIA REG. DE SERV. PÚBLICOS DE SÃO PAULO;Indireta;33;Agência Reg. de Serv. Públicos do Mun de São Paulo;SPREGULA;NA;NA;NA;NA;9310.2024/0000027-9;Multas - Contratos da Administração Indireta - SP-Regula - Gerência de Abastecimento e Lazer;Multas - Contr Adm Ind - SP-Regula - Ger Abast e Lazer;1;Receita Corrente;9;1;1;9;0;1;12;A;S;N;N;S;06.1.501.9001;Recursos Próprios da Administração Indireta;N;0;0,00;0,00;0,00;0,00;0,00;0,00;0,00;0,00;0,00;0,00;0,00;95528,30;95528,30;16/01/2026
1,32105010103013e+24;49149;2025;1;PREFEITURA DO MUNICÍPIO DE SÃO PAULO;Direta;93;Fundo Municipal de Assistência Social;FMAS;NA;NA;NA;NA;6024.2024/0000263-5;PMSP-SMADS/FMAS-SAO PAULO SIGTV-ESTR3 2022 - 21.064-1;PMSP-SMADS/FMAS-SAO PAULO SIGTV-ESTR3 2022 - 21.064-1;1;Receita Corrente;3;2;1;5;0;1;1;A;S;N;N;N;02.1.660.1513;Transferências Federais;N;1200;48,87;49,30;48,70;54,65;59,87;29,01;0,00;0,00;0,00;0,00;0,00;0,00;290,40;16/01/2026
1,71350112400000e+24;49162;2025;1;PREFEITURA DO MUNICÍPIO DE SÃO PAULO;Direta;84;Fundo Municipal de Saúde;FMS/SMS;NA;NA;NA;NA;6018.2024/0027430-6;Incentivo Financeiro da APS - Atenção à Saúde Bucal;Incentivo Financeiro da APS - Atenção à Saúde Bucal;1;Receita Corrente;7;1;3;50;1;1;24;A;S;N;S;S;02.1.600.1168;Transferências Federais;N;77708576;4800749,44;7056454,80;5485675,15;5380056,65;5069507,90;5048292,15;5054073,90;5013074,90;5247914,40;5182270,15;5404768,90;5442825,90;64185664,24;16/01/2026
2,99999010158014e+24;49165;2025;1;PREFEITURA DO MUNICÍPIO DE SÃO PAULO;Direta;94;Fundo Especial do Meio Ambiente e Desenvolvimento Sustentável;FEMA;NA;NA;NA;NA;6027.2023/0021184-0;SNUC LEI 9985 - PNM Cabeceiras do Aricanduva;SNUC LEI 9985 - PNM Cabeceiras do Aricanduva;2;Receita de Capital;9;9;9;99;0;1;1;A;S;N;N;S;08.1.759.1529;Tesouro Municipal - Recursos Vinculados;N;1000;0,00;0,00;0,00;0,00;0,00;0,00;0,00;0,00;0,00;0,00;0,00;0,00;0,00;16/01/2026
1,32105010109011e+24;49168;2025;1;PREFEITURA DO MUNICÍPIO DE SÃO PAULO;Direta;94;Fundo Especial do Meio Ambiente e Desenvolvimento Sustentável;FEMA;NA;NA;NA;NA;6027.2023/0021184-0;SNUC LEI 9985 - PNM Cabeceiras do Aricanduva;SNUC LEI 9985 - PNM Cabeceiras do Aricanduva;1;Receita Corrente;3;2;1;5;0;1;1;A;S;N;N;N;08.1.759.1529;Tesouro Municipal - Recursos Vinculados;N;1000;0,00;0,00;0,00;0,00;0,00;0,00;0,00;0,00;0,00;0,00;0,00;0,00;0,00;16/01/2026
1,99999217600000e+24;49172;2025;1;PREFEITURA DO MUNICÍPIO DE SÃO PAULO;Direta;NA;NA;NA;NA;NA;NA;NA;6017.2024/0016769-5;Receita de Reversão de Termos de Permissão de Uso em Favor do Município;Receita de Reversão de Termos Permissão de Uso em Favor do Município;1;Receita Corrente;9;9;9;99;2;1;76;A;S;N;N;S;00.1.501.9001;Tesouro Municipal;N;47847;0,00;0,00;0,00;0,00;0,00;0,00;0,00;0,00;0,00;0,00;0,00;0,00;0,00;16/01/2026
1,32105010102044e+24;49176;2025;1;PREFEITURA DO MUNICÍPIO DE SÃO PAULO;Direta;20;Secretaria Municipal de Mobilidade Urbana e Transporte - SMT;SMT;NA;NA;NA;NA;6017.2024/0010510-0;PMSP- SF/Onibus Elétrico-BB-Opcred SF 01/24;PMSP- SF/Onibus Elétrico-BB-Opcred SF 01/24;1;Receita Corrente;3;2;1;5;0;1;1;A;S;N;N;N;01.1.754.1530;Operações de Crédito;N;0;1277447,27;51920,24;51123,59;56776,90;61790,39;60190,42;71279,32;65585,69;94301,22;100184,65;49551,12;58098,20;1998249,01;16/01/2026
1,32105010103013e+24;49180;2025;1;PREFEITURA DO MUNICÍPIO DE SÃO PAULO;Direta;93;Fundo Municipal de Assistência Social;FMAS;NA;NA;NA;NA;6024.2024/0003414-6;PMSP-SMADS/FMAS-SAO PAULO SIGTV-CUSTEIO-Rui Falcão 2024;PMSP-SMADS/FMAS-SAO PAULO SIGTV-CUSTEIO-Rui Falcão 2024;1;Receita Corrente;3;2;1;5;0;1;1;A;S;N;N;N;02.1.660.1531;Transferências Federais;N;1200;227,99;229,99;227,16;254,98;279,27;148,89;0,00;0,00;0,00;0,00;0,00;1,08;1369,36;16/01/2026
1,71960010100000e+24;49189;2025;1;PREFEITURA DO MUNICÍPIO DE SÃO PAULO;Direta;25;Secretaria Municipal de Cultura;SMC;NA;NA;NA;NA;6025.2024/0007839-4;Transferências da Política Nacional Aldir Blanc de Fomento à Cultura - Lei nº 14.399/2022;Transf. P. Nac. Aldir Blanc de Fomento à Cultura - Lei nº 14.399/2022;1;Receita Corrente;7;1;9;60;0;1;1;A;S;N;N;S;02.1.719.1532;Transferências Federais;N;68499737;0,00;0,00;0,00;0,00;0,00;0,00;0,00;0,00;0,00;0,00;0,00;0,00;0,00;16/01/2026
1,32105010103031e+24;49190;2025;1;PREFEITURA DO MUNICÍPIO DE SÃO PAULO;Direta;25;Secretaria Municipal de Cultura;SMC;NA;NA;NA;NA;6025.2024/0007839-4;PMSP-SMC/MINC-PNAB-2023;PMSP-SMC/MINC-PNAB-2023;1;Receita Corrente;3;2;1;5;0;1;1;A;S;N;N;N;02.1.719.1532;Transferências Federais;N;589170;536496,67;538665,12;529065,92;543090,25;545429,97;403819,32;281707,90;255698,78;268513,45;280245,45;229181,89;249523,02;4661437,74;16/01/2026
1,32105010103035e+24;49199;2025;1;PREFEITURA DO MUNICÍPIO DE SÃO PAULO;Direta;19;Secretaria Municipal de Esportes e Lazer;SEME;NA;NA;NA;NA;6019.2024/0000948-9;PMSP-SEME/Custeio, Programas e Projetos;PMSP-SEME/Custeio, Programas e Projetos;1;Receita Corrente;3;2;1;5;0;1;1;A;S;N;N;N;02.1.706.1534;Transferências Federais;N;0;745,32;691,98;681,36;756,71;823,52;802,20;949,99;874,11;926,86;978,94;817,91;958,99;10007,89;16/01/2026
2,41951012500000e+24;49202;2025;1;PREFEITURA DO MUNICÍPIO DE SÃO PAULO;Direta;58;Subprefeitura M'Boi Mirim;SUB-MB;NA;NA;NA;NA;6045.2023/0003240-5;Transferência Especial - SUB-MB/Obras Readequação Rua João de Almada;Transferência Especial - SUB-MB/Obras Readequação Rua João de Almada;2;Receita de Capital;4;1;9;51;0;1;25;A;S;N;N;S;02.1.706.1511;Transferências Federais;N;1000008;0,00;0,00;0,00;0,00;0,00;0,00;0,00;0,00;0,00;0,00;0,00;0,00;0,00;16/01/2026
1,32105010104054e+24;49208;2025;1;PREFEITURA DO MUNICÍPIO DE SÃO PAULO;Direta;71;Subprefeitura Cidade Tiradentes;SUB-CT;NA;NA;NA;NA;6035.2024/0000279-1;Atividades Culturais e festividades de fim de ano;Atividades Culturais e festividades de fim de ano;1;Receita Corrente;3;2;1;5;0;1;1;A;S;N;N;N;03.1.710.1536;Transferências Estaduais;N;1344;88,45;82,12;80,86;89,80;97,72;95,20;112,74;103,73;109,99;116,17;97,07;113,80;1187,65;16/01/2026
2,42999010500000e+24;49211;2025;1;PREFEITURA DO MUNICÍPIO DE SÃO PAULO;Direta;71;Subprefeitura Cidade Tiradentes;SUB-CT;NA;NA;NA;NA;6035.2024/0000278-3;Transferência Especial - Obra Rua Barão Teixeira de Camargo;Transferência Especial - Obra Rua Barão Teixeira de Camargo;2;Receita de Capital;4;2;9;99;0;1;5;A;S;N;N;S;03.1.710.1535;Transferências Estaduais;N;315000;0,00;0,00;0,00;0,00;0,00;0,00;0,00;0,00;0,00;0,00;0,00;0,00;0,00;16/01/2026
1,32105010104054e+24;49214;2025;1;PREFEITURA DO MUNICÍPIO DE SÃO PAULO;Direta;71;Subprefeitura Cidade Tiradentes;SUB-CT;NA;NA;NA;NA;6035.2024/0000278-3;Obra Rua Barão Teixeira de Camargo;Obra Rua Barão Teixeira de Camargo;1;Receita Corrente;3;2;1;5;0;1;1;A;S;N;N;N;03.1.710.1535;Transferências Estaduais;N;3144;3568,93;3313,50;3262,65;3623,45;3327,46;686,26;812,70;747,78;792,91;837,47;699,70;820,40;22493,21;16/01/2026
6,11300819985000e+24;49215;2025;1;PREFEITURA DO MUNICÍPIO DE SÃO PAULO;Direta;NA;NA;NA;NA;NA;NA;NA;NA;Débitos Pagos a Regularizar - PGM;Débitos Pagos a Regularizar - PGM;6;Receita Extraorçamentária;1;1;3;0;8;1;99;A;N;N;N;S;12.1.869.9001;Recursos Extraorçamentários;N;0;0,00;0,00;0,00;0,00;0,00;0,00;0,00;0,00;-28452,81;1083596,51;2687578,80;359098,53;4101821,03;16/01/2026
2,42299010700000e+24;49218;2025;1;PREFEITURA DO MUNICÍPIO DE SÃO PAULO;Direta;22;Secretaria Municipal de Infraestrutura Urbana e Obras;SIURB;NA;NA;NA;NA;6022.2024/0001754-2;PMSP-SIURB/Mitigação dos impactos da implantação Expo SP;PMSP-SIURB/Mitigação dos impactos da implantação Expo SP;2;Receita de Capital;4;2;2;99;0;1;7;A;S;N;N;S;03.1.701.1539;Transferências Estaduais;N;12000;0,00;0,00;0,00;0,00;2500000,00;0,00;0,00;0,00;2224338,37;0,00;0,00;0,00;4724338,37;16/01/2026
1,32105010104039e+24;49221;2025;1;PREFEITURA DO MUNICÍPIO DE SÃO PAULO;Direta;22;Secretaria Municipal de Infraestrutura Urbana e Obras;SIURB;NA;NA;NA;NA;6022.2024/0001754-2;PMSP-SIURB/Mitigação dos impactos da implantação Expo SP;PMSP-SIURB/Mitigação dos impactos da implantação Expo SP;1;Receita Corrente;3;2;1;5;0;1;1;A;S;N;N;N;03.1.701.1539;Transferências Estaduais;N;1000;0,00;0,00;0,00;0,00;0,00;31257,71;32314,71;25886,49;44577,42;52769,37;43428,98;50597,50;280832,18;16/01/2026
2,99999010161000e+24;49230;2025;1;PREFEITURA DO MUNICÍPIO DE SÃO PAULO;Direta;84;Fundo Municipal de Saúde;FMS/SMS;NA;NA;NA;NA;6018.2024/0020622-0;Acordo Judicial - PMSP-SMS/FMS/EQUIPOS/MPESP;Acordo Judicial - PMSP-SMS/FMS/EQUIPOS/MPESP;2;Receita de Capital;9;9;9;99;0;1;1;A;S;N;S;S;08.1.659.1540;Tesouro Municipal - Recursos Vinculados;N;1200;0,00;0,00;0,00;0,00;0,00;0,00;0,00;0,00;0,00;0,00;1078107,63;0,00;1078107,63;16/01/2026
1,32105010104020e+24;49235;2025;1;PREFEITURA DO MUNICÍPIO DE SÃO PAULO;Direta;84;Fundo Municipal de Saúde;FMS/SMS;NA;NA;NA;NA;6018.2024/0020622-0;PMSP-SMS/FMS/EQUIPOS/MPESP;PMSP-SMS/FMS/EQUIPOS/MPESP;1;Receita Corrente;3;2;1;5;0;1;1;A;S;N;S;N;08.1.659.1540;Tesouro Municipal - Recursos Vinculados;N;60000;0,00;0,00;0,00;0,00;0,00;0,00;0,00;0,00;0,00;0,00;38525,84;13561,48;52087,32;16/01/2026
1,72999010600000e+24;49239;2025;1;PREFEITURA DO MUNICÍPIO DE SÃO PAULO;Direta;71;Subprefeitura Cidade Tiradentes;SUB-CT;NA;NA;NA;NA;6035.2024/0000279-1;Transferência Especial - Atividades Culturais e festividades de fim de ano;Transferência Especial - Ativid Culturais e festividades de fim de ano;1;Receita Corrente;7;2;9;99;0;1;6;A;S;N;N;S;03.1.710.1536;Transferências Estaduais;N;135000;0,00;0,00;0,00;0,00;0,00;0,00;0,00;0,00;0,00;0,00;0,00;0,00;0,00;16/01/2026
2,42999010600000e+24;49242;2025;1;PREFEITURA DO MUNICÍPIO DE SÃO PAULO;Direta;63;Subprefeitura São Miguel Paulista;SUB-MP;NA;NA;NA;NA;6055.2024/0000497-1;Transferência Especial - PMSP-SUB-MP/Melhorias de Infraestrutura Urbana - Rua Dona Aurora Ackel;Transf Especial - PMSP-SUB-MP/Melhorias Infraestr Urb R D Aurora Ackel;2;Receita de Capital;4;2;9;99;0;1;6;A;S;N;N;S;03.1.710.1458;Transferências Estaduais;N;300000;0,00;0,00;0,00;0,00;0,00;0,00;0,00;0,00;0,00;0,00;0,00;0,00;0,00;16/01/2026
2,42999010700000e+24;49248;2025;1;PREFEITURA DO MUNICÍPIO DE SÃO PAULO;Direta;68;Subprefeitura de Guaianases;SUB-G;NA;NA;NA;NA;6038.2024/0000557-6;Transferência Especial - PMSP-SUB-G/Revitalização e instalação de passagem de pedestre;Transf Especial - PMSP-SUB-G/Revit e instalação de passagem pedestre;2;Receita de Capital;4;2;9;99;0;1;7;A;S;N;N;S;03.1.710.1541;Transferências Estaduais;N;300000;0,00;0,00;0,00;0,00;0,00;0,00;0,00;0,00;0,00;0,00;0,00;0,00;0,00;16/01/2026
1,32105010104059e+24;49251;2025;1;PREFEITURA DO MUNICÍPIO DE SÃO PAULO;Direta;68;Subprefeitura de Guaianases;SUB-G;NA;NA;NA;NA;6038.2024/0000557-6;PMSP-SUB-G/Revitalização e instalação de passagem de pedestre;PMSP-SUB-G/Revitalização e instalação de passagem de pedestre;1;Receita Corrente;3;2;1;5;0;1;1;A;S;N;N;N;03.1.710.1541;Transferências Estaduais;N;3000;1212,08;971,40;339,93;377,52;410,85;400,22;473,94;436,10;462,40;488,40;408,05;478,44;6459,33;16/01/2026
2,41951012600000e+24;49254;2025;1;PREFEITURA DO MUNICÍPIO DE SÃO PAULO;Direta;63;Subprefeitura São Miguel Paulista;SUB-MP;NA;NA;NA;NA;6055.2024/0000495-5;Transferência Especial - PMSP-SUB-MP/Revitalização da Rua Santa Davina - Parque Paulistano;Transf Especial - PMSP-SUB-MP/Revitalização R Sta Davina-Pq Paulistano;2;Receita de Capital;4;1;9;51;0;1;26;A;S;N;N;S;02.1.706.1457;Transferências Federais;N;300000;0,00;0,00;0,00;0,00;0,00;0,00;0,00;0,00;0,00;0,00;0,00;0,00;0,00;16/01/2026
2,42252015001002e+24;49266;2025;1;PREFEITURA DO MUNICÍPIO DE SÃO PAULO;Direta;14;Secretaria Municipal de Habitação;SEHAB;NA;NA;NA;NA;6014.2024/0002110-4;PMSP-SEHAB/SABESP-MANACIAIS FASE 3;PMSP-SEHAB/SABESP-MANACIAIS FASE 3;2;Receita de Capital;4;2;2;52;0;1;50;A;S;N;N;S;03.1.701.1058;Transferências Estaduais;N;18999996;0,00;0,00;0,00;0,00;0,00;0,00;0,00;0,00;0,00;0,00;0,00;0,00;0,00;16/01/2026
1,32105010104042e+24;49283;2025;1;PREFEITURA DO MUNICÍPIO DE SÃO PAULO;Direta;38;Secretaria Municipal de Segurança Urbana;SMSU;NA;NA;NA;NA;6010.2023/0000319-6;PMSP-SMSU/Aquisição de Coletes Balísticos para Guarda Civil Municipal;PMSP-SMSU/Aquisição de Coletes Balísticos para Guarda Civil Municipal;1;Receita Corrente;3;2;1;5;0;1;1;A;S;N;N;N;03.1.701.1502;Transferências Estaduais;N;0;142,13;131,96;129,93;144,31;157,04;152,98;181,17;166,69;176,75;186,68;155,98;182,88;1908,50;16/01/2026
2,42252010400000e+24;49304;2025;1;PREFEITURA DO MUNICÍPIO DE SÃO PAULO;Direta;22;Secretaria Municipal de Infraestrutura Urbana e Obras;SIURB;NA;NA;NA;NA;6022.2024/0003018-2;PMSP-SIURB-FEHIDRO/Projetos do Parque Linear Tapera;PMSP-SIURB-FEHIDRO/Projetos do Parque Linear Tapera;2;Receita de Capital;4;2;2;52;0;1;4;A;S;N;N;S;03.1.701.1551;Transferências Estaduais;N;1000;0,00;0,00;0,00;0,00;0,00;0,00;0,00;0,00;0,00;0,00;0,00;0,00;0,00;16/01/2026
1,32105010104039e+24;49307;2025;1;PREFEITURA DO MUNICÍPIO DE SÃO PAULO;Direta;22;Secretaria Municipal de Infraestrutura Urbana e Obras;SIURB;NA;NA;NA;NA;6022.2024/0003018-2;PMSP-SIURB-FEHIDRO/Projetos do Parque Linear Tapera;PMSP-SIURB-FEHIDRO/Projetos do Parque Linear Tapera;1;Receita Corrente;3;2;1;5;0;1;1;A;S;N;N;N;03.1.701.1551;Transferências Estaduais;N;1000;0,00;0,00;0,00;0,00;0,00;0,00;0,00;0,00;0,00;0,00;0,00;0,00;0,00;16/01/2026
1,32105010103035e+24;49337;2025;1;PREFEITURA DO MUNICÍPIO DE SÃO PAULO;Direta;19;Secretaria Municipal de Esportes e Lazer;SEME;NA;NA;NA;NA;6017.2024/0023033-8;SEME/CDC Clóvis Alves Rodrigues;SEME/CDC Clóvis Alves Rodrigues;1;Receita Corrente;3;2;1;5;0;1;1;A;S;N;N;N;02.1.706.1496;Transferências Federais;N;0;4606,69;4276,99;3405,94;3375,59;3673,66;3578,54;1799,47;865,55;917,78;969,36;809,90;949,61;29229,08;16/01/2026
1,12101011300000e+24;49340;2025;7;AGÊNCIA REG. DE SERV. PÚBLICOS DE SÃO PAULO;Indireta;33;Agência Reg. de Serv. Públicos do Mun de São Paulo;SPREGULA;NA;NA;NA;NA;9310.2024/0000987-0;Taxas - Emissão de Alvarás - Serviços Funerários e Cemiteriais;Taxas - Emissão de Alvarás - Serviços Funerários e Cemiteriais;1;Receita Corrente;1;2;1;1;0;1;13;A;S;N;N;S;06.1.501.9001;Recursos Próprios da Administração Indireta;N;0;4135,30;0,00;0,00;2881,16;7149,42;1112,47;0,00;0,00;8050,24;7188,18;0,00;6617,96;37134,73;16/01/2026
2,11201010901000e+24;49351;2025;1;PREFEITURA DO MUNICÍPIO DE SÃO PAULO;Direta;17;Secretaria Municipal da Fazenda;SF;NA;NA;NA;NA;6017.2024/0027392-4;Recursos da Operação de Crédito autorizada conforme Art. 1º, Inciso III, da Lei 17.254/2019;Recursos de Operação Crédito - Art. 1º, Inciso III, da Lei 17.254/2019;2;Receita de Capital;1;1;2;1;0;1;9;A;S;N;N;S;01.1.754.0000;Operações de Crédito;N;750000000;0,00;0,00;0,00;0,00;0,00;0,00;0,00;0,00;0,00;0,00;0,00;0,00;0,00;16/01/2026
6,11300510802005e+24;49355;2025;1;PREFEITURA DO MUNICÍPIO DE SÃO PAULO;Direta;NA;NA;NA;NA;NA;NA;NA;NA;Conta Especial - Regime Especial Precatórios EC 62/09 Bco Brasil TRT-3;Conta Especial - Regime Especial Precatórios EC 62/09 Bco Brasil TRT-3;6;Receita Extraorçamentária;1;1;3;0;5;1;8;A;N;N;N;S;12.1.869.9001;Recursos Extraorçamentários;N;0;-2251,18;-2136,78;-1966,89;-2154,66;-2173,32;-2177,05;-2214,98;-2216,74;-2235,29;-2260,63;-2230,76;-2284,54;-26302,82;16/01/2026
1,32105010103036e+24;49361;2025;1;PREFEITURA DO MUNICÍPIO DE SÃO PAULO;Direta;19;Secretaria Municipal de Esportes e Lazer;SEME;NA;NA;NA;NA;6017.2024/0030251-7;PMSP-SEME/Convênio SICONV Nº 917642/2021;PMSP-SEME/Convênio SICONV Nº 917642/2021;1;Receita Corrente;3;2;1;5;0;1;1;A;S;N;N;N;02.1.700.1367;Transferências Federais;N;0;0,00;0,00;0,00;0,00;0,00;0,00;0,00;0,00;0,00;0,00;0,00;0,00;0,00;16/01/2026
1,32105010106020e+24;49367;2025;1;PREFEITURA DO MUNICÍPIO DE SÃO PAULO;Direta;84;Fundo Municipal de Saúde;FMS/SMS;NA;NA;NA;NA;Processo 6018.2024/0020241-0 ;Rendimentos  sobre Auto de Infração - VIG COVISA;Rendimentos  sobre Auto de Infração - VIG COVISA;1;Receita Corrente;3;2;1;5;0;1;1;A;S;N;S;N;08.1.659.1543;Tesouro Municipal - Recursos Vinculados;N;0;3749,66;3428,08;1049,68;579,42;630,59;614,27;727,42;669,32;709,72;749,60;626,29;734,31;14268,36;16/01/2026
1,32105010103031e+24;49388;2025;1;PREFEITURA DO MUNICÍPIO DE SÃO PAULO;Direta;25;Secretaria Municipal de Cultura;SMC;NA;NA;NA;NA;6010.2024/0002308-3;PMSP-SMC/Ações Culturais;PMSP-SMC/Ações Culturais;1;Receita Corrente;3;2;1;5;0;1;1;A;S;N;N;N;02.1.706.1555;Transferências Federais;N;0;2223,89;2243,54;2215,89;2487,16;2724,21;2660,91;3135,00;2888,51;3052,24;3219,52;2686,62;3129,56;32667,05;16/01/2026
1,32105010104044e+24;49391;2025;1;PREFEITURA DO MUNICÍPIO DE SÃO PAULO;Direta;20;Secretaria Municipal de Mobilidade Urbana e Transporte - SMT;SMT;NA;NA;NA;NA;6011.2019/0001579-6;PMSP-SMT/ALARG ESTR M BOI MIRIM;PMSP-SMT/ALARG ESTR M BOI MIRIM;1;Receita Corrente;3;2;1;5;0;1;1;A;S;N;N;N;03.1.701.1556;Transferências Estaduais;N;0;1061549,46;985574,49;970452,13;1077765,92;1172934,14;1142563,07;1353057,63;1244978,45;1320112,24;1394295,39;1164935,86;939467,05;13827685,83;16/01/2026
1,32105010103013e+24;49394;2025;1;PREFEITURA DO MUNICÍPIO DE SÃO PAULO;Direta;93;Fundo Municipal de Assistência Social;FMAS;NA;NA;NA;NA;PROCESSO 6024.2024/0006661-7;PMSP-SMADS/FMAS-SAO PAULO SIGTV-CUSTEIO-Baleia Rossi 2024 - 21.308-X;PMSP-SMADS/FMAS-SAO PAULO SIGTV-CUSTEIO-Baleia Rossi 2024 - 21.308-X;1;Receita Corrente;3;2;1;5;0;1;1;A;S;N;N;N;02.1.660.1567;Transferências Federais;N;0;33,28;31,55;31,09;34,63;37,75;21,47;0,00;0,00;-189,77;0,00;0,00;0,00;0,00;16/01/2026
1,32105010103013e+24;49400;2025;1;PREFEITURA DO MUNICÍPIO DE SÃO PAULO;Direta;93;Fundo Municipal de Assistência Social;FMAS;NA;NA;NA;NA;PROCESSO 6024.2024/0006662-5;PMSP-SMADS/FMAS-SAO PAULO SIGTV-CUSTEIO-Mara Gabrilli 2024 - 21.307-1;PMSP-SMADS/FMAS-SAO PAULO SIGTV-CUSTEIO-Mara Gabrilli 2024 - 21.307-1;1;Receita Corrente;3;2;1;5;0;1;1;A;S;N;N;N;02.1.660.1566;Transferências Federais;N;0;137,29;130,26;128,36;142,97;155,88;88,60;0,00;0,00;-783,36;0,00;0,00;0,00;0,00;16/01/2026
1,32105010103013e+24;49406;2025;1;PREFEITURA DO MUNICÍPIO DE SÃO PAULO;Direta;93;Fundo Municipal de Assistência Social;FMAS;NA;NA;NA;NA;PROCESSO 6024.2024/0006663-3;PMSP-SMADS/FMAS-SAO PAULO SIGTV-CUSTEIO-Tiririca 2024 - 21.306-3;PMSP-SMADS/FMAS-SAO PAULO SIGTV-CUSTEIO-Tiririca 2024 - 21.306-3;1;Receita Corrente;3;2;1;5;0;1;1;A;S;N;N;N;02.1.660.1565;Transferências Federais;N;0;32,84;31,19;30,73;34,23;37,33;21,20;0,00;0,00;-187,52;0,00;0,00;0,00;0,00;16/01/2026
1,32105010103013e+24;49412;2025;1;PREFEITURA DO MUNICÍPIO DE SÃO PAULO;Direta;93;Fundo Municipal de Assistência Social;FMAS;NA;NA;NA;NA;PROCESSO 6024.2024/0006665-0;PMSP-SMADS/FMAS-SAO PAULO SIGTV-CUSTEIO-Adriana Ventura 2024 - 21.305-5;PMSP-SMADS/FMAS-SAO PAULO SIGTV-CUSTEIO-Adriana Ventura 2024 -21.305-5;1;Receita Corrente;3;2;1;5;0;1;1;A;S;N;N;N;02.1.660.1564;Transferências Federais;N;0;109,88;104,26;102,74;114,43;124,76;70,92;0,00;0,00;-626,99;0,00;0,00;0,00;0,00;16/01/2026
1,32105010103013e+24;49418;2025;1;PREFEITURA DO MUNICÍPIO DE SÃO PAULO;Direta;93;Fundo Municipal de Assistência Social;FMAS;NA;NA;NA;NA;PROCESSO 6024.2024/0006666-8;PMSP-SMADS/FMAS-SAO PAULO SIGTV-CUSTEIO-Rosangela Moro 2024 - 21.309-8;PMSP-SMADS/FMAS-SAO PAULO SIGTV-CUSTEIO-Rosangela Moro 2024 - 21.309-8;1;Receita Corrente;3;2;1;5;0;1;1;A;S;N;N;N;02.1.660.1568;Transferências Federais;N;0;52,00;52,46;51,82;90,32;117,83;62,83;0,00;0,00;-427,26;0,00;0,00;39,52;39,52;16/01/2026
1,71650012900000e+24;49421;2025;1;PREFEITURA DO MUNICÍPIO DE SÃO PAULO;Direta;93;Fundo Municipal de Assistência Social;FMAS;NA;NA;NA;NA;PROCESSO 6024.2024/0006666-8;PMSP-SMADS/FMAS-SAO PAULO SIGTV-CUSTEIO-Rosangela Moro 2024-21.309-8;PMSP-SMADS/FMAS-SAO PAULO SIGTV-CUSTEIO-Rosangela Moro 2024-21.309-8;1;Receita Corrente;7;1;6;50;0;1;29;A;S;N;N;S;02.1.660.1568;Transferências Federais;N;0;0,00;0,00;0,00;6133,28;0,00;0,00;0,00;0,00;0,00;0,00;0,00;0,00;6133,28;16/01/2026
1,32105010103013e+24;49424;2025;1;PREFEITURA DO MUNICÍPIO DE SÃO PAULO;Direta;93;Fundo Municipal de Assistência Social;FMAS;NA;NA;NA;NA;PROCESSO 6024.2024/0006667-6;PMSP-SMADS/FMAS-SAO PAULO SIGTV-CUSTEIO-Maria Rosas 2024-21.304-7;PMSP-SMADS/FMAS-SAO PAULO SIGTV-CUSTEIO-Maria Rosas 2024-21.304-7;1;Receita Corrente;3;2;1;5;0;1;1;A;S;N;N;N;02.1.660.1563;Transferências Federais;N;0;112,39;105,91;104,33;116,10;126,49;72,45;0,00;0,00;-637,67;0,00;0,00;0,00;0,00;16/01/2026
1,32105010103013e+24;49430;2025;1;PREFEITURA DO MUNICÍPIO DE SÃO PAULO;Direta;93;Fundo Municipal de Assistência Social;FMAS;NA;NA;NA;NA;PROCESSO 6024.2024/0006668-4;PMSP-SMADS/FMAS-SAO PAULO SIGTV-CUSTEIO-Luiza Erundina 2024-21.303-9;PMSP-SMADS/FMAS-SAO PAULO SIGTV-CUSTEIO-Luiza Erundina 2024-21.303-9;1;Receita Corrente;3;2;1;5;0;1;1;A;S;N;N;N;02.1.660.1562;Transferências Federais;N;0;197,02;187,12;184,40;205,42;223,97;127,18;0,00;0,00;-1125,11;0,00;0,00;0,00;0,00;16/01/2026
1,32105010103013e+24;49436;2025;1;PREFEITURA DO MUNICÍPIO DE SÃO PAULO;Direta;93;Fundo Municipal de Assistência Social;FMAS;NA;NA;NA;NA;PROCESSO 6024.2024/0006669-2;PMSP-SMADS/FMAS-SAO PAULO SIGTV-CUSTEIO-Vincentinho 2024 - 21.302-0;PMSP-SMADS/FMAS-SAO PAULO SIGTV-CUSTEIO-Vincentinho 2024 - 21.302-0;1;Receita Corrente;3;2;1;5;0;1;1;A;S;N;N;N;02.1.660.1561;Transferências Federais;N;0;32,84;31,19;30,73;34,23;37,33;21,20;0,00;0,00;-187,52;0,00;0,00;0,00;0,00;16/01/2026
1,32105010103013e+24;49442;2025;1;PREFEITURA DO MUNICÍPIO DE SÃO PAULO;Direta;93;Fundo Municipal de Assistência Social;FMAS;NA;NA;NA;NA;PROCESSO 6024.2024/0006670-6;PMSP-SMADS/FMAS-SAO PAULO SIGTV-CUSTEIO-David Soares 2024 - 21.301.2;PMSP-SMADS/FMAS-SAO PAULO SIGTV-CUSTEIO-David Soares 2024 - 21.301.2;1;Receita Corrente;3;2;1;5;0;1;1;A;S;N;N;N;02.1.660.1560;Transferências Federais;N;0;28,60;26,56;26,15;29,05;31,61;18,37;0,00;0,00;-160,34;0,00;0,00;0,00;0,00;16/01/2026
1,32105010103013e+24;49448;2025;1;PREFEITURA DO MUNICÍPIO DE SÃO PAULO;Direta;93;Fundo Municipal de Assistência Social;FMAS;NA;NA;NA;NA;PROCESSO 6024.2024/0006671-4;PMSP-SMADS/FMAS-SAO PAULO SIGTV-CUSTEIO-Juliana Cardoso 2024 -21.300-4;PMSP-SMADS/FMAS-SAO PAULO SIGTV-CUSTEIO-Juliana Cardoso 2024 -21.300-4;1;Receita Corrente;3;2;1;5;0;1;1;A;S;N;N;N;02.1.660.1559;Transferências Federais;N;0;26,00;26,23;25,91;29,08;31,85;16,98;0,00;0,00;-156,05;0,00;0,00;0,00;0,00;16/01/2026
1,32105010103013e+24;49454;2025;1;PREFEITURA DO MUNICÍPIO DE SÃO PAULO;Direta;93;Fundo Municipal de Assistência Social;FMAS;NA;NA;NA;NA;PROCESSO 6024.2024/0006672-2;PMSP-SMADS/FMAS-SAO PAULO SIGTV-CUSTEIO-Davidi Soares 2024 -21.299-7;PMSP-SMADS/FMAS-SAO PAULO SIGTV-CUSTEIO-Davidi Soares 2024 -21.299-7;1;Receita Corrente;3;2;1;5;0;1;1;A;S;N;N;N;02.1.660.1558;Transferências Federais;N;0;72,51;67,36;66,33;73,67;80,18;46,61;0,00;0,00;-406,66;0,00;0,00;0,00;0,00;16/01/2026
1,32105010103013e+24;49460;2025;1;PREFEITURA DO MUNICÍPIO DE SÃO PAULO;Direta;93;Fundo Municipal de Assistência Social;FMAS;NA;NA;NA;NA;PROCESSO 6024.2024/0006673-0;PMSP-SMADS/FMAS-SAO PAULO SIGTV-CUSTEIO-Maria Rosas 2024 - 21.298-9;PMSP-SMADS/FMAS-SAO PAULO SIGTV-CUSTEIO-Maria Rosas 2024 - 21.298-9;1;Receita Corrente;3;2;1;5;0;1;1;A;S;N;N;N;02.1.660.1557;Transferências Federais;N;0;52,13;49,40;48,68;54,20;59,09;33,64;0,00;0,00;-297,14;0,00;0,00;0,00;0,00;16/01/2026
2,11201011000000e+24;49466;2025;1;PREFEITURA DO MUNICÍPIO DE SÃO PAULO;Direta;20;Secretaria Municipal de Mobilidade Urbana e Transporte - SMT;SMT;NA;NA;NA;NA;6017.2023/0067123-5;PMSP-Ônibus Elétrico – CEF SF 01/23;PMSP-Ônibus Elétrico – CEF SF 01/23;2;Receita de Capital;1;1;2;1;0;1;10;A;S;N;N;S;01.1.754.1493;Operações de Crédito;N;0;0,00;0,00;38413888,66;0,00;119656049,40;0,00;0,00;0,00;0,00;0,00;91930061,97;0,00;250000000,00;16/01/2026
1,32105010110087e+24;49469;2025;83;COMPANHIA METROPOLITANA DE HABITAÇÃO DE SÃO PAULO;Indireta;83;Companhia Metropolitana de Habitação de São Paulo;COHAB;NA;NA;NA;NA;PROCESSO 7610.2024/0002547-1;Convênio COHAB x Estado;Convênio COHAB x Estado;1;Receita Corrente;3;2;1;5;0;1;1;A;S;N;N;S;03.1.701.8010;Transferências Estaduais;N;0;143528,73;138328,72;135761,82;149926,30;165339,71;159120,21;188043,09;172558,67;170948,11;178109,18;148144,89;171324,95;1921134,38;16/01/2026
1,32105010102038e+24;49481;2025;1;PREFEITURA DO MUNICÍPIO DE SÃO PAULO;Direta;14;Secretaria Municipal de Habitação;SEHAB;NA;NA;NA;NA;6017.2024/0033566-0;PMSP-SF/Pode Entrar-CEF-Opcred SF 02/24;PMSP-SF/Pode Entrar-CEF-Opcred SF 02/24;1;Receita Corrente;3;2;1;5;0;1;1;A;S;N;N;N;01.1.754.1580;Operações de Crédito;N;0;4778,92;4586,09;4494,12;0,00;10387,99;5369,08;6170,45;5780,92;6112,59;6496,43;5432,15;6267,22;65875,96;16/01/2026
1,32105010103024e+24;49520;2025;1;PREFEITURA DO MUNICÍPIO DE SÃO PAULO;Direta;11;Secretaria do Governo Municipal;SGM;NA;NA;NA;NA;6019.2024/0001967-0;PMSP-SGM/Ação 0EC2-Transf Especiais/Emenda 202425200001;PMSP-SGM/Ação 0EC2-Transf Especiais/Emenda 202425200001;1;Receita Corrente;3;2;1;5;0;1;1;A;S;N;N;N;02.1.706.1582;Transferências Federais;N;0;22077,56;22272,72;21998,17;24691,20;27044,55;26416,15;31122,63;28675,60;28578,81;30068,56;25091,57;29228,35;317265,87;16/01/2026
2,12250010100000e+24;49527;2025;1;PREFEITURA DO MUNICÍPIO DE SÃO PAULO;Direta;16;Secretaria Municipal de Educação;SME;NA;NA;NA;NA;6017.2024/0023373-6;Operação de Crédito - Educação Paulistana Pode Mais BID;Operação de Crédito - Educação Paulistana Pode Mais BID;2;Receita de Capital;1;2;2;50;0;1;1;A;S;S;N;S;01.1.574.1537;Operações de Crédito;N;95034750;0,00;0,00;0,00;0,00;0,00;0,00;0,00;0,00;0,00;7514247,62;0,00;0,00;7514247,62;16/01/2026
1,32105010102034e+24;49530;2025;1;PREFEITURA DO MUNICÍPIO DE SÃO PAULO;Direta;16;Secretaria Municipal de Educação;SME;NA;NA;NA;NA;6017.2024/0023373-6;Educação Paulistana Pode Mais BID;Educação Paulistana Pode Mais BID;1;Receita Corrente;3;2;1;5;0;1;1;A;S;S;N;N;01.1.574.1537;Operações de Crédito;N;0;0,00;0,00;0,00;0,00;0,00;0,00;0,00;0,00;0,00;4124,11;78692,45;91915,09;174731,65;16/01/2026
1,32105010106046e+24;49554;2025;1;PREFEITURA DO MUNICÍPIO DE SÃO PAULO;Direta;27;Secretaria Municipal do Verde e do Meio Ambiente;SVMA;NA;NA;NA;NA;6021.2022/0030986-2;PMSP-SVMA-Desapropriação do Parque do Bixiga;PMSP-SVMA-Desapropriação do Parque do Bixiga;1;Receita Corrente;3;2;1;5;0;1;1;A;S;N;N;N;00.1.500.9001;Tesouro Municipal;N;0;11881,89;11031,51;10862,24;12063,40;13128,62;12788,67;15144,74;13935,01;14775,98;15606,30;13039,10;15288,20;159545,66;16/01/2026
1,32105010103024e+24;49560;2025;1;PREFEITURA DO MUNICÍPIO DE SÃO PAULO;Direta;11;Secretaria do Governo Municipal;SGM;NA;NA;NA;NA;6010.2024/0002175-7;PMSP-SGM/Ação 0EC2-Transf Especiais/Emenda 202443460003;PMSP-SGM/Ação 0EC2-Transf Especiais/Emenda 202443460003;1;Receita Corrente;3;2;1;5;0;1;1;A;S;N;N;N;02.1.706.1593;Transferências Federais;N;0;1511,66;1525,03;1506,23;1690,62;1851,76;1808,73;2130,99;1963,44;2074,73;2188,44;1826,21;2127,29;22205,13;16/01/2026
1,32105010103024e+24;49569;2025;1;PREFEITURA DO MUNICÍPIO DE SÃO PAULO;Direta;11;Secretaria do Governo Municipal;SGM;NA;NA;NA;NA;6019.2024/0001947-6;PMSP-SGM/Ação 0EC2-Transf Especiais/Emenda 202437350007;PMSP-SGM/Ação 0EC2-Transf Especiais/Emenda 202437350007;1;Receita Corrente;3;2;1;5;0;1;1;A;S;N;N;N;02.1.706.1590;Transferências Federais;N;0;22241,83;22438,45;22161,86;24874,93;27245,79;26612,70;31354,21;26327,11;22440,52;23670,35;19752,41;23008,93;292129,09;16/01/2026
1,32105010103024e+24;49572;2025;1;PREFEITURA DO MUNICÍPIO DE SÃO PAULO;Direta;11;Secretaria do Governo Municipal;SGM;NA;NA;NA;NA;6019.2024/0001969-7;PMSP-SGM/Ação 0EC2-Transf Especiais/Emenda 202425280003;PMSP-SGM/Ação 0EC2-Transf Especiais/Emenda 202425280003;1;Receita Corrente;3;2;1;5;0;1;1;A;S;N;N;N;02.1.706.1615;Transferências Federais;N;0;46017,58;46424,38;45852,12;51465,37;56370,59;55060,77;64870,78;59770,30;63158,35;66619,71;55592,75;64758,17;675960,87;16/01/2026
1,32105010103013e+24;49613;2025;1;PREFEITURA DO MUNICÍPIO DE SÃO PAULO;Direta;93;Fundo Municipal de Assistência Social;FMAS;NA;NA;NA;NA;6024.2024/0007724-4;PMSP-SMADS/FMAS-SP SIGTV-CUSTEIO/Mara Gabrili 2024 - 21.354-3;PMSP-SMADS/FMAS-SP SIGTV-CUSTEIO/Mara Gabrili 2024 - 21.354-3;1;Receita Corrente;3;2;1;5;0;1;1;A;S;N;N;N;02.1.660.1596;Transferências Federais;N;0;51,48;51,94;51,30;57,57;63,07;33,62;0,00;0,00;-308,98;278,62;267,46;313,60;859,68;16/01/2026
1,71650013800000e+24;49614;2025;1;PREFEITURA DO MUNICÍPIO DE SÃO PAULO;Direta;93;Fundo Municipal de Assistência Social;FMAS;NA;NA;NA;NA;6024.2024/0007724-4;PMSP-SMADS/FMAS-SP SIGTV-CUSTEIO/Mara Gabrili 2024 - 21.354-3;PMSP-SMADS/FMAS-SP SIGTV-CUSTEIO/Mara Gabrili 2024 - 21.354-3;1;Receita Corrente;7;1;6;50;0;1;38;A;S;N;N;S;02.1.660.1596;Transferências Federais;N;0;0,00;0,00;0,00;0,00;0,00;0,00;0,00;0,00;22801,62;0,00;0,00;0,00;22801,62;16/01/2026
1,32105010103013e+24;49615;2025;1;PREFEITURA DO MUNICÍPIO DE SÃO PAULO;Direta;93;Fundo Municipal de Assistência Social;FMAS;NA;NA;NA;NA;6024.2024/0007721-0;PMSP-SMADS/FMAS-SP SIGTV-CUSTEIO/Juliana Cardosos 2024 - 21.353-5;PMSP-SMADS/FMAS-SP SIGTV-CUSTEIO/Juliana Cardosos 2024 - 21.353-5;1;Receita Corrente;3;2;1;5;0;1;1;A;S;N;N;N;02.1.660.1595;Transferências Federais;N;0;51,48;51,94;51,30;57,57;63,07;33,62;0,00;0,00;-308,98;0,00;0,00;0,00;0,00;16/01/2026
1,32105010103013e+24;49617;2025;1;PREFEITURA DO MUNICÍPIO DE SÃO PAULO;Direta;93;Fundo Municipal de Assistência Social;FMAS;NA;NA;NA;NA;6024.2024/0007726-0;PMSP-SMADS/FMAS-SP SIGTV-CUSTEIO/Juliana Cardoso 2024 - 21.355-1;PMSP-SMADS/FMAS-SP SIGTV-CUSTEIO/Juliana Cardoso 2024 - 21.355-1;1;Receita Corrente;3;2;1;5;0;1;1;A;S;N;N;N;02.1.660.1597;Transferências Federais;N;0;25,74;25,97;25,65;28,79;31,54;16,81;0,00;0,00;-154,50;0,00;0,00;0,00;0,00;16/01/2026
1,32105010103013e+24;49619;2025;1;PREFEITURA DO MUNICÍPIO DE SÃO PAULO;Direta;93;Fundo Municipal de Assistência Social;FMAS;NA;NA;NA;NA;6024.2024/0007728-7;PMSP-SMADS/FMAS-SP SIGTV-CUSTEIO/Juliana Cardoso 2024 - 21.356-X;PMSP-SMADS/FMAS-SP SIGTV-CUSTEIO/Juliana Cardoso 2024 - 21.356-X;1;Receita Corrente;3;2;1;5;0;1;1;A;S;N;N;N;02.1.660.1598;Transferências Federais;N;0;53,92;54,38;53,72;60,29;66,04;35,21;0,00;0,00;-323,56;0,00;0,00;0,00;0,00;16/01/2026
1,32105010103013e+24;49621;2025;1;PREFEITURA DO MUNICÍPIO DE SÃO PAULO;Direta;93;Fundo Municipal de Assistência Social;FMAS;NA;NA;NA;NA;6024.2024/0007733-3;SAO PAULO SIGTV - CUSTEIO - Maria Rosas 2024 - 21.357-8;SAO PAULO SIGTV - CUSTEIO - Maria Rosas 2024 - 21.357-8;1;Receita Corrente;3;2;1;5;0;1;1;A;S;N;N;N;02.1.660.1599;Transferências Federais;N;0;30,89;31,16;30,78;34,55;37,84;20,17;0,00;0,00;-185,39;0,00;0,00;0,00;0,00;16/01/2026
1,32105010103013e+24;49623;2025;1;PREFEITURA DO MUNICÍPIO DE SÃO PAULO;Direta;93;Fundo Municipal de Assistência Social;FMAS;NA;NA;NA;NA;6024.2024/0007734-1;PMSP-SMADS/FMAS-SP SIGTV-CUSTEIO/Kim Kataguire 2024 - 21.358-6;PMSP-SMADS/FMAS-SP SIGTV-CUSTEIO/Kim Kataguire 2024 - 21.358-6;1;Receita Corrente;3;2;1;5;0;1;1;A;S;N;N;N;02.1.660.1600;Transferências Federais;N;0;53,92;54,38;53,72;60,29;66,04;35,21;0,00;0,00;-323,56;0,00;0,00;0,00;0,00;16/01/2026
1,32105010103013e+24;49625;2025;1;PREFEITURA DO MUNICÍPIO DE SÃO PAULO;Direta;93;Fundo Municipal de Assistência Social;FMAS;NA;NA;NA;NA;6024.2024/0007737-6;SAO PAULO SIGTV - CUSTEIO - Maria Rosas 2024 - 21.359-4;SAO PAULO SIGTV - CUSTEIO - Maria Rosas 2024 - 21.359-4;1;Receita Corrente;3;2;1;5;0;1;1;A;S;N;N;N;02.1.660.1601;Transferências Federais;N;0;40,44;40,79;40,28;45,22;49,53;26,41;0,00;0,00;-242,67;0,00;0,00;0,00;0,00;16/01/2026
1,32105010103013e+24;49627;2025;1;PREFEITURA DO MUNICÍPIO DE SÃO PAULO;Direta;93;Fundo Municipal de Assistência Social;FMAS;NA;NA;NA;NA;6024.2024/0007739-2;PMSP-SMADS/FMAS-SP SIGTV-CUSTEIO/Kim Kataguire 2024 - 21.360-8;PMSP-SMADS/FMAS-SP SIGTV-CUSTEIO/Kim Kataguire 2024 - 21.360-8;1;Receita Corrente;3;2;1;5;0;1;1;A;S;N;N;N;02.1.660.1602;Transferências Federais;N;0;53,92;54,38;53,72;60,29;66,04;35,21;0,00;0,00;-323,56;0,00;0,00;0,00;0,00;16/01/2026
1,32105010103013e+24;49629;2025;1;PREFEITURA DO MUNICÍPIO DE SÃO PAULO;Direta;93;Fundo Municipal de Assistência Social;FMAS;NA;NA;NA;NA;6024.2024/0007741-4;PMSP-SMADS/FMAS-SP SIGTV-CUSTEIO/Juliana Cardoso 2024 - 21.361-6;PMSP-SMADS/FMAS-SP SIGTV-CUSTEIO/Juliana Cardoso 2024 - 21.361-6;1;Receita Corrente;3;2;1;5;0;1;1;A;S;N;N;N;02.1.660.1603;Transferências Federais;N;0;25,74;25,97;25,65;28,79;31,54;16,81;0,00;0,00;-154,50;0,00;0,00;0,00;0,00;16/01/2026
1,32105010103013e+24;49631;2025;1;PREFEITURA DO MUNICÍPIO DE SÃO PAULO;Direta;93;Fundo Municipal de Assistência Social;FMAS;NA;NA;NA;NA;6024.2024/0007744-9;PMSP-SMADS/ FMAS-SP SIGTV-CUSTEIO/Kim Kataguire 2024 - 21.362-4;PMSP-SMADS/ FMAS-SP SIGTV-CUSTEIO/Kim Kataguire 2024 - 21.362-4;1;Receita Corrente;3;2;1;5;0;1;1;A;S;N;N;N;02.1.660.1604;Transferências Federais;N;0;51,48;51,94;51,30;57,57;63,07;33,62;0,00;0,00;-308,98;0,00;0,00;0,00;0,00;16/01/2026
2,42254010101001e+24;49637;2025;1;PREFEITURA DO MUNICÍPIO DE SÃO PAULO;Direta;20;Secretaria Municipal de Mobilidade Urbana e Transporte - SMT;SMT;NA;NA;NA;NA;6011.2019/0001579-6;PMSP-SMT/ALARG ESTR M BOI MIRIM;PMSP-SMT/ALARG ESTR M BOI MIRIM;2;Receita de Capital;4;2;2;54;0;1;1;A;S;N;N;S;03.1.701.1556;Transferências Estaduais;N;329193618;0,00;0,00;0,00;0,00;0,00;0,00;0,00;0,00;0,00;0,00;0,00;0,00;0,00;16/01/2026
1,11303110200000e+24;49700;2025;1;PREFEITURA DO MUNICÍPIO DE SÃO PAULO;Direta;NA;NA;NA;NA;NA;NA;NA;NA;Imposto sobre a Renda - Retido na Fonte - Trabalho - PF - Folha de Pagamento;IRRF - Trabalho - PF - Folha de Pagamento;1;Receita Corrente;1;1;3;3;1;1;2;A;S;P;P;S;00.1.500.9003;Tesouro Municipal;N;4544339158;147342509,50;426656257,00;347197326,30;294351773,50;303830407,10;224089042,70;-471958264,20;221139055,40;161061420,50;161436233,10;161458901,70;324816883,20;2301421546,00;16/01/2026
1,11303120200000e+24;49703;2025;1;PREFEITURA DO MUNICÍPIO DE SÃO PAULO;Direta;NA;NA;NA;NA;NA;NA;NA;NA;Deduções do Imposto sobre a Renda - Retido na Fonte - Trabalho - PF - Folha de Pagamento - Multas e Juros;Deduções do IRRF - Trabalho - PF - Folha de Pagamento - Multas e Juros;1;Receita Corrente;1;1;3;3;1;2;2;A;S;N;N;S;00.1.500.9003;Tesouro Municipal;S;0;0,00;0,00;0,00;0,00;0,00;0,00;0,00;0,00;0,00;0,00;0,00;0,00;0,00;16/01/2026
1,92201110900000e+24;49726;2025;1;PREFEITURA DO MUNICÍPIO DE SÃO PAULO;Direta;84;Fundo Municipal de Saúde;FMS/SMS;NA;NA;NA;NA;NA;Restituições de valores não utilizados em convênios - FMS;Restituições de valores não utilizados em convênios - FMS;1;Receita Corrente;9;2;2;1;1;1;9;A;S;N;S;S;08.1.659.1445;Tesouro Municipal - Recursos Vinculados;N;0;3617,76;31710,04;19334,20;63026,43;100039,39;1823901,47;949203,22;241337,41;30798,56;535650,03;1059254,28;30936,21;4888809,00;16/01/2026
1,92299013300000e+24;49727;2025;1;PREFEITURA DO MUNICÍPIO DE SÃO PAULO;Direta;84;Fundo Municipal de Saúde;FMS/SMS;NA;NA;NA;NA;NA;Outras Restituições - FMS;Outras Restituições - FMS;1;Receita Corrente;9;2;2;99;0;1;33;A;S;N;S;S;08.1.659.1445;Tesouro Municipal - Recursos Vinculados;N;0;1178,34;2717,71;2311,56;3682,94;2237,59;69,72;413,07;79,08;1850,84;4094,63;-267,00;720,94;19089,42;16/01/2026
1,32105010109020e+24;49730;2025;1;PREFEITURA DO MUNICÍPIO DE SÃO PAULO;Direta;84;Fundo Municipal de Saúde;FMS/SMS;NA;NA;NA;NA;NA;Fundo Municipal de Saúde - 8.730-0;Fundo Municipal de Saúde - 8.730-0;1;Receita Corrente;3;2;1;5;0;1;1;A;S;N;S;N;08.1.659.1445;Tesouro Municipal - Recursos Vinculados;N;0;455894,28;366072,26;294079,18;307743,00;344562,71;336062,08;422336,63;389121,43;293493,65;308531,59;223522,11;235214,52;3976633,44;16/01/2026
1,32105010103013e+24;49774;2025;1;PREFEITURA DO MUNICÍPIO DE SÃO PAULO;Direta;93;Fundo Municipal de Assistência Social;FMAS;NA;NA;NA;NA;NA;PMSP-SMADS/FMAS-SP SIGTV-INVEST - Ricardo Sales 2024 - 21.385-3;PMSP-SMADS/FMAS-SP SIGTV-INVEST - Ricardo Sales 2024 - 21.385-3;1;Receita Corrente;3;2;1;5;0;1;1;A;S;N;N;N;02.1.660.1622;Transferências Federais;N;0;5767,24;5818,21;5746,50;6449,99;7064,74;6900,59;8130,04;7490,82;7915,43;8349,23;6967,26;8115,93;84715,98;16/01/2026
1,32105010103013e+24;49776;2025;1;PREFEITURA DO MUNICÍPIO DE SÃO PAULO;Direta;93;Fundo Municipal de Assistência Social;FMAS;NA;NA;NA;NA;NA;PMSP-SMADS/FMAS-SP SIGTV-CUSTEIO/Mara Gabrili 2024 - 21.371-3;PMSP-SMADS/FMAS-SP SIGTV-CUSTEIO/Mara Gabrili 2024 - 21.371-3;1;Receita Corrente;3;2;1;5;0;1;1;A;S;N;N;N;02.1.660.1613;Transferências Federais;N;0;1537,93;146,90;71,84;80,64;88,32;86,27;101,64;93,65;98,96;104,38;87,10;101,46;2599,09;16/01/2026
1,32105010103013e+24;49777;2025;1;PREFEITURA DO MUNICÍPIO DE SÃO PAULO;Direta;93;Fundo Municipal de Assistência Social;FMAS;NA;NA;NA;NA;NA;PMSP-SMADS/FMAS-SP SIGTV-CUSTEIO/Tiririca 2024 - 21.370-5;PMSP-SMADS/FMAS-SP SIGTV-CUSTEIO/Tiririca 2024 - 21.370-5;1;Receita Corrente;3;2;1;5;0;1;1;A;S;N;N;N;02.1.660.1612;Transferências Federais;N;0;25,74;25,97;25,65;28,79;31,54;16,81;0,00;0,00;-154,50;0,00;0,00;0,00;0,00;16/01/2026
1,32105010103013e+24;49778;2025;1;PREFEITURA DO MUNICÍPIO DE SÃO PAULO;Direta;93;Fundo Municipal de Assistência Social;FMAS;NA;NA;NA;NA;NA;PMSP-SMADS/FMAS-SP SIGTV-CUSTEIO/Baleia Rossi 2024 - 21.369-1;PMSP-SMADS/FMAS-SP SIGTV-CUSTEIO/Baleia Rossi 2024 - 21.369-1;1;Receita Corrente;3;2;1;5;0;1;1;A;S;N;N;N;02.1.660.1611;Transferências Federais;N;0;16,73;16,88;16,67;18,72;20,49;10,93;0,00;0,00;-100,42;0,00;0,00;0,00;0,00;16/01/2026
1,32105010103013e+24;49779;2025;1;PREFEITURA DO MUNICÍPIO DE SÃO PAULO;Direta;93;Fundo Municipal de Assistência Social;FMAS;NA;NA;NA;NA;NA;PMSP-SMADS/FMAS-SP SIGTV-CUSTEIO/Maria Rosas 2024 - 21.368-3;PMSP-SMADS/FMAS-SP SIGTV-CUSTEIO/Maria Rosas 2024 - 21.368-3;1;Receita Corrente;3;2;1;5;0;1;1;A;S;N;N;N;02.1.660.1610;Transferências Federais;N;0;134,78;135,97;134,29;150,73;165,10;88,02;0,00;0,00;-808,89;0,00;0,00;0,00;0,00;16/01/2026
1,32105010103013e+24;49780;2025;1;PREFEITURA DO MUNICÍPIO DE SÃO PAULO;Direta;93;Fundo Municipal de Assistência Social;FMAS;NA;NA;NA;NA;NA;PMSP-SMADS/FMAS-SP SIGTV-CUSTEIO/Juliana Cardoso 2024 - 21.367-5;PMSP-SMADS/FMAS-SP SIGTV-CUSTEIO/Juliana Cardoso 2024 - 21.367-5;1;Receita Corrente;3;2;1;5;0;1;1;A;S;N;N;N;02.1.660.1609;Transferências Federais;N;0;54,77;55,25;54,57;61,26;67,09;35,76;0,00;0,00;-328,70;0,00;0,00;0,00;0,00;16/01/2026
1,32105010103013e+24;49781;2025;1;PREFEITURA DO MUNICÍPIO DE SÃO PAULO;Direta;93;Fundo Municipal de Assistência Social;FMAS;NA;NA;NA;NA;NA;PMSP-SMADS/FMAS-SP SIGTV-CUSTEIO/Kim Kataguire 2024 - 21.366-7;PMSP-SMADS/FMAS-SP SIGTV-CUSTEIO/Kim Kataguire 2024 - 21.366-7;1;Receita Corrente;3;2;1;5;0;1;1;A;S;N;N;N;02.1.660.1608;Transferências Federais;N;0;1537,93;1036,46;78,29;87,88;96,25;94,01;110,77;102,06;107,84;113,75;94,93;110,57;3570,74;16/01/2026
1,32105010103013e+24;49782;2025;1;PREFEITURA DO MUNICÍPIO DE SÃO PAULO;Direta;93;Fundo Municipal de Assistência Social;FMAS;NA;NA;NA;NA;NA;PMSP-SMADS/FMAS-SP SIGTV-CUSTEIO/Adriana Ventura 2024 - 21.365-9;PMSP-SMADS/FMAS-SP SIGTV-CUSTEIO/Adriana Ventura 2024 - 21.365-9;1;Receita Corrente;3;2;1;5;0;1;1;A;S;N;N;N;02.1.660.1607;Transferências Federais;N;0;82,42;83,14;82,12;92,17;100,95;53,83;0,00;0,00;-494,63;0,00;0,00;0,00;0,00;16/01/2026
1,32105010103013e+24;49783;2025;1;PREFEITURA DO MUNICÍPIO DE SÃO PAULO;Direta;93;Fundo Municipal de Assistência Social;FMAS;NA;NA;NA;NA;NA;PMSP-SMADS/FMAS-SP SIGTV-CUSTEIO/Kim Kataguire 2024 - 21.364-0;PMSP-SMADS/FMAS-SP SIGTV-CUSTEIO/Kim Kataguire 2024 - 21.364-0;1;Receita Corrente;3;2;1;5;0;1;1;A;S;N;N;N;02.1.660.1606;Transferências Federais;N;0;51,48;51,94;51,30;57,57;63,07;33,62;0,00;0,00;-308,98;0,00;0,00;0,00;0,00;16/01/2026
1,32105010103013e+24;49784;2025;1;PREFEITURA DO MUNICÍPIO DE SÃO PAULO;Direta;93;Fundo Municipal de Assistência Social;FMAS;NA;NA;NA;NA;NA;PMSP-SMADS/FMAS-SP SIGTV-CUSTEIO/Rui Falcão 2024 - 21.363-2;PMSP-SMADS/FMAS-SP SIGTV-CUSTEIO/Rui Falcão 2024 - 21.363-2;1;Receita Corrente;3;2;1;5;0;1;1;A;S;N;N;N;02.1.660.1605;Transferências Federais;N;0;4775,52;4817,74;4758,35;5340,87;5849,91;5713,99;6732,03;6202,72;6554,32;6913,53;5769,19;6720,34;70148,51;16/01/2026
1,32105010103024e+24;49802;2025;1;PREFEITURA DO MUNICÍPIO DE SÃO PAULO;Direta;19;Secretaria Municipal de Esportes e Lazer;SEME;NA;NA;NA;NA;NA;PMSP-SGM/Ação 0EC2-Transf Especiais/Emenda 202490320005;PMSP-SGM/Ação 0EC2-Transf Especiais/Emenda 202490320005;1;Receita Corrente;3;2;1;5;0;1;1;A;S;N;N;N;02.1.706.1623;Transferências Federais;N;0;30678,38;30949,59;30568,08;34310,24;37580,40;36707,18;43247,19;39846,87;42105,56;44413,14;37061,83;42940,03;450408,49;16/01/2026
1,61101011800000e+24;49820;2025;1;PREFEITURA DO MUNICÍPIO DE SÃO PAULO;Direta;NA;NA;NA;NA;NA;NA;NA;NA;PPI - Termo de Permissão de Uso - TPU;PPI - Termo de Permissão de Uso - TPU;1;Receita Corrente;6;1;1;1;0;1;18;A;S;N;N;S;00.1.501.9001;Tesouro Municipal;N;0;48,64;686,78;43,49;50,04;56,84;44,87;58,11;52,44;53,04;47,05;47,66;0,00;1188,96;16/01/2026
1,61101031800000e+24;49823;2025;1;PREFEITURA DO MUNICÍPIO DE SÃO PAULO;Direta;NA;NA;NA;NA;NA;NA;NA;NA;PPI - Termo de Permissão de Uso - TPU - Dívida Ativa;PPI - Termo de Permissão de Uso - TPU - Dívida Ativa;1;Receita Corrente;6;1;1;1;0;3;18;A;S;N;N;S;00.1.501.9001;Tesouro Municipal;N;0;378267,62;620988,05;186815,64;137234,75;141349,63;140492,70;132673,31;215418,22;134129,15;119090,45;115261,26;125960,26;2447681,04;16/01/2026
1,61101041800000e+24;49828;2025;1;PREFEITURA DO MUNICÍPIO DE SÃO PAULO;Direta;NA;NA;NA;NA;NA;NA;NA;NA;PPI - Termo de Permissão de Uso - TPU - Dívida Ativa - Multas e Juros;PPI - Termo de Permissão de Uso - TPU - Dívida Ativa - Multas e Juros;1;Receita Corrente;6;1;1;1;0;4;18;A;S;N;N;S;00.1.501.9001;Tesouro Municipal;N;0;16252,99;33140,25;24454,78;15745,31;17530,67;18144,77;15696,05;29887,66;16756,64;14890,07;15292,23;16904,32;234695,74;16/01/2026
1,61101021800000e+24;49834;2025;1;PREFEITURA DO MUNICÍPIO DE SÃO PAULO;Direta;NA;NA;NA;NA;NA;NA;NA;NA;PPI - Termo de Permissão de Uso - TPU - Multas e Juros;PPI - Termo de Permissão de Uso - TPU - Multas e Juros;1;Receita Corrente;6;1;1;1;0;2;18;A;S;N;N;S;00.1.501.9001;Tesouro Municipal;N;0;12,56;156,89;10,88;13,40;15,48;11,24;15,65;13,52;13,69;11,78;11,93;0,00;287,02;16/01/2026
1,32105010103013e+24;49841;2025;1;PREFEITURA DO MUNICÍPIO DE SÃO PAULO;Direta;93;Fundo Municipal de Assistência Social;FMAS;NA;NA;NA;NA;NA;Sao Paulo SIGTV -custeio - Juliana Cardoso 2024 - 21.372-1;Sao Paulo SIGTV -custeio - Juliana Cardoso 2024 - 21.372-1;1;Receita Corrente;3;2;1;5;0;1;1;A;S;N;N;N;02.1.660.1614;Transferências Federais;N;0;38,62;38,95;38,47;43,19;47,30;25,21;0,00;0,00;-231,74;0,00;0,00;0,00;0,00;16/01/2026
1,32105010102030e+24;49848;2025;1;PREFEITURA DO MUNICÍPIO DE SÃO PAULO;Direta;12;Secretaria Municipal das Subprefeituras;SMSUB;NA;NA;NA;NA;NA;PMSP/SMSUB - Recape 2024;PMSP/SMSUB - Recape 2024;1;Receita Corrente;3;2;1;5;0;1;1;A;S;N;N;N;01.1.754.1631;Operações de Crédito;N;0;2314398,15;1389791,29;903813,58;2547824,16;2233481,21;1848040,91;1637341,73;1245592,80;1092952,90;746653,04;433019,82;314684,14;16707593,73;16/01/2026
2,44199010601000e+24;49852;2025;1;PREFEITURA DO MUNICÍPIO DE SÃO PAULO;Direta;86;Fundo Municipal de Saneamento Ambiental e Infraestrutura;FMSAI;NA;NA;NA;NA;NA;Convênio PMSP x SABESP - Fundo Municipal de Saneamento Ambiental e Infraestrutura;Convênio PMSP x SABESP - Fundo Municipal de Saneamento Ambiental e Inf;2;Receita de Capital;4;4;1;99;0;1;6;A;S;N;N;N;08.1.759.0709;Tesouro Municipal - Recursos Vinculados;N;200000004;59371275,62;0,00;0,00;169928982,10;2794066,20;31945510,17;0,00;2080544,41;90498325,54;0,00;0,00;48885048,00;405503752,00;16/01/2026
2,11201011100000e+24;49858;2025;1;PREFEITURA DO MUNICÍPIO DE SÃO PAULO;Direta;20;Secretaria Municipal de Mobilidade Urbana e Transporte - SMT;SMT;NA;NA;NA;NA;NA;PMSP- SF/Onibus Elétrico-BB-Opcred SF 01/24 - “Programa de Redução de Gases Poluentes por meio da Eletrificação da Frota de Ônibus”.;PMSP- SF/Onibus Elétrico-BB-Opcred SF 01/24;2;Receita de Capital;1;1;2;1;0;1;11;A;S;N;N;S;01.1.754.1530;Operações de Crédito;N;0;0,00;0,00;0,00;0,00;0,00;0,00;0,00;0,00;5000000,00;0,00;0,00;0,00;5000000,00;16/01/2026
2,99950011900000e+24;49885;2025;1;PREFEITURA DO MUNICÍPIO DE SÃO PAULO;Direta;29;Secretaria Municipal de Urbanismo e Licenciamento;SMUL;NA;NA;NA;NA;NA;PMSP-SMUL/OUCBT-CEPAC-Leilão-Tamanduateí;PMSP-SMUL/OUCBT-CEPAC-Leilão-Tamanduateí;2;Receita de Capital;9;9;9;50;0;1;19;A;S;N;N;S;08.1.799.1637;Tesouro Municipal - Recursos Vinculados;N;102638052;0,00;0,00;0,00;0,00;0,00;0,00;0,00;0,00;0,00;0,00;0,00;0,00;0,00;16/01/2026
2,99950012000000e+24;49887;2025;1;PREFEITURA DO MUNICÍPIO DE SÃO PAULO;Direta;29;Secretaria Municipal de Urbanismo e Licenciamento;SMUL;NA;NA;NA;NA;NA;PMSP-SMUL/OUCBT-CEPAC/HIS-Leilão-Tamanduateí;PMSP-SMUL/OUCBT-CEPAC/HIS-Leilão-Tamanduateí;2;Receita de Capital;9;9;9;50;0;1;20;A;S;N;N;S;08.1.799.1636;Tesouro Municipal - Recursos Vinculados;N;79829596;0,00;0,00;0,00;0,00;0,00;0,00;0,00;0,00;0,00;0,00;0,00;0,00;0,00;16/01/2026
2,99950012100000e+24;49889;2025;1;PREFEITURA DO MUNICÍPIO DE SÃO PAULO;Direta;29;Secretaria Municipal de Urbanismo e Licenciamento;SMUL;NA;NA;NA;NA;NA;PMSP-SMUL/OUCBT-CEPAC/Equipamentos Públicos-Leilão;PMSP-SMUL/OUCBT-CEPAC/Equipamentos Públicos-Leilão;2;Receita de Capital;9;9;9;50;0;1;21;A;S;N;N;S;08.1.799.1635;Tesouro Municipal - Recursos Vinculados;N;34212684;0,00;0,00;0,00;0,00;0,00;0,00;0,00;0,00;0,00;0,00;0,00;0,00;0,00;16/01/2026
1,32105010109097e+24;49893;2025;1;PREFEITURA DO MUNICÍPIO DE SÃO PAULO;Direta;78;Fundo de Abastecimento Alimentar de São Paulo;FAASP;NA;NA;NA;NA;NA;PMSP-SMDU/Cidade Solidária - FAASP;PMSP-SMDU/Cidade Solidária - FAASP;1;Receita Corrente;3;2;1;5;0;1;1;A;S;N;N;N;05.1.799.1268;Outras Fontes;N;0;18096,17;16820,86;16564,74;18400,49;20027,95;19514,58;23115,06;21272,38;22562,01;23834,03;19916,11;23354,58;243478,96;16/01/2026
2,99950012200000e+24;49894;2025;1;PREFEITURA DO MUNICÍPIO DE SÃO PAULO;Direta;29;Secretaria Municipal de Urbanismo e Licenciamento;SMUL;NA;NA;NA;NA;NA;PMSP-SMUL/OUCBT-CEPAC/ Patrimônio Histórico - Leilão;PMSP-SMUL/OUCBT-CEPAC/ Patrimônio Histórico - Leilão;2;Receita de Capital;9;9;9;50;0;1;22;A;S;N;N;S;08.1.799.1634;Tesouro Municipal - Recursos Vinculados;N;11404228;0,00;0,00;0,00;0,00;0,00;0,00;0,00;0,00;0,00;0,00;0,00;0,00;0,00;16/01/2026
1,32101010104004e+24;49924;2025;1;PREFEITURA DO MUNICÍPIO DE SÃO PAULO;Direta;19;Secretaria Municipal de Esportes e Lazer;SEME;NA;NA;NA;NA;NA;PMSP-SEME/CONVÊNIO SICONV Nº 915504/2021-POUPANÇA;PMSP-SEME/CONVÊNIO SICONV Nº 915504/2021-POUPANÇA;1;Receita Corrente;3;2;1;1;0;1;1;A;S;N;N;N;02.1.700.1352;Transferências Federais;N;0;1092,05;591,97;509,59;0,00;0,00;0,00;0,00;0,00;0,00;0,00;0,00;0,00;2193,61;16/01/2026
1,32101010104004e+24;49927;2025;1;PREFEITURA DO MUNICÍPIO DE SÃO PAULO;Direta;19;Secretaria Municipal de Esportes e Lazer;SEME;NA;NA;NA;NA;NA;PMSP-SEME/CONVÊNIO SICONV Nº 914142/2021-POUPANÇA;PMSP-SEME/CONVÊNIO SICONV Nº 914142/2021-POUPANÇA;1;Receita Corrente;3;2;1;1;0;1;1;A;S;N;N;N;02.1.700.1351;Transferências Federais;N;0;6557,51;7118,69;6111,73;7162,70;3555,32;760,71;2928,80;2972,71;0,00;0,00;0,00;0,00;37168,17;16/01/2026
1,32101010104004e+24;49930;2025;1;PREFEITURA DO MUNICÍPIO DE SÃO PAULO;Direta;19;Secretaria Municipal de Esportes e Lazer;SEME;NA;NA;NA;NA;NA;PMSP-SEME/CONVÊNIO SICONV Nº 917642/2021-POUPANÇA;PMSP-SEME/CONVÊNIO SICONV Nº 917642/2021-POUPANÇA;1;Receita Corrente;3;2;1;1;0;1;1;A;S;N;N;N;02.1.700.1367;Transferências Federais;N;0;13807,50;14219,88;12241,06;14346,04;11319,34;11470,39;11487,53;11668,55;2555,65;2564,47;0,00;0,00;105680,41;16/01/2026
1,32101010104004e+24;49933;2025;1;PREFEITURA DO MUNICÍPIO DE SÃO PAULO;Direta;84;Fundo Municipal de Saúde;FMS/SMS;NA;NA;NA;NA;NA;PMSP-SMS/Construção de cobertura-UBS Vila Esperança-Or. Cassio Bittencourt Filho-Poupança;SMS/Constr cobertura-UBS V Esperança-Or. Cassio Bittencourt Filho-Poup;1;Receita Corrente;3;2;1;1;0;1;1;A;S;N;S;N;03.1.632.1470;Transferências Estaduais;N;0;298,93;312,19;0,00;0,00;0,00;0,00;0,00;0,00;0,00;0,00;0,00;0,00;611,12;16/01/2026
2,41951015101002e+24;49936;2025;1;PREFEITURA DO MUNICÍPIO DE SÃO PAULO;Direta;43;Subprefeitura Freguesia/Brasilândia;SUB-FB;NA;NA;NA;NA;NA;Transferência Especial - PMSP-SEME/Revitalização do espaço público Praça Marielle Franco SUB-FB;Transf Especial - SEME/Revit espaço público Pça Marielle Franco SUB-FB;2;Receita de Capital;4;1;9;51;0;1;51;A;S;N;N;S;02.1.706.1638;Transferências Federais;N;0;0,00;265737,32;0,00;0,00;0,00;0,00;0,00;0,00;0,00;0,00;0,00;0,00;265737,32;16/01/2026
6,21800820199010e+24;49938;2025;83;COMPANHIA METROPOLITANA DE HABITAÇÃO DE SÃO PAULO;Indireta;83;Companhia Metropolitana de Habitação de São Paulo;COHAB;NA;NA;NA;NA;NA;ISS retido através de NRT;ISS retido através de NRT;6;Receita Extraorçamentária;2;1;8;0;8;2;1;A;N;N;N;S;12.1.869.9001;Recursos Extraorçamentários;N;0;5993,24;0,00;0,00;5960,94;0,00;2998,87;1487,24;0,00;1492,80;0,00;0,00;0,00;17933,09;16/01/2026
1,32105010109019e+24;49941;2025;1;PREFEITURA DO MUNICÍPIO DE SÃO PAULO;Direta;86;Fundo Municipal de Saneamento Ambiental e Infraestrutura;FMSAI;NA;NA;NA;NA;NA;Fundo Municipal de Saneamento Ambiental e Infraestrutura - FMSAI - Lei 18.107;Fundo Municipal de Saneamento Ambiental e Infraestrutura - Lei 18.107;1;Receita Corrente;3;2;1;5;0;1;1;A;S;N;N;N;08.1.759.0709;Tesouro Municipal - Recursos Vinculados;N;0;11219572,45;11402034,83;2751184,02;6309942,42;7185560,66;5717112,04;5605865,89;3642742,66;3447267,63;3100324,93;2155241,68;2317373,46;64854222,67;16/01/2026
1,71552010100000e+24;49943;2025;1;PREFEITURA DO MUNICÍPIO DE SÃO PAULO;Direta;16;Secretaria Municipal de Educação;SME;NA;NA;NA;NA;NA;Deduções de Transferências de Recursos de Complementação da União ao Fundeb - VAAR;Deduções de Transf Recursos Complementação da União ao Fundeb - VAAR;1;Receita Corrente;7;1;5;52;0;1;1;A;S;S;N;S;04.1.543.9001;Fundo Constitucional da Educação;S;0;0,00;0,00;0,00;-648058,98;0,00;0,00;0,00;0,00;0,00;0,00;0,00;0,00;-648058,98;16/01/2026
2,11201011200000e+24;49954;2025;1;PREFEITURA DO MUNICÍPIO DE SÃO PAULO;Direta;12;Secretaria Municipal das Subprefeituras;SMSUB;NA;NA;NA;NA;NA;Operação de crédito - Recapeamento de ruas - PMSP/SMSUB - Recape 2024;Operação de crédito - Recapeamento de ruas - PMSP/SMSUB - Recape 2024;2;Receita de Capital;1;1;2;1;0;1;12;A;S;N;N;S;01.1.754.1631;Operações de Crédito;N;0;0,00;0,00;288000000,00;0,00;0,00;0,00;0,00;0,00;0,00;0,00;0,00;0,00;288000000,00;16/01/2026
1,32105010102038e+24;49957;2025;1;PREFEITURA DO MUNICÍPIO DE SÃO PAULO;Direta;14;Secretaria Municipal de Habitação;SEHAB;NA;NA;NA;NA;NA;PMSP- SF/PodeEntrar-Opcred SF 04/24;PMSP- SF/PodeEntrar-Opcred SF 04/24;1;Receita Corrente;3;2;1;5;0;1;1;A;S;N;N;N;01.1.754.1654;Operações de Crédito;N;0;2436061,59;3461296,42;4070968,52;5025813,29;4774726,10;4205526,63;4394001,47;12911549,17;3009033,59;2835015,48;1999105,85;1861079,38;50984177,49;16/01/2026
1,32105010102038e+24;49960;2025;1;PREFEITURA DO MUNICÍPIO DE SÃO PAULO;Direta;14;Secretaria Municipal de Habitação;SEHAB;NA;NA;NA;NA;NA;PMSP- SF/PodeEntrarItau-Opcred SF 04/24;PMSP- SF/PodeEntrarItau-Opcred SF 04/24;1;Receita Corrente;3;2;1;5;0;1;1;A;S;N;N;N;01.1.754.1644;Operações de Crédito;N;0;2585739,00;0,00;7070078,78;0,00;0,00;0,00;0,00;-9655817,78;0,00;0,00;0,00;0,00;0,00;16/01/2026
1,92101011100000e+24;49963;2025;1;PREFEITURA DO MUNICÍPIO DE SÃO PAULO;Direta;NA;NA;NA;NA;NA;NA;NA;NA;Indenização por dano material de natureza não tributária - ANPC UNINOVE;Indenização por dano material de natureza não tributária- ANPC UNINOVE;1;Receita Corrente;9;2;1;1;0;1;11;A;S;N;N;S;00.1.501.9001;Tesouro Municipal;N;0;28820443,23;0,00;0,00;0,00;0,00;0,00;0,00;112553,31;0,00;0,00;0,00;0,00;28932996,54;16/01/2026
6,21800810401005e+24;49964;2025;1;PREFEITURA DO MUNICÍPIO DE SÃO PAULO;Direta;NA;NA;NA;NA;NA;NA;NA;NA;Garantia para Licitar;Garantia para Licitar;6;Receita Extraorçamentária;2;1;8;0;8;1;4;A;N;N;N;S;12.1.862.9997;Recursos Extraorçamentários;N;0;11000,00;0,00;12346,00;0,00;6221,49;-35592,73;7366,34;20676536,43;72025,67;-20695940,94;-37256,49;4834,00;21539,77;16/01/2026
1,92201111000000e+24;49967;2025;1;PREFEITURA DO MUNICÍPIO DE SÃO PAULO;Direta;84;Fundo Municipal de Saúde;FMS/SMS;NA;NA;NA;NA;NA;Restituição de Entidade Parceira – União/Piso Enfermagem;Restituição de Entidade Parceira – União/Piso Enfermagem;1;Receita Corrente;9;2;2;1;1;1;10;A;S;N;S;S;02.1.605.1481;Transferências Federais;N;0;0,00;0,00;0,00;6533,77;0,00;4354,95;0,00;20867,98;0,00;0,00;16401,75;7378,98;55537,43;16/01/2026
1,32105010103013e+24;49977;2025;1;PREFEITURA DO MUNICÍPIO DE SÃO PAULO;Direta;93;Fundo Municipal de Assistência Social;FMAS;NA;NA;NA;NA;NA;SAO PAULO SIGTV - CUSTEIO - Simone Marqueto 2024 - 21.391-8;SAO PAULO SIGTV - CUSTEIO - Simone Marqueto 2024 - 21.391-8;1;Receita Corrente;3;2;1;5;0;1;1;A;S;N;N;N;02.1.660.1645;Transferências Federais;N;0;1149,78;1159,93;1145,64;1285,89;1408,45;1375,72;1620,82;1493,39;932,70;170,94;142,65;166,16;12052,07;16/01/2026
1,32105010103013e+24;49983;2025;1;PREFEITURA DO MUNICÍPIO DE SÃO PAULO;Direta;93;Fundo Municipal de Assistência Social;FMAS;NA;NA;NA;NA;NA;SAO PAULO SIGTV - CUSTEIO - Juliana Cardoso 2024 - 21.392 - 6;SAO PAULO SIGTV - CUSTEIO - Juliana Cardoso 2024 - 21.392 - 6;1;Receita Corrente;3;2;1;5;0;1;1;A;S;N;N;N;02.1.660.1646;Transferências Federais;N;0;1533,02;1546,59;1527,51;1714,52;1877,93;1834,29;2161,11;1991,19;2104,05;2219,37;1852,02;2841,56;23203,16;16/01/2026
1,32105010103013e+24;49989;2025;1;PREFEITURA DO MUNICÍPIO DE SÃO PAULO;Direta;93;Fundo Municipal de Assistência Social;FMAS;NA;NA;NA;NA;NA;SAO PAULO SIGTV - CUSTEIO - Luiza Erundina 2024 - 21.393-4;SAO PAULO SIGTV - CUSTEIO - Luiza Erundina 2024 - 21.393-4;1;Receita Corrente;3;2;1;5;0;1;1;A;S;N;N;N;02.1.660.1647;Transferências Federais;N;0;7665,14;7732,91;7637,59;8572,58;9389,65;9171,47;10805,53;9955,93;10520,29;11096,84;8922,28;8918,89;110389,10;16/01/2026
1,32105010103013e+24;49995;2025;1;PREFEITURA DO MUNICÍPIO DE SÃO PAULO;Direta;93;Fundo Municipal de Assistência Social;FMAS;NA;NA;NA;NA;NA;SAO PAULO SIGTV - CUSTEIO - Paulo Alexandre Barbosa 2024 - 21.394-2;SAO PAULO SIGTV - CUSTEIO - Paulo Alexandre Barbosa 2024 - 21.394-2;1;Receita Corrente;3;2;1;5;0;1;1;A;S;N;N;N;02.1.660.1648;Transferências Federais;N;0;2299,54;2319,87;2291,28;2571,78;2816,89;2751,44;3241,66;2986,78;3156,08;3329,06;2778,02;3236,03;33778,43;16/01/2026
1,32105010103020e+24;50003;2025;1;PREFEITURA DO MUNICÍPIO DE SÃO PAULO;Direta;84;Fundo Municipal de Saúde;FMS/SMS;NA;NA;NA;NA;NA;SMS/FMS/EP TRANSF. ESPECIAL Dep. Federal Alexandre Padilha - 21.510-4;SMS/FMS/EP TRANSF. ESPECIAL Dep. Federal Alexandre Padilha - 21.510-4;1;Receita Corrente;3;2;1;5;0;1;1;A;S;N;S;N;02.1.706.1651;Transferências Federais;N;0;5421,72;5033,69;4956,46;5504,54;5990,61;5835,49;6910,56;5833,80;4769,90;4450,60;3718,49;4359,90;62785,76;16/01/2026
1,32105010103020e+24;50009;2025;1;PREFEITURA DO MUNICÍPIO DE SÃO PAULO;Direta;84;Fundo Municipal de Saúde;FMS/SMS;NA;NA;NA;NA;NA;SMS/FMS/EP TRANSF. ESPECIAL Deputado Federal Rui Falcão;SMS/FMS/EP TRANSF. ESPECIAL Deputado Federal Rui Falcão;1;Receita Corrente;3;2;1;5;0;1;1;A;S;N;S;N;02.1.706.1652;Transferências Federais;N;0;16929,07;15717,46;15476,30;17187,68;18705,39;18221,03;21494,40;11733,66;11941,99;11282,71;9426,71;11052,71;179169,11;16/01/2026
1,32105010103018e+24;50041;2025;1;PREFEITURA DO MUNICÍPIO DE SÃO PAULO;Direta;93;Fundo Municipal de Assistência Social;FMAS;NA;NA;NA;NA;NA;Registro de Rendimentos - Transf. Especial FMAS - 21.336-5;Registro de Rendimentos - Transf. Especial FMAS - 21.336-5;1;Receita Corrente;3;2;1;5;0;1;1;A;S;N;N;N;02.1.706.1653;Transferências Federais;N;0;9048,03;9128,03;9015,50;10119,19;11083,66;10826,12;12754,98;11752,12;11837,62;11284,19;8453,41;8043,08;123345,93;16/01/2026
1,32105010104091e+24;50067;2025;3;CINEMA E AUDIOVISUAL DE SÃO PAULO;Indireta;15;Cinema e Audiovisual de São Paulo;SPCINE;NA;NA;NA;NA;NA;Rendimentos de Aplicação Financeira - SPCINE X Estado;Rendimentos de Aplicação Financeira - SPCINE X Estado;1;Receita Corrente;3;2;1;5;0;1;1;A;S;N;N;S;03.1.701.8018;Transferências Estaduais;N;0;130220,88;127078,26;124930,23;139273,74;0,00;141941,88;166483,54;144759,07;154900,66;163317,83;0,00;157182,95;1450089,04;16/01/2026
1,32105010106091e+24;50068;2025;3;CINEMA E AUDIOVISUAL DE SÃO PAULO;Indireta;15;Cinema e Audiovisual de São Paulo;SPCINE;NA;NA;NA;NA;NA;Rendimentos de Aplicação Financeira - Convênios Município SP X SPCINE;Rendimentos de Aplicação Financeira - Convênios Município SP X SPCINE;1;Receita Corrente;3;2;1;5;0;1;1;A;S;N;N;S;05.1.702.8019;Outras Fontes;N;0;453790,91;424208,41;379074,23;416588,33;58980,23;471295,08;522345,78;444229,35;473460,13;453992,98;75808,50;457202,94;4630976,87;16/01/2026
1,32105010106091e+24;50069;2025;3;CINEMA E AUDIOVISUAL DE SÃO PAULO;Indireta;15;Cinema e Audiovisual de São Paulo;SPCINE;NA;NA;NA;NA;NA;Rendimentos de Aplicação Financeira - Outras Entidades;Rendimentos de Aplicação Financeira - Outras Entidades;1;Receita Corrente;3;2;1;5;0;1;1;A;S;N;N;S;05.1.703.8020;Outras Fontes;N;0;27,19;26,55;26,10;29,09;0,00;31,06;36,77;33,58;35,65;37,58;0,00;36,18;319,75;16/01/2026
7,73299010800000e+24;50073;2025;3;CINEMA E AUDIOVISUAL DE SÃO PAULO;Indireta;15;Cinema e Audiovisual de São Paulo;SPCINE;NA;NA;NA;NA;NA;SPCINE X SMC - Política Audiovisual;SPCINE X SMC - Política Audiovisual;7;Receita Intra Corrente;7;3;2;99;0;1;8;A;S;N;N;S;05.1.702.8019;Outras Fontes;N;0;7400000,00;0,00;0,00;11269627,82;0,00;0,00;0,00;600000,00;0,00;0,00;0,00;1181627,45;20451255,27;16/01/2026
7,73299010900000e+24;50074;2025;3;CINEMA E AUDIOVISUAL DE SÃO PAULO;Indireta;15;Cinema e Audiovisual de São Paulo;SPCINE;NA;NA;NA;NA;NA;SPCINE X SMTUR - Projeto Audiovisual;SPCINE X SMTUR - Projeto Audiovisual;7;Receita Intra Corrente;7;3;2;99;0;1;9;A;S;N;N;S;05.1.702.8019;Outras Fontes;N;0;0,00;0,00;0,00;0,00;0,00;0,00;0,00;0,00;0,00;0,00;0,00;0,00;0,00;16/01/2026
7,73299011000000e+24;50075;2025;3;CINEMA E AUDIOVISUAL DE SÃO PAULO;Indireta;15;Cinema e Audiovisual de São Paulo;SPCINE;NA;NA;NA;NA;NA;SPCINE X SME -  Eventos Educacionais, Culturais e Esportivos nos Centros Educacionais Unificados;SPCINE X SME -  Eventos Educacionais, Cult e Esp nos C Educ Unificados;7;Receita Intra Corrente;7;3;2;99;0;1;10;A;S;N;N;S;05.1.702.8019;Outras Fontes;N;0;0,00;0,00;0,00;0,00;0,00;0,00;0,00;0,00;0,00;0,00;0,00;0,00;0,00;16/01/2026
7,73299011100000e+24;50076;2025;3;CINEMA E AUDIOVISUAL DE SÃO PAULO;Indireta;15;Cinema e Audiovisual de São Paulo;SPCINE;NA;NA;NA;NA;NA;SPCINE X SGM -  Transferência de Recursos para Apoio à Memória do Audiovisual;SPCINE X SGM -  Transf Recursos para Apoio à Memória do Audiovisual;7;Receita Intra Corrente;7;3;2;99;0;1;11;A;S;N;N;S;05.1.702.8019;Outras Fontes;N;0;0,00;0,00;0,00;0,00;0,00;0,00;0,00;0,00;0,00;0,00;0,00;0,00;0,00;16/01/2026
1,92201111100000e+24;50082;2025;1;PREFEITURA DO MUNICÍPIO DE SÃO PAULO;Direta;93;Fundo Municipal de Assistência Social;FMAS;NA;NA;NA;NA;NA;Restituições de valores não utilizados em convênios - FMAS - 20.412-9;Restituições de valores não utilizados em convênios - FMAS - 20.412-9;1;Receita Corrente;9;2;2;1;1;1;11;A;S;N;N;S;03.1.710.1385;Transferências Estaduais;N;0;341,57;0,00;0,09;0,00;0,00;123,70;0,00;0,00;0,00;0,00;0,00;0,00;465,36;16/01/2026
1,32105010109100e+24;50118;2025;1;PREFEITURA DO MUNICÍPIO DE SÃO PAULO;Direta;39;Fundo Especial da Procuradoria Geral do Município;FEPGMSP;NA;NA;NA;NA;NA;PMSP-PGM/FEPGMSP/Lei 18.038-2023;PMSP-PGM/FEPGMSP/Lei 18.038-2023;1;Receita Corrente;3;2;1;5;0;1;1;A;S;N;N;N;08.1.759.1655;Tesouro Municipal - Recursos Vinculados;N;0;0,00;0,00;0,00;3858717,44;1988765,92;2363252,99;2932775,28;3501190,62;3829251,44;3939054,75;3231908,15;5865124,60;31510041,19;16/01/2026
1,32105010109100e+24;50120;2025;1;PREFEITURA DO MUNICÍPIO DE SÃO PAULO;Direta;39;Fundo Especial da Procuradoria Geral do Município;FEPGMSP;NA;NA;NA;NA;NA;PGM/Escola Superior de Direito Público Municipal-Lei 18.038/2023;PGM/Escola Superior de Direito Público Municipal-Lei 18.038/2023;1;Receita Corrente;3;2;1;5;0;1;1;A;S;N;N;N;08.1.759.1656;Tesouro Municipal - Recursos Vinculados;N;0;0,00;0,00;0,00;0,00;0,00;0,00;0,00;0,00;20307,35;1456,19;227,79;1756,60;23747,93;16/01/2026
1,69999013200000e+24;50121;2025;1;PREFEITURA DO MUNICÍPIO DE SÃO PAULO;Direta;39;Fundo Especial da Procuradoria Geral do Município;FEPGMSP;NA;NA;NA;NA;NA;Cursos - Escola Superior de Direito Público Municipal - ESDPM;Cursos - Escola Superior de Direito Público Municipal - ESDPM;1;Receita Corrente;6;9;9;99;0;1;32;A;S;N;N;S;08.1.759.1656;Tesouro Municipal - Recursos Vinculados;N;0;0,00;0,00;0,00;0,00;0,00;0,00;10518,12;3213,87;7535,71;6719,91;7888,59;7888,59;43764,79;16/01/2026
1,99912110201000e+24;50127;2025;1;PREFEITURA DO MUNICÍPIO DE SÃO PAULO;Direta;39;Fundo Especial da Procuradoria Geral do Município;FEPGMSP;NA;NA;NA;NA;NA;Receita de Honorários de Advogados - FEPGMSP;Receita de Honorários de Advogados - FEPGMSP;1;Receita Corrente;9;9;9;12;1;1;2;A;S;N;N;S;08.1.759.1655;Tesouro Municipal - Recursos Vinculados;N;146486844;8683975,04;9373716,86;7853198,49;8322105,07;10230069,03;14277432,72;9946847,59;9779701,70;12853925,55;13054757,38;9168989,15;12057201,92;125601920,50;16/01/2026
1,99912110201000e+24;50128;2025;1;PREFEITURA DO MUNICÍPIO DE SÃO PAULO;Direta;39;Fundo Especial da Procuradoria Geral do Município;FEPGMSP;NA;NA;NA;NA;NA;Receita de Honorários de Advogados - FEPGMSP - Parcelamentos;Receita de Honorários de Advogados - FEPGMSP - Parcelamentos;1;Receita Corrente;9;9;9;12;1;1;2;A;S;N;N;S;08.1.759.1655;Tesouro Municipal - Recursos Vinculados;N;121277064;51463224,97;73631716,62;13688336,17;12687989,31;12652390,10;12359095,89;11618304,01;11433494,74;11928963,12;11640620,28;21956329,06;82000247,48;327060711,80;16/01/2026
1,99912110202000e+24;50129;2025;1;PREFEITURA DO MUNICÍPIO DE SÃO PAULO;Direta;39;Fundo Especial da Procuradoria Geral do Município;FEPGMSP;NA;NA;NA;NA;NA;Receita de Honorários de Advogados - FEPGMSP - Folha de Pagamento;Receita de Honorários de Advogados - FEPGMSP - Folha de Pagamento;1;Receita Corrente;9;9;9;12;1;1;2;A;S;N;N;S;08.1.759.1655;Tesouro Municipal - Recursos Vinculados;N;463620;0,00;0,00;0,00;0,00;0,00;0,00;0,00;0,00;0,00;0,00;0,00;0,00;0,00;16/01/2026
1,99912120201000e+24;50130;2025;1;PREFEITURA DO MUNICÍPIO DE SÃO PAULO;Direta;39;Fundo Especial da Procuradoria Geral do Município;FEPGMSP;NA;NA;NA;NA;NA;Receita de Honorários de Advogados - FEPGMSP - Parcelamentos - Multas e Juros;Receita Honorários Advogados - FEPGMSP - Parcelamentos - Multas e Jrs;1;Receita Corrente;9;9;9;12;1;2;2;A;S;N;N;S;08.1.759.1655;Tesouro Municipal - Recursos Vinculados;N;3309312;396575,15;392512,38;444651,12;358078,16;375911,20;362800,17;383544,58;362505,01;377152,68;391854,92;306716,67;352734,08;4505036,12;16/01/2026
1,99912110201000e+24;50131;2025;1;PREFEITURA DO MUNICÍPIO DE SÃO PAULO;Direta;39;Fundo Especial da Procuradoria Geral do Município;FEPGMSP;NA;NA;NA;NA;NA;Deduções Receita de Honorários de Advogados - FEPGMSP;Deduções Receita de Honorários de Advogados - FEPGMSP;1;Receita Corrente;9;9;9;12;1;1;2;A;S;N;N;N;08.1.759.1655;Tesouro Municipal - Recursos Vinculados;S;0;0,00;-17861,95;-1923,07;0,00;0,00;0,00;0,00;-33157,18;-5895,60;-58238,86;41742,66;-2831370,78;-2906704,78;16/01/2026
1,99912110201000e+24;50132;2025;1;PREFEITURA DO MUNICÍPIO DE SÃO PAULO;Direta;39;Fundo Especial da Procuradoria Geral do Município;FEPGMSP;NA;NA;NA;NA;NA;Deduções Receita de Honorários de Advogados - FEPGMSP - Parcelamentos;Deduções Receita de Honorários de Advogados - FEPGMSP - Parcelamentos;1;Receita Corrente;9;9;9;12;1;1;2;A;S;N;N;N;08.1.759.1655;Tesouro Municipal - Recursos Vinculados;S;0;-38612,07;-64,54;-49436,76;-7533,05;-17840,39;-2388,62;-15020,92;-79422,01;-1640,01;-1821,52;-905,54;-1300,27;-215985,70;16/01/2026
1,99912110202000e+24;50133;2025;1;PREFEITURA DO MUNICÍPIO DE SÃO PAULO;Direta;39;Fundo Especial da Procuradoria Geral do Município;FEPGMSP;NA;NA;NA;NA;NA;Deduções Receita de Honorários de Advogados - FEPGMSP - Folha de Pagamento;Deduções Receita de Honorários de Advogados - FEPGMSP - Fopag;1;Receita Corrente;9;9;9;12;1;1;2;A;S;N;N;N;08.1.759.1655;Tesouro Municipal - Recursos Vinculados;S;0;0,00;0,00;0,00;0,00;0,00;0,00;0,00;0,00;0,00;0,00;0,00;0,00;0,00;16/01/2026
1,99912120202000e+24;50134;2025;1;PREFEITURA DO MUNICÍPIO DE SÃO PAULO;Direta;39;Fundo Especial da Procuradoria Geral do Município;FEPGMSP;NA;NA;NA;NA;NA;Receita de Honorários de Advogados - FEPGMSP - Folha de Pagamento - Multas e Juros;Receita de Honorários de Advogados - FEPGMSP - Fopag - Multas e Juros;1;Receita Corrente;9;9;9;12;1;2;2;A;S;N;N;S;08.1.759.1655;Tesouro Municipal - Recursos Vinculados;N;0;0,00;0,00;0,00;0,00;0,00;0,00;0,00;0,00;0,00;0,00;0,00;0,00;0,00;16/01/2026
1,99912120201000e+24;50135;2025;1;PREFEITURA DO MUNICÍPIO DE SÃO PAULO;Direta;39;Fundo Especial da Procuradoria Geral do Município;FEPGMSP;NA;NA;NA;NA;NA;Deduções Receita de Honorários de Advogados - FEPGMSP - Multas e Juros;Deduções Receita de Honorários de Advogados - FEPGMSP - Multas e Juros;1;Receita Corrente;9;9;9;12;1;2;2;A;S;N;N;N;08.1.759.1655;Tesouro Municipal - Recursos Vinculados;S;0;0,00;0,00;0,00;0,00;0,00;0,00;0,00;0,00;0,00;0,00;0,00;0,00;0,00;16/01/2026
1,99912120201000e+24;50136;2025;1;PREFEITURA DO MUNICÍPIO DE SÃO PAULO;Direta;39;Fundo Especial da Procuradoria Geral do Município;FEPGMSP;NA;NA;NA;NA;NA;Deduções Receita de Honorários de Advogados - FEPGMSP - Parcelamentos - Multas e Juros;Deduções Rec Honorários Advogados-FEPGMSP - Parcelamentos - Multas e J;1;Receita Corrente;9;9;9;12;1;2;2;A;S;N;N;N;08.1.759.1655;Tesouro Municipal - Recursos Vinculados;S;0;-7,11;0,00;-581,59;-78,19;-106,50;-303,45;-343,64;-840,40;-2,45;-13,25;-60,73;-59,15;-2396,46;16/01/2026
1,99912120201000e+24;50137;2025;1;PREFEITURA DO MUNICÍPIO DE SÃO PAULO;Direta;39;Fundo Especial da Procuradoria Geral do Município;FEPGMSP;NA;NA;NA;NA;NA;Receita de Honorários de Advogados - FEPGMSP - Multas e Juros;Receita de Honorários de Advogados - FEPGMSP - Multas e Juros;1;Receita Corrente;9;9;9;12;1;2;2;A;S;N;N;S;08.1.759.1655;Tesouro Municipal - Recursos Vinculados;N;1000;0,00;0,00;0,00;2499,54;16175,79;187,17;88,63;0,00;2990,90;77,82;236,78;0,00;22256,63;16/01/2026
1,99912120202000e+24;50138;2025;1;PREFEITURA DO MUNICÍPIO DE SÃO PAULO;Direta;39;Fundo Especial da Procuradoria Geral do Município;FEPGMSP;NA;NA;NA;NA;NA;Deduções Receita de Honorários de Advogados  - FEPGMSP- Folha de Pagamento - Multas e Juros;Deduções Receita Honorários Advogados  - FEPGMSP- Fopag - Multas e Jrs;1;Receita Corrente;9;9;9;12;1;2;2;A;S;N;N;N;08.1.759.1655;Tesouro Municipal - Recursos Vinculados;S;0;0,00;0,00;0,00;0,00;0,00;0,00;0,00;0,00;0,00;0,00;0,00;0,00;0,00;16/01/2026
1,72999010900000e+24;50156;2025;1;PREFEITURA DO MUNICÍPIO DE SÃO PAULO;Direta;84;Fundo Municipal de Saúde;FMS/SMS;NA;NA;NA;NA;NA;Transferência Especial - FMS-Custeio Hospital Tide Setubal/Emenda 2024.035.56372;Transf Especiais-FMS-Custeio UBS Pq Sta Madalena/Emenda 2024.035.56372;1;Receita Corrente;7;2;9;99;0;1;9;A;S;N;S;S;03.1.710.1657;Transferências Estaduais;N;0;0,00;0,00;100000,00;0,00;0,00;0,00;0,00;0,00;0,00;0,00;0,00;0,00;100000,00;16/01/2026
1,72999011000000e+24;50159;2025;1;PREFEITURA DO MUNICÍPIO DE SÃO PAULO;Direta;84;Fundo Municipal de Saúde;FMS/SMS;NA;NA;NA;NA;NA;Transferência Especial - FMS-Custeio Hospital Tide Setubal/Emenda 2024.035.56371;Transf Especial-FMS-Custeio UBS Pq Sta Madalena/Emenda 2024.035.56371;1;Receita Corrente;7;2;9;99;0;1;10;A;S;N;S;S;03.1.710.1658;Transferências Estaduais;N;0;0,00;0,00;100000,00;0,00;0,00;0,00;0,00;0,00;0,00;0,00;0,00;0,00;100000,00;16/01/2026
6,11300819987000e+24;50163;2025;1;PREFEITURA DO MUNICÍPIO DE SÃO PAULO;Direta;NA;NA;NA;NA;NA;NA;NA;NA;Indenizações do FEMATF;Indenizações do FEMATF;6;Receita Extraorçamentária;1;1;3;0;8;1;99;A;N;N;N;N;12.1.869.9001;Recursos Extraorçamentários;N;0;46992,00;-306276,76;20568,98;-1312020,22;1604136,00;-38448,00;29904,00;8544,00;0,00;0,00;0,00;0,00;53400,00;16/01/2026
1,32101010104004e+24;50178;2025;1;PREFEITURA DO MUNICÍPIO DE SÃO PAULO;Direta;39;Fundo Especial da Procuradoria Geral do Município;FEPGMSP;NA;NA;NA;NA;NA;Receita de Remuneração Depósitos Judiciais - Honorários de Advogados - FEPGMSP;Receita Remuneração Dep Judiciais - Honorários de Advogados - FEPGMSP;1;Receita Corrente;3;2;1;1;0;1;1;A;S;N;N;N;08.1.759.1655;Tesouro Municipal - Recursos Vinculados;N;888492;43546,22;14839,88;32647,24;55072,81;29323,00;18415,88;55698,48;29849,92;155746,56;37204,49;26124,80;21957,80;520427,08;16/01/2026
7,99912110201000e+24;50182;2025;1;PREFEITURA DO MUNICÍPIO DE SÃO PAULO;Direta;39;Fundo Especial da Procuradoria Geral do Município;FEPGMSP;NA;NA;NA;NA;NA;Receita de Honorários de Advogados - FEPGMSP - Intraorçamentária;Receita de Honorários de Advogados - FEPGMSP - Intraorçamentária;7;Receita Intra Corrente;9;9;9;12;1;1;2;A;S;N;N;S;08.1.759.1655;Tesouro Municipal - Recursos Vinculados;N;1000;0,00;0,00;0,00;0,00;4333,82;0,00;0,00;0,00;0,00;0,00;0,00;0,00;4333,82;16/01/2026
1,92302014000000e+24;50185;2025;1;PREFEITURA DO MUNICÍPIO DE SÃO PAULO;Direta;39;Fundo Especial da Procuradoria Geral do Município;FEPGMSP;NA;NA;NA;NA;NA;Ressarcimento de Despesas de Pessoal Requisitado - PGM;Ressarcimento de Despesas de Pessoal Requisitado - PGM;1;Receita Corrente;9;2;3;2;0;1;40;A;S;N;N;S;08.1.759.1655;Tesouro Municipal - Recursos Vinculados;N;1290864;123642,72;97372,33;163442,55;130419,12;189368,72;195898,68;196132,14;195673,50;197536,56;197769,00;198168,48;196432,74;2081856,54;16/01/2026
1,99999217700000e+24;50188;2025;1;PREFEITURA DO MUNICÍPIO DE SÃO PAULO;Direta;NA;NA;NA;NA;NA;NA;NA;NA;Reversão Orçamentária – Retenções;Reversão Orçamentária – Retenções;1;Receita Corrente;9;9;9;99;2;1;77;A;S;N;N;S;00.1.501.9001;Tesouro Municipal;N;0;0,00;0,00;0,00;0,00;0,00;0,00;0,00;0,00;80,57;0,00;0,00;98,25;178,82;16/01/2026
1,32101010104002e+24;50195;2025;1;PREFEITURA DO MUNICÍPIO DE SÃO PAULO;Direta;84;Fundo Municipal de Saúde;FMS/SMS;NA;NA;NA;NA;NA;Convênio 1307/2024-SMS/Reforma UBS Vila Renato-Maria das Graças Silva;Convênio 1307/2024-SMS/Reforma UBS Vila Renato-Maria das Graças Silva;1;Receita Corrente;3;2;1;1;0;1;1;A;S;N;S;N;03.1.632.1471;Transferências Estaduais;N;0;0,00;1016,13;801,11;943,05;909,92;955,78;962,79;975,34;976,26;985,76;992,27;993,32;10511,73;16/01/2026
2,41951015501001e+24;50203;2025;1;PREFEITURA DO MUNICÍPIO DE SÃO PAULO;Direta;47;Subprefeitura Vila Maria/Vila Guilherme;SUB-MG;NA;NA;NA;NA;NA;Transferência Especial - SUB-MG Drenagem de vias - Praça Santo Eduardo;Transferência Especial - SUB-MG Drenagem de vias - Praça Santo Eduardo;2;Receita de Capital;4;1;9;51;0;1;55;A;S;N;N;S;02.1.706.1663;Transferências Federais;N;0;500000,00;0,00;0,00;0,00;0,00;0,00;0,00;0,00;0,00;0,00;0,00;0,00;500000,00;16/01/2026
2,41951015501002e+24;50206;2025;1;PREFEITURA DO MUNICÍPIO DE SÃO PAULO;Direta;47;Subprefeitura Vila Maria/Vila Guilherme;SUB-MG;NA;NA;NA;NA;NA;Transferência Especial - SUB-MG Drenagem de vias - R Cond. Pq V. Maria;Transferência Especial - SUB-MG Drenagem de vias - R Cond. Pq V. Maria;2;Receita de Capital;4;1;9;51;0;1;55;A;S;N;N;S;02.1.706.1664;Transferências Federais;N;0;500000,00;0,00;0,00;0,00;0,00;0,00;0,00;0,00;0,00;0,00;0,00;0,00;500000,00;16/01/2026
2,41951015501003e+24;50209;2025;1;PREFEITURA DO MUNICÍPIO DE SÃO PAULO;Direta;47;Subprefeitura Vila Maria/Vila Guilherme;SUB-MG;NA;NA;NA;NA;NA;Transferência Especial - SUB-MG Drenagem de vias - Av. Guilherme;Transferência Especial - SUB-MG Drenagem de vias - Av. Guilherme;2;Receita de Capital;4;1;9;51;0;1;55;A;S;N;N;S;02.1.706.1665;Transferências Federais;N;0;400000,00;0,00;0,00;0,00;0,00;0,00;0,00;0,00;0,00;0,00;0,00;0,00;400000,00;16/01/2026
2,41951015501004e+24;50212;2025;1;PREFEITURA DO MUNICÍPIO DE SÃO PAULO;Direta;47;Subprefeitura Vila Maria/Vila Guilherme;SUB-MG;NA;NA;NA;NA;NA;Transferência Especial - SUB-MG Drenagem de vias - Rua Piatá;Transferência Especial - SUB-MG Drenagem de vias - Rua Piatá;2;Receita de Capital;4;1;9;51;0;1;55;A;S;N;N;S;02.1.706.1666;Transferências Federais;N;0;400000,00;0,00;0,00;0,00;0,00;0,00;0,00;0,00;0,00;0,00;0,00;0,00;400000,00;16/01/2026
6,21100110101009e+24;50213;2025;4;HOSPITAL DO SERVIDOR PÚBLICO MUNICIPAL;Indireta;2;Hospital do Servidor Público Municipal;HSPM;NA;NA;NA;Solicitação por e-mail de 03/01/2024 (Dicon);NA;Credores por Folha de Pagamento - Indiretas;Credores por Folha de Pagamento - Indiretas;6;Receita Extraorçamentária;2;1;1;0;1;1;1;A;N;N;N;S;12.1.869.9001;Recursos Extraorçamentários;N;0;0,00;635891,48;0,00;0,00;0,00;0,00;0,00;0,00;0,00;0,00;0,00;0,00;635891,48;16/01/2026
6,11300819988000e+24;50214;2025;1;PREFEITURA DO MUNICÍPIO DE SÃO PAULO;Direta;NA;NA;NA;NA;NA;NA;E-mail DICON - 03/02/2025;NA;Débitos Pagos a Regularizar - PMSP;Débitos Pagos a Regularizar - PMSP;6;Receita Extraorçamentária;1;1;3;0;8;1;99;A;N;N;N;S;12.1.869.9001;Recursos Extraorçamentários;N;0;2662,50;287532,40;3144,69;4284,16;0,00;0,00;0,00;99781,52;452587,20;31110,92;-452518,20;860253,24;1288838,43;16/01/2026
2,42251010200000e+24;50217;2025;1;PREFEITURA DO MUNICÍPIO DE SÃO PAULO;Direta;16;Secretaria Municipal de Educação;SME;NA;NA;NA;NA;NA;Convênio PMSP-SME/Equipamentos e mobiliário - EMEI Nelson Mandela;Convênio PMSP-SME/Equipamentos e mobiliário - EMEI Nelson Mandela;2;Receita de Capital;4;2;2;51;0;1;2;A;S;S;N;S;03.1.571.1670;Transferências Estaduais;N;0;1392,84;-1392,84;0,00;0,00;0,00;147700,00;0,00;0,00;0,00;0,00;0,00;0,00;147700,00;16/01/2026
1,32105010104034e+24;50220;2025;1;PREFEITURA DO MUNICÍPIO DE SÃO PAULO;Direta;16;Secretaria Municipal de Educação;SME;NA;NA;NA;NA;NA;PMSP-SME/Equipamentos e mobiliário-EMEI Nelson Mandela;PMSP-SME/Equipamentos e mobiliário-EMEI Nelson Mandela;1;Receita Corrente;3;2;1;5;0;1;1;A;S;S;N;N;03.1.571.1670;Transferências Estaduais;N;0;0,00;0,00;0,00;0,00;0,00;1448,78;1904,07;1751,98;1857,72;1962,10;1639,34;1922,11;12486,10;16/01/2026
2,11201011500000e+24;50223;2025;1;PREFEITURA DO MUNICÍPIO DE SÃO PAULO;Direta;14;Secretaria Municipal de Habitação;SEHAB;NA;NA;NA;NA;NA;Recursos da Operação de Crédito - Art 1º, Inciso IV, da lei 17.254/2019;Recursos da Operação de Crédito - Art 1º, Inciso IV, da lei 17.254/201;2;Receita de Capital;1;1;2;1;0;1;15;A;S;N;N;N;07.9.754.0000;Receita Condicionada;N;1000000000;0,00;0,00;0,00;0,00;0,00;0,00;0,00;0,00;0,00;0,00;0,00;0,00;0,00;16/01/2026
1,32105010104034e+24;50229;2025;1;PREFEITURA DO MUNICÍPIO DE SÃO PAULO;Direta;16;Secretaria Municipal de Educação;SME;NA;NA;NA;NA;NA;PMSP-SME/Convênio SEDUC PNAE;PMSP-SME/Convênio SEDUC PNAE;1;Receita Corrente;3;2;1;5;0;1;1;A;S;S;N;N;03.1.571.1667;Transferências Estaduais;N;0;0,00;0,00;6296,76;13085,92;14241,43;13872,67;16428,43;15116,17;16028,42;16929,13;14144,32;16584,06;142727,31;16/01/2026
1,32105010104034e+24;50232;2025;1;PREFEITURA DO MUNICÍPIO DE SÃO PAULO;Direta;16;Secretaria Municipal de Educação;SME;NA;NA;NA;NA;NA;PMSP-SME/Convênio SEDUC QESE;PMSP-SME/Convênio SEDUC QESE;1;Receita Corrente;3;2;1;5;0;1;1;A;S;S;N;N;03.1.571.1668;Transferências Estaduais;N;0;0,00;0,00;29527,68;61364,40;66782,96;65053,74;77038,59;70884,93;75162,79;79386,53;66327,57;77768,41;669297,60;16/01/2026
1,72451010200000e+24;50241;2025;1;PREFEITURA DO MUNICÍPIO DE SÃO PAULO;Direta;16;Secretaria Municipal de Educação;SME;NA;NA;NA;NA;NA;Convênio SEDUC X SME 015.00444808/2023-21;Convênio SEDUC X SME 015.00444808/2023-21;1;Receita Corrente;7;2;4;51;0;1;2;A;S;S;N;S;03.1.571.1520;Transferências Estaduais;N;0;7996017,49;0,00;0,00;0,00;0,00;0,00;0,00;0,00;0,00;0,00;0,00;70805757,76;78801775,25;16/01/2026
2,11201011600000e+24;50244;2025;1;PREFEITURA DO MUNICÍPIO DE SÃO PAULO;Direta;14;Secretaria Municipal de Habitação;SEHAB;NA;NA;NA;NA;NA;PMSP- SF/Pode Entrar - Itaú - Operação de Crédito SF 04/24;PMSP- SF/Pode Entrar - Itaú - Operação de Crédito SF 04/24;2;Receita de Capital;1;1;2;1;0;1;16;A;S;N;N;S;01.1.754.1644;Operações de Crédito;N;0;351000000,00;0,00;-351000000,00;0,00;0,00;0,00;0,00;0,00;0,00;0,00;0,00;0,00;0,00;16/01/2026
2,11201011700000e+24;50247;2025;1;PREFEITURA DO MUNICÍPIO DE SÃO PAULO;Direta;14;Secretaria Municipal de Habitação;SEHAB;NA;NA;NA;NA;NA;PMSP- SF/Pode Entrar - Operação de Crédito SF 04/24;PMSP- SF/Pode Entrar - Santander - Operação de Crédito SF 04/24;2;Receita de Capital;1;1;2;1;0;1;17;A;S;N;N;S;01.1.754.1654;Operações de Crédito;N;0;351000000,00;0,00;729000000,00;0,00;0,00;0,00;0,00;0,00;0,00;0,00;0,00;0,00;1080000000,00;16/01/2026
1,11451110100000e+24;50248;2025;1;PREFEITURA DO MUNICÍPIO DE SÃO PAULO;Direta;NA;NA;NA;NA;NA;NA;NA;NA;TDM - Imposto sobre Serviços de Qualquer Natureza;TDM - Imposto sobre Serviços de Qualquer Natureza;1;Receita Corrente;1;1;4;51;1;1;1;A;S;N;N;S;00.1.500.9001;Tesouro Municipal;N;0;0,00;0,00;0,00;0,00;0,00;0,00;0,00;0,00;0,00;0,00;0,00;0,03;0,03;16/01/2026
2,42250011300000e+24;50254;2025;1;PREFEITURA DO MUNICÍPIO DE SÃO PAULO;Direta;84;Fundo Municipal de Saúde;FMS/SMS;NA;NA;NA;NA;NA;Transferências Advindas de Emendas Parlamentares - Convênio SES/SP 070069;Transf. Advindas de Emendas Parlamentares - Convênio SES/SP  070069;2;Receita de Capital;4;2;2;50;0;1;13;A;S;N;S;S;03.1.632.1524;Transferências Estaduais;N;0;150000,00;0,00;0,00;0,00;0,00;0,00;0,00;0,00;0,00;0,00;0,00;0,00;150000,00;16/01/2026
1,72450010107000e+24;50257;2025;1;PREFEITURA DO MUNICÍPIO DE SÃO PAULO;Direta;84;Fundo Municipal de Saúde;FMS/SMS;NA;NA;NA;NA;NA;Transferências Advindas de Emendas Parlamentares - Convênio SES/SP 070070;Transf. Advindas de Emendas Parlamentares - Convênio SES/SP 070070;1;Receita Corrente;7;2;4;50;0;1;1;A;S;N;S;S;03.1.632.1522;Transferências Estaduais;N;0;150000,00;0,00;0,00;0,00;0,00;0,00;0,00;0,00;0,00;0,00;0,00;0,00;150000,00;16/01/2026
1,32105010103024e+24;50260;2025;1;PREFEITURA DO MUNICÍPIO DE SÃO PAULO;Direta;11;Secretaria do Governo Municipal;SGM;NA;NA;NA;NA;NA;Transferência Especial 39050004;Transferência Especial 39050004;1;Receita Corrente;3;2;1;5;0;1;1;A;S;N;N;N;02.1.706.1569;Transferências Federais;N;0;41409,99;38735,96;38152,56;42414,02;46187,48;45003,27;53268,08;49019,51;51960,66;54873,70;45841,73;53715,79;560582,75;16/01/2026
1,72450010108000e+24;50264;2025;1;PREFEITURA DO MUNICÍPIO DE SÃO PAULO;Direta;84;Fundo Municipal de Saúde;FMS/SMS;NA;NA;NA;NA;NA;Convênio SMS/ Reforma da rede elétrica-UBS Jd Jaraguá Kwaray Djekupé;Convênio SMS/ Reforma da rede elétrica-UBS Jd Jaraguá Kwaray Djekupé;1;Receita Corrente;7;2;4;50;0;1;1;A;S;N;S;S;03.1.632.1467;Transferências Estaduais;N;0;85000,00;0,00;0,00;0,00;0,00;0,00;0,00;0,00;0,00;0,00;0,00;0,00;85000,00;16/01/2026
1,32105010104027e+24;50267;2025;1;PREFEITURA DO MUNICÍPIO DE SÃO PAULO;Direta;84;Fundo Municipal de Saúde;FMS/SMS;NA;NA;NA;NA;NA;PMSP-SMS/ Reforma da rede elétrica-UBS Jardim Jaraguá Kwaray Djekupé;PMSP-SMS/ Reforma da rede elétrica-UBS Jardim Jaraguá Kwaray Djekupé;1;Receita Corrente;3;2;1;5;0;1;1;A;S;N;S;N;03.1.632.1467;Transferências Estaduais;N;0;349,76;795,71;0,00;0,00;0,00;0,00;0,00;0,00;0,00;0,00;0,00;0,00;1145,47;16/01/2026
1,71650016400000e+24;50308;2025;1;PREFEITURA DO MUNICÍPIO DE SÃO PAULO;Direta;93;Fundo Municipal de Assistência Social;FMAS;NA;NA;NA;NA;NA;TRANSFERÊNCIA SAO PAULO SIGTV - CUSTEIO - Paulo Teixeira 2024;TRANSFERÊNCIA SAO PAULO SIGTV - CUSTEIO - Paulo Teixeira 2024;1;Receita Corrente;7;1;6;50;0;1;64;A;S;N;N;S;02.1.660.1676;Transferências Federais;N;0;0,00;100000,00;0,00;0,00;0,00;0,00;0,00;0,00;0,00;0,00;0,00;0,00;100000,00;16/01/2026
1,32105010103013e+24;50309;2025;1;PREFEITURA DO MUNICÍPIO DE SÃO PAULO;Direta;93;Fundo Municipal de Assistência Social;FMAS;NA;NA;NA;NA;NA;SAO PAULO SIGTV - CUSTEIO - Paulo Teixeira 2024;SAO PAULO SIGTV - CUSTEIO - Paulo Teixeira 2024;1;Receita Corrente;3;2;1;5;0;1;1;A;S;N;N;N;02.1.660.1676;Transferências Federais;N;0;0,00;1919,70;739,11;829,59;908,66;887,54;1045,68;963,46;1018,07;1030,98;76,54;89,15;9508,48;16/01/2026
1,71650016200000e+24;50310;2025;1;PREFEITURA DO MUNICÍPIO DE SÃO PAULO;Direta;93;Fundo Municipal de Assistência Social;FMAS;NA;NA;NA;NA;NA;TRANSFERÊNCIA PMSP-SMADS/FMAS-SP SIGTV-CUSTEIO - Juliana Cardoso 2024;TRANSFERÊNCIA PMSP-SMADS/FMAS-SP SIGTV-CUSTEIO - Juliana Cardoso 2024;1;Receita Corrente;7;1;6;50;0;1;62;A;S;N;N;S;02.1.660.1677;Transferências Federais;N;0;0,00;100000,00;0,00;0,00;0,00;0,00;0,00;0,00;0,00;0,00;0,00;0,00;100000,00;16/01/2026
1,32105010103013e+24;50311;2025;1;PREFEITURA DO MUNICÍPIO DE SÃO PAULO;Direta;93;Fundo Municipal de Assistência Social;FMAS;NA;NA;NA;NA;NA;PMSP-SMADS/FMAS-SP SIGTV - CUSTEIO - Juliana Cardoso 2024;PMSP-SMADS/FMAS-SP SIGTV - CUSTEIO - Juliana Cardoso 2024;1;Receita Corrente;3;2;1;5;0;1;1;A;S;N;N;N;02.1.660.1677;Transferências Federais;N;0;0,00;1718,33;737,65;827,95;906,86;885,79;1043,61;961,56;585,83;76,02;63,44;73,90;7880,94;16/01/2026
2,41350010700000e+24;50312;2025;1;PREFEITURA DO MUNICÍPIO DE SÃO PAULO;Direta;93;Fundo Municipal de Assistência Social;FMAS;NA;NA;NA;NA;NA;TRANSFERÊNCIA SAO PAULO SIGTV - INVEST - Paulo Alexandre Brabosa 2024;TRANSFERÊNCIA SAO PAULO SIGTV - INVEST - Paulo Alexandre Brabosa 2024;2;Receita de Capital;4;1;3;50;0;1;7;A;S;N;N;S;02.1.660.1678;Transferências Federais;N;0;0,00;300000,00;0,00;0,00;0,00;0,00;0,00;0,00;0,00;0,00;0,00;0,00;300000,00;16/01/2026
1,32105010103013e+24;50313;2025;1;PREFEITURA DO MUNICÍPIO DE SÃO PAULO;Direta;93;Fundo Municipal de Assistência Social;FMAS;NA;NA;NA;NA;NA;SAO PAULO SIGTV - INVEST - Paulo Alexandre Brabosa 2024;SAO PAULO SIGTV - INVEST - Paulo Alexandre Brabosa 2024;1;Receita Corrente;3;2;1;5;0;1;1;A;S;N;N;N;02.1.660.1678;Transferências Federais;N;0;0,00;5154,99;2212,94;2483,85;2720,59;2657,38;3130,83;2884,67;3048,18;3215,24;2683,05;3125,39;33317,11;16/01/2026
1,71650016300000e+24;50314;2025;1;PREFEITURA DO MUNICÍPIO DE SÃO PAULO;Direta;93;Fundo Municipal de Assistência Social;FMAS;NA;NA;NA;NA;NA;TRANSFERÊNCIA SAO PAULO SIGTV - CUSTEIO - Simone Marquetto 2024;TRANSFERÊNCIA SAO PAULO SIGTV - CUSTEIO - Simone Marquetto 2024;1;Receita Corrente;7;1;6;50;0;1;63;A;S;N;N;S;02.1.660.1675;Transferências Federais;N;0;0,00;250000,00;0,00;0,00;0,00;0,00;0,00;0,00;0,00;0,00;0,00;0,00;250000,00;16/01/2026
1,32105010103013e+24;50315;2025;1;PREFEITURA DO MUNICÍPIO DE SÃO PAULO;Direta;93;Fundo Municipal de Assistência Social;FMAS;NA;NA;NA;NA;NA;SAO PAULO SIGTV - CUSTEIO - Simone Marquetto 2024;SAO PAULO SIGTV - CUSTEIO - Simone Marquetto 2024;1;Receita Corrente;3;2;1;5;0;1;1;A;S;N;N;N;02.1.660.1675;Transferências Federais;N;0;0,00;4128,62;1842,90;2068,52;2265,66;2213,02;2607,31;2402,31;2538,49;2141,41;181,94;211,93;22602,11;16/01/2026
1,92201111200000e+24;50328;2025;1;PREFEITURA DO MUNICÍPIO DE SÃO PAULO;Direta;84;Fundo Municipal de Saúde;FMS/SMS;NA;NA;NA;NA;NA;Restituição Oriunda de Entidades Parceiras - FMS - 19.561-8;Restituição Oriunda de Entidades Parceiras - FMS - 19.561-8;1;Receita Corrente;9;2;2;1;1;1;12;A;S;N;S;S;05.1.659.1234;Outras Fontes;N;0;1187951,30;0,00;0,00;0,00;0,00;0,00;0,00;0,00;0,00;0,00;0,00;0,00;1187951,30;16/01/2026
1,32105010103013e+24;50344;2025;1;PREFEITURA DO MUNICÍPIO DE SÃO PAULO;Direta;93;Fundo Municipal de Assistência Social;FMAS;NA;NA;NA;NA;NA;PMSP-SMADS/FMAS-SP SIGTV - CUSTEIO - Renata Abreu 2024 - 21.418-3;PMSP-SMADS/FMAS-SP SIGTV - CUSTEIO - Renata Abreu 2024 - 21.418-3;1;Receita Corrente;3;2;1;5;0;1;1;A;S;N;N;N;02.1.660.1679;Transferências Federais;N;0;0,00;0,00;0,00;0,00;0,00;7406,61;1563,35;1440,42;1522,08;1605,50;1339,75;464,59;15342,30;16/01/2026
1,71650016500000e+24;50347;2025;1;PREFEITURA DO MUNICÍPIO DE SÃO PAULO;Direta;93;Fundo Municipal de Assistência Social;FMAS;NA;NA;NA;NA;NA;PMSP-SMADS/FMAS-SP SIGTV - CUSTEIO - Renata Abreu 2024 - 21.418-3;PMSP-SMADS/FMAS-SP SIGTV - CUSTEIO - Renata Abreu 2024 - 21.418-3;1;Receita Corrente;7;1;6;50;0;1;65;A;S;N;N;S;02.1.660.1679;Transferências Federais;N;0;0,00;0,00;0,00;0,00;0,00;150000,00;0,00;0,00;0,00;0,00;0,00;0,00;150000,00;16/01/2026
1,32105010106091e+24;50350;2025;3;CINEMA E AUDIOVISUAL DE SÃO PAULO;Indireta;15;Cinema e Audiovisual de São Paulo;SPCINE;NA;NA;NA;NA;NA;Rendimentos de Aplicação Financeira - CAM 2024 - LPG;Rendimentos de Aplicação Financeira - CAM 2024 - LPG;1;Receita Corrente;3;2;1;5;0;1;1;A;S;N;N;S;05.1.702.8019;Outras Fontes;N;0;2634,05;54041,02;51632,58;51393,31;13385,25;47497,42;40596,39;28542,10;0,00;1779,46;0,00;1576,75;293078,33;16/01/2026
7,69999010205000e+24;50353;2025;83;COMPANHIA METROPOLITANA DE HABITAÇÃO DE SÃO PAULO;Indireta;83;Companhia Metropolitana de Habitação de São Paulo;COHAB;NA;NA;NA;NA;NA;Contrato COHAB/IPREM;Contrato COHAB/IPREM;7;Receita Intra Corrente;6;9;9;99;0;1;2;A;S;N;N;S;09.1.501.9001;Recursos Próprios da Empresa Dependente;N;0;0,00;0,00;0,00;36948,73;98711,27;45220,00;45220,00;45220,00;45220,00;45220,00;45220,00;113240,00;520220,00;16/01/2026
7,92302010800000e+24;50363;2025;83;COMPANHIA METROPOLITANA DE HABITAÇÃO DE SÃO PAULO;Indireta;83;Companhia Metropolitana de Habitação de São Paulo;COHAB;NA;NA;NA;NA;NA;Ressarcimento de despesa de pessoal cedido - Encargos Patronais - COHAB;Ressarcimento de despesa de pessoal cedido - Encargos Patronais -COHAB;7;Receita Intra Corrente;9;2;3;2;0;1;8;A;S;N;N;N;09.1.501.9001;Recursos Próprios da Empresa Dependente;N;0;0,00;0,00;0,00;0,00;0,00;0,00;0,00;0,00;0,00;0,00;0,00;461180,40;461180,40;16/01/2026
2,41951015601001e+24;50368;2025;1;PREFEITURA DO MUNICÍPIO DE SÃO PAULO;Direta;58;Subprefeitura M'Boi Mirim;SUB-MB;NA;NA;NA;NA;NA;Transferência Especial - PMSP-SUB-MB/Emenda Federal 90320001;Transferência Especial - PMSP-SUB-MB/Emenda Federal 90320001;2;Receita de Capital;4;1;9;51;0;1;56;A;S;N;N;S;02.1.706.1681;Transferências Federais;N;0;0,00;1000000,00;0,00;0,00;0,00;0,00;0,00;0,00;0,00;0,00;0,00;0,00;1000000,00;16/01/2026
1,72951011200000e+24;50374;2025;1;PREFEITURA DO MUNICÍPIO DE SÃO PAULO;Direta;93;Fundo Municipal de Assistência Social;FMAS;NA;NA;NA;NA;NA;FMAS-Proteção Social Básica/FEAS 2025 - 21.822-7;FMAS-Proteção Social Básica/FEAS 2025 - 21.822-7;1;Receita Corrente;7;2;9;51;0;1;12;A;S;N;N;S;03.1.661.1682;Transferências Estaduais;N;0;0,00;4203612,64;2101806,32;2101806,32;2101806,32;2101806,32;2101806,32;2101806,32;2101806,32;2625492,52;2232727,87;2232727,85;26007205,12;16/01/2026
1,72951011300000e+24;50377;2025;1;PREFEITURA DO MUNICÍPIO DE SÃO PAULO;Direta;93;Fundo Municipal de Assistência Social;FMAS;NA;NA;NA;NA;NA;PMSP-SMADS/FMAS-Proteção Social Especial/FEAS 2025 - 21.823-5;PMSP-SMADS/FMAS-Proteção Social Especial/FEAS 2025 - 21.823-5;1;Receita Corrente;7;2;9;51;0;1;13;A;S;N;N;S;03.1.661.1683;Transferências Estaduais;N;0;0,00;6609029,52;3304514,76;3304514,76;3304514,76;3304514,76;3304514,76;2173514,76;4435514,76;4127867,92;3510353,05;3510352,95;40889206,76;16/01/2026
1,72951011400000e+24;50380;2025;1;PREFEITURA DO MUNICÍPIO DE SÃO PAULO;Direta;93;Fundo Municipal de Assistência Social;FMAS;NA;NA;NA;NA;NA;PMSP-SMADS/FMAS-Benefícios Eventuais/FEAS 2025 - 21.824-3;PMSP-SMADS/FMAS-Benefícios Eventuais/FEAS 2025 - 21.824-3;1;Receita Corrente;7;2;9;51;0;1;14;A;S;N;N;S;03.1.661.1684;Transferências Estaduais;N;0;0,00;0,00;0,00;0,00;0,00;0,00;0,00;0,00;0,00;70000,00;0,00;107830,80;177830,80;16/01/2026
1,32105010104013e+24;50383;2025;1;PREFEITURA DO MUNICÍPIO DE SÃO PAULO;Direta;93;Fundo Municipal de Assistência Social;FMAS;NA;NA;NA;NA;NA;FMAS-Proteção Social Básica/FEAS 2025 - 21.822-7;FMAS-Proteção Social Básica/FEAS 2025 - 21.822-7;1;Receita Corrente;3;2;1;5;0;1;1;A;S;N;N;N;03.1.661.1682;Transferências Estaduais;N;0;0,00;17029,69;38857,06;59865,74;66085,29;66571,21;86010,48;80787,86;84247,32;89831,21;56402,62;53822,24;699510,72;16/01/2026
1,32105010104013e+24;50386;2025;1;PREFEITURA DO MUNICÍPIO DE SÃO PAULO;Direta;93;Fundo Municipal de Assistência Social;FMAS;NA;NA;NA;NA;NA;PMSP-SMADS/FMAS-Proteção Social Especial/FEAS 2025 - 21.823-5;PMSP-SMADS/FMAS-Proteção Social Especial/FEAS 2025 - 21.823-5;1;Receita Corrente;3;2;1;5;0;1;1;A;S;N;N;N;03.1.661.1683;Transferências Estaduais;N;0;0,00;26774,53;61092,08;93768,65;107400,94;105140,84;132962,98;108236,00;109834,97;139577,66;91598,79;88754,81;1065142,25;16/01/2026
1,32105010104013e+24;50389;2025;1;PREFEITURA DO MUNICÍPIO DE SÃO PAULO;Direta;93;Fundo Municipal de Assistência Social;FMAS;NA;NA;NA;NA;NA;PMSP-SMADS/FMAS-Benefícios Eventuais/FEAS 2025 - 21.824-3;PMSP-SMADS/FMAS-Benefícios Eventuais/FEAS 2025 - 21.824-3;1;Receita Corrente;3;2;1;5;0;1;1;A;S;N;N;N;03.1.661.1684;Transferências Estaduais;N;0;0,00;0,00;0,00;0,00;0,00;0,00;0,00;0,00;0,00;452,21;577,16;1367,16;2396,53;16/01/2026
2,41951015701001e+24;50394;2025;1;PREFEITURA DO MUNICÍPIO DE SÃO PAULO;Direta;43;Subprefeitura Freguesia/Brasilândia;SUB-FB;NA;NA;NA;NA;NA;Transferência Especial - PMSP-SUB-FB/Pavimentação da Passagem Salvador;Transferência Especial - PMSP-SUB-FB/Pavimentação da Passagem Salvador;2;Receita de Capital;4;1;9;51;0;1;57;A;S;N;N;S;02.1.706.1686;Transferências Federais;N;0;0,00;200000,00;0,00;0,00;0,00;0,00;-200000,00;0,00;0,00;0,00;0,00;0,00;0,00;16/01/2026
2,41951015801001e+24;50399;2025;1;PREFEITURA DO MUNICÍPIO DE SÃO PAULO;Direta;69;Subprefeitura de Vila Prudente;SUB-VP;NA;NA;NA;NA;NA;Transferência Especial - SUB-VP/Revit área e mod quadra V. Industrial;Transferência Especial - SUB-VP/Revit área e mod quadra V. Industrial;2;Receita de Capital;4;1;9;51;0;1;58;A;S;N;N;S;02.1.706.1689;Transferências Federais;N;0;0,00;300000,00;0,00;0,00;0,00;0,00;0,00;0,00;0,00;0,00;0,00;0,00;300000,00;16/01/2026
1,32105010103079e+24;50402;2025;1;PREFEITURA DO MUNICÍPIO DE SÃO PAULO;Direta;69;Subprefeitura de Vila Prudente;SUB-VP;NA;NA;NA;NA;NA;PMSP-SUB-VP/Revitalização da área e modernização da quadra da Vila Industrial;PMSP-SUB-VP/Revitalização da área e modernização da quadra da Vila Ind;1;Receita Corrente;3;2;1;5;0;1;1;A;S;N;N;N;02.1.706.1689;Transferências Federais;N;0;0,00;5561,32;2215,89;2487,16;2724,21;2660,91;3135,00;2888,51;662,00;419,72;350,25;408,00;23512,97;16/01/2026
2,41951015901001e+24;50407;2025;1;PREFEITURA DO MUNICÍPIO DE SÃO PAULO;Direta;55;Subprefeitura Jabaquara;SUB-JA;NA;NA;NA;NA;NA;Transferência Especial - SUB-JA/Revitalização de Área Pública, Rua Capitão Valdir Alves;Transf. Especial - SUB-JA/Revit Área Pública, Rua Capitão Valdir Alves;2;Receita de Capital;4;1;9;51;0;1;59;A;S;N;N;S;02.1.706.1687;Transferências Federais;N;0;0,00;250000,00;0,00;0,00;0,00;0,00;0,00;0,00;0,00;0,00;0,00;0,00;250000,00;16/01/2026
2,41951015901002e+24;50410;2025;1;PREFEITURA DO MUNICÍPIO DE SÃO PAULO;Direta;55;Subprefeitura Jabaquara;SUB-JA;NA;NA;NA;NA;NA;Transferência Especial - SUB-JA/Revitalização de Área Pública, Rua Eng. Armando de Arruda;Transf. Especial - SUB-JA/Revit Área Pública, R. Eng Armando de Arruda;2;Receita de Capital;4;1;9;51;0;1;59;A;S;N;N;S;02.1.706.1688;Transferências Federais;N;0;0,00;350000,00;0,00;0,00;0,00;0,00;0,00;0,00;0,00;0,00;0,00;0,00;350000,00;16/01/2026
1,71957010400000e+24;50413;2025;1;PREFEITURA DO MUNICÍPIO DE SÃO PAULO;Direta;87;Fundo Municipal de Desenvolvimento de Trânsito;FMDT;NA;NA;NA;NA;NA;Transferência Especial - PMSP-SMT/Educação de Trânsito para Escolares;Transferência Especial - PMSP-SMT/Educação de Trânsito para Escolares;1;Receita Corrente;7;1;9;57;0;1;4;A;S;N;N;S;02.1.706.1680;Transferências Federais;N;0;0,00;2199996,10;0,00;0,00;0,00;0,00;0,00;0,00;0,00;0,00;0,00;0,00;2199996,10;16/01/2026
1,92103010200000e+24;50419;2025;7;AGÊNCIA REG. DE SERV. PÚBLICOS DE SÃO PAULO;Indireta;33;Agência Reg. de Serv. Públicos do Mun de São Paulo;SPREGULA;NA;NA;NA;NA;NA;Indenização por Sinistros;Indenização por Sinistros;1;Receita Corrente;9;2;1;3;0;1;2;A;S;N;N;S;06.1.501.9001;Recursos Próprios da Administração Indireta;N;0;0,00;2446,00;0,00;0,00;0,00;0,00;0,00;0,00;0,00;0,00;0,00;0,00;2446,00;16/01/2026
1,32101010104002e+24;50428;2025;1;PREFEITURA DO MUNICÍPIO DE SÃO PAULO;Direta;84;Fundo Municipal de Saúde;FMS/SMS;NA;NA;NA;NA;NA;PMSP-SMS/CONVÊNIO SES/SP 070069-POUPANÇA;PMSP-SMS/CONVÊNIO SES/SP 070069-POUPANÇA;1;Receita Corrente;3;2;1;1;0;1;1;A;S;N;S;N;03.1.632.1524;Transferências Estaduais;N;0;0,00;0,00;878,00;983,46;1034,65;1045,35;1046,75;1063,24;1067,73;1071,10;1081,86;1082,99;10355,13;16/01/2026
1,32101010104002e+24;50434;2025;1;PREFEITURA DO MUNICÍPIO DE SÃO PAULO;Direta;84;Fundo Municipal de Saúde;FMS/SMS;NA;NA;NA;NA;NA;PMSP-SMS/ Reforma da rede elétrica-UBS Jardim Jaraguá Kwaray Djekupé;PMSP-SMS/ Reforma da rede elétrica-UBS Jardim Jaraguá Kwaray Djekupé;1;Receita Corrente;3;2;1;1;0;1;1;A;S;N;S;S;03.1.632.1467;Transferências Estaduais;N;0;0,00;0,00;497,31;557,04;586,04;592,09;592,88;602,23;604,78;606,68;612,77;613,41;5865,23;16/01/2026
1,32101010104002e+24;50437;2025;1;PREFEITURA DO MUNICÍPIO DE SÃO PAULO;Direta;84;Fundo Municipal de Saúde;FMS/SMS;NA;NA;NA;NA;NA;PMSP-SMS/Convênio SES/SP 070070-Poupança;PMSP-SMS/Convênio SES/SP 070070-Poupança;1;Receita Corrente;3;2;1;1;0;1;1;A;S;N;S;N;03.1.632.1522;Transferências Estaduais;N;0;0,00;0,00;877,81;983,25;1034,43;1045,12;1046,53;1063,01;1067,51;1070,88;1081,62;1082,76;10352,92;16/01/2026
1,32101010104002e+24;50440;2025;1;PREFEITURA DO MUNICÍPIO DE SÃO PAULO;Direta;84;Fundo Municipal de Saúde;FMS/SMS;NA;NA;NA;NA;NA;PMSP-SMS/Convênio SES/SP 069318-Poupança;PMSP-SMS/Convênio SES/SP 069318-Poupança;1;Receita Corrente;3;2;1;1;0;1;1;A;S;N;S;N;03.1.632.1523;Transferências Estaduais;N;0;0,00;0,00;1175,66;1316,87;1385,42;1399,74;1401,61;1423,71;1429,72;1434,24;488,87;489,38;11945,22;16/01/2026
1,32105010106046e+24;50445;2025;1;PREFEITURA DO MUNICÍPIO DE SÃO PAULO;Direta;27;Secretaria Municipal do Verde e do Meio Ambiente;SVMA;NA;NA;NA;NA;NA;PMSP-SVMA-Restituição de Tributos Federais;PMSP-SVMA-Restituição de Tributos Federais;1;Receita Corrente;3;2;1;5;0;1;1;A;S;N;N;N;05.1.799.1691;Outras Fontes;N;0;0,00;0,00;0,00;0,00;0,00;0,00;0,00;0,00;0,00;0,00;629,83;3499,00;4128,83;16/01/2026
1,72451010300000e+24;50453;2025;1;PREFEITURA DO MUNICÍPIO DE SÃO PAULO;Direta;16;Secretaria Municipal de Educação;SME;NA;NA;NA;NA;NA;PMSP-SME/Convênio SEDUC PNAE;PMSP-SME/Convênio SEDUC PNAE;1;Receita Corrente;7;2;4;51;0;1;3;A;S;S;N;S;03.1.571.1667;Transferências Estaduais;N;0;0,00;0,00;1239366,00;0,00;0,00;0,00;0,00;0,00;0,00;0,00;0,00;0,00;1239366,00;16/01/2026
1,72451010400000e+24;50454;2025;1;PREFEITURA DO MUNICÍPIO DE SÃO PAULO;Direta;16;Secretaria Municipal de Educação;SME;NA;NA;NA;NA;NA;PMSP-SME/Convênio SEDUC QESE;PMSP-SME/Convênio SEDUC QESE;1;Receita Corrente;7;2;4;51;0;1;4;A;S;S;N;S;03.1.571.1668;Transferências Estaduais;N;0;0,00;0,00;5811814,64;0,00;0,00;0,00;0,00;0,00;0,00;0,00;0,00;0,00;5811814,64;16/01/2026
2,99999010158015e+24;50467;2025;1;PREFEITURA DO MUNICÍPIO DE SÃO PAULO;Direta;94;Fundo Especial do Meio Ambiente e Desenvolvimento Sustentável;FEMA;NA;NA;NA;NA;NA;SNUC LEI 9985 - PNM Cratera de Colônia - 21.938-X;SNUC LEI 9985 - PNM Cratera de Colônia - 21.938-X;2;Receita de Capital;9;9;9;99;0;1;1;A;S;N;N;S;08.1.759.1693;Tesouro Municipal - Recursos Vinculados;N;0;0,00;0,00;0,00;0,00;0,00;0,00;0,00;0,00;0,00;0,00;0,00;0,00;0,00;16/01/2026
2,99999010158016e+24;50468;2025;1;PREFEITURA DO MUNICÍPIO DE SÃO PAULO;Direta;94;Fundo Especial do Meio Ambiente e Desenvolvimento Sustentável;FEMA;NA;NA;NA;NA;NA;SNUC LEI 9985 - PNM Itaim - 21.939-8;SNUC LEI 9985 - PNM Itaim - 21.939-8;2;Receita de Capital;9;9;9;99;0;1;1;A;S;N;N;S;08.1.759.1694;Tesouro Municipal - Recursos Vinculados;N;0;0,00;0,00;0,00;0,00;0,00;0,00;0,00;0,00;0,00;0,00;0,00;0,00;0,00;16/01/2026
2,99999010158017e+24;50469;2025;1;PREFEITURA DO MUNICÍPIO DE SÃO PAULO;Direta;94;Fundo Especial do Meio Ambiente e Desenvolvimento Sustentável;FEMA;NA;NA;NA;NA;NA;SNUC LEI 9985 - PNM Jaceguava - 21.940-1;SNUC LEI 9985 - PNM Jaceguava - 21.940-1;2;Receita de Capital;9;9;9;99;0;1;1;A;S;N;N;S;08.1.759.1695;Tesouro Municipal - Recursos Vinculados;N;0;0,00;0,00;0,00;0,00;0,00;0,00;0,00;0,00;0,00;0,00;0,00;0,00;0,00;16/01/2026
1,32105010109011e+24;50470;2025;1;PREFEITURA DO MUNICÍPIO DE SÃO PAULO;Direta;94;Fundo Especial do Meio Ambiente e Desenvolvimento Sustentável;FEMA;NA;NA;NA;NA;NA;SNUC LEI 9985 - PNM Cratera de Colônia - 21.938-X;SNUC LEI 9985 - PNM Cratera de Colônia - 21.938-X;1;Receita Corrente;3;2;1;5;0;1;1;A;S;N;N;N;08.1.759.1693;Tesouro Municipal - Recursos Vinculados;N;0;0,00;0,00;4373,59;43875,31;47749,55;46513,16;55082,29;50682,44;53741,10;56761,05;47423,95;55604,11;461806,55;16/01/2026
1,32105010109011e+24;50471;2025;1;PREFEITURA DO MUNICÍPIO DE SÃO PAULO;Direta;94;Fundo Especial do Meio Ambiente e Desenvolvimento Sustentável;FEMA;NA;NA;NA;NA;NA;SNUC LEI 9985 - PNM Itaim - 21.939-8;SNUC LEI 9985 - PNM Itaim - 21.939-8;1;Receita Corrente;3;2;1;5;0;1;1;A;S;N;N;N;08.1.759.1694;Tesouro Municipal - Recursos Vinculados;N;0;0,00;0,00;341,86;3429,53;3732,35;3635,72;4305,52;3961,61;4200,69;4436,74;3706,90;4346,31;36097,23;16/01/2026
1,32105010109011e+24;50472;2025;1;PREFEITURA DO MUNICÍPIO DE SÃO PAULO;Direta;94;Fundo Especial do Meio Ambiente e Desenvolvimento Sustentável;FEMA;NA;NA;NA;NA;NA;SNUC LEI 9985 - PNM Jaceguava - 21.940-1;SNUC LEI 9985 - PNM Jaceguava - 21.940-1;1;Receita Corrente;3;2;1;5;0;1;1;A;S;N;N;N;08.1.759.1695;Tesouro Municipal - Recursos Vinculados;N;0;0,00;0,00;797,68;8002,23;8708,83;8483,33;10046,22;9243,75;9801,60;10352,40;8649,45;10141,39;84226,88;16/01/2026
1,71350211200000e+24;50483;2025;1;PREFEITURA DO MUNICÍPIO DE SÃO PAULO;Direta;84;Fundo Municipal de Saúde;FMS/SMS;NA;NA;NA;NA;NA;SMS/FMS/SMS/ITMAC/GAB - 21.885-5;SMS/FMS/SMS/ITMAC/GAB - 21.885-5;1;Receita Corrente;7;1;3;50;2;1;12;A;S;N;S;S;02.1.600.1696;Transferências Federais;N;0;0,00;0,00;0,00;1650000,00;0,00;0,00;0,00;0,00;0,00;0,00;0,00;0,00;1650000,00;16/01/2026
1,32105010103020e+24;50486;2025;1;PREFEITURA DO MUNICÍPIO DE SÃO PAULO;Direta;84;Fundo Municipal de Saúde;FMS/SMS;NA;NA;NA;NA;NA;SMS/FMS/SMS/ITMAC/GAB - 21.885-5;SMS/FMS/SMS/ITMAC/GAB - 21.885-5;1;Receita Corrente;3;2;1;5;0;1;1;A;S;N;N;N;02.1.600.1696;Transferências Federais;N;0;0,00;0,00;0,00;27853,90;14732,05;14389,74;16953,51;15620,54;16505,98;17410,58;11733,46;756,40;135956,16;16/01/2026
2,41951015301003e+24;50488;2025;1;PREFEITURA DO MUNICÍPIO DE SÃO PAULO;Direta;84;Fundo Municipal de Saúde;FMS/SMS;NA;NA;NA;NA;NA;Transferência Especial Ofício 260/2024;Transferência Especial Ofício 260/2024;2;Receita de Capital;4;1;9;51;0;1;53;A;S;N;S;S;02.1.706.1583;Transferências Federais;N;0;0,00;0,00;0,00;1349000,00;0,00;0,00;0,00;0,00;0,00;0,00;0,00;0,00;1349000,00;16/01/2026
1,32105010109013e+24;50491;2025;1;PREFEITURA DO MUNICÍPIO DE SÃO PAULO;Direta;93;Fundo Municipal de Assistência Social;FMAS;NA;NA;NA;NA;NA;PMSP-SMADS/PROJETO SMADS-UNESCO 914BRZ3019/2025;PMSP-SMADS/PROJETO SMADS-UNESCO 914BRZ3019/2025;1;Receita Corrente;3;2;1;5;0;1;1;A;S;N;N;N;08.1.665.1699;Tesouro Municipal - Recursos Vinculados;N;0;0,00;0,00;0,00;0,00;3166,87;6424,14;7607,66;6999,98;7422,43;7839,52;6549,93;7679,74;53690,27;16/01/2026
2,41951016001001e+24;50496;2025;1;PREFEITURA DO MUNICÍPIO DE SÃO PAULO;Direta;56;Subprefeitura Cidade Ademar;SUB-AD;NA;NA;NA;NA;NA;SUB-AD Recapeamento via/troca guias e sarjetas R Ângelo Remazzotti;SUB-AD Recapeamento via/troca guias e sarjetas R Ângelo Remazzotti;2;Receita de Capital;4;1;9;51;0;1;60;A;S;N;N;S;02.1.706.1698;Transferências Federais;N;0;0,00;0,00;0,00;890000,00;0,00;0,00;0,00;0,00;0,00;0,00;0,00;0,00;890000,00;16/01/2026
2,41951016001002e+24;50499;2025;1;PREFEITURA DO MUNICÍPIO DE SÃO PAULO;Direta;56;Subprefeitura Cidade Ademar;SUB-AD;NA;NA;NA;NA;NA;SUB-AD Requalificação da Praça Brás Toscano de Melo, 18;SUB-AD Requalificação da Praça Brás Toscano de Melo, 18;2;Receita de Capital;4;1;9;51;0;1;60;A;S;N;N;S;02.1.706.1697;Transferências Federais;N;0;0,00;0,00;0,00;200000,00;0,00;0,00;0,00;0,00;0,00;0,00;0,00;0,00;200000,00;16/01/2026
1,71957010500000e+24;50505;2025;1;PREFEITURA DO MUNICÍPIO DE SÃO PAULO;Direta;11;Secretaria do Governo Municipal;SGM;NA;NA;NA;NA;NA;Transferências Especiais da União - Custeio;Transferências Especiais da União - Custeio;1;Receita Corrente;7;1;9;57;0;1;5;A;S;N;N;S;02.1.706.7997;Transferências Federais;N;0;0,00;0,00;0,00;0,00;1800003,90;0,00;0,00;0,00;0,00;0,00;0,00;0,00;1800003,90;16/01/2026
2,41951014300000e+24;50508;2025;1;PREFEITURA DO MUNICÍPIO DE SÃO PAULO;Direta;11;Secretaria do Governo Municipal;SGM;NA;NA;NA;NA;NA;Transferências Especiais da União - Investimento;Transferências Especiais da União - Investimento;2;Receita de Capital;4;1;9;51;0;1;43;A;S;N;N;S;02.1.706.7997;Transferências Federais;N;0;0,00;0,00;0,00;0,00;7992116,12;-5120000,00;-300000,00;0,00;0,00;0,00;-550000,00;2784701,98;4806818,10;16/01/2026
1,72999011300000e+24;50511;2025;1;PREFEITURA DO MUNICÍPIO DE SÃO PAULO;Direta;11;Secretaria do Governo Municipal;SGM;NA;NA;NA;NA;NA;Transferências Especiais do Estado - Custeio;Transferências Especiais do Estado - Custeio;1;Receita Corrente;7;2;9;99;0;1;13;A;S;N;N;S;03.1.710.7996;Transferências Estaduais;N;0;0,00;0,00;0,00;0,00;420000,06;0,00;0,00;0,00;-320000,00;0,00;0,00;0,00;100000,06;16/01/2026
2,42999011500000e+24;50514;2025;1;PREFEITURA DO MUNICÍPIO DE SÃO PAULO;Direta;11;Secretaria do Governo Municipal;SGM;NA;NA;NA;NA;NA;Transferências Especiais do Estado - Investimento;Transferências Especiais do Estado - Investimento;2;Receita de Capital;4;2;9;99;0;1;15;A;S;N;N;S;03.1.710.7996;Transferências Estaduais;N;0;0,00;0,00;0,00;0,00;6477654,00;-200000,00;-595218,00;297654,00;0,00;0,00;-860000,00;-3280000,00;1840090,00;16/01/2026
2,41951016101001e+24;50519;2025;1;PREFEITURA DO MUNICÍPIO DE SÃO PAULO;Direta;71;Subprefeitura Cidade Tiradentes;SUB-CT;NA;NA;NA;NA;NA;Transferência Especial - SUB-CT/Reforma e Instalação de grama sintética na Quadra dos Gráficos;Transf Espec - SUB-CT/Reforma e Inst grama sint Quadra dos Gráficos;2;Receita de Capital;4;1;9;51;0;1;61;A;S;N;N;S;02.1.706.1701;Transferências Federais;N;0;0,00;0,00;0,00;300000,00;0,00;0,00;0,00;0,00;0,00;0,00;0,00;0,00;300000,00;16/01/2026
2,41951016101002e+24;50522;2025;1;PREFEITURA DO MUNICÍPIO DE SÃO PAULO;Direta;71;Subprefeitura Cidade Tiradentes;SUB-CT;NA;NA;NA;NA;NA;Transferência Especial - SUB-CT/Reforma Pça e inst. playground e ATI - localização setor G;Transf Espec - SUB-CT/Reforma Pça e inst. playground e ATI - setor G;2;Receita de Capital;4;1;9;51;0;1;61;A;S;N;N;S;02.1.706.1702;Transferências Federais;N;0;0,00;0,00;0,00;120000,00;0,00;0,00;0,00;0,00;0,00;0,00;0,00;0,00;120000,00;16/01/2026
1,11303210200000e+24;50525;2025;1;PREFEITURA DO MUNICÍPIO DE SÃO PAULO;Direta;NA;NA;NA;NA;NA;NA;NA;NA;Imposto sobre a Renda - Retido na Fonte - Capital - PJ;Imposto sobre a Renda - Retido na Fonte - Capital - PJ;1;Receita Corrente;1;1;3;3;2;1;2;A;S;P;P;S;00.1.500.9003;Tesouro Municipal;N;0;0,00;0,00;0,00;9992685,55;2215960,41;2487830,27;2633887,62;2152242,86;1931552,13;2002224,69;1583658,97;2580181,28;27580223,78;16/01/2026
1,32105010103020e+24;50533;2025;1;PREFEITURA DO MUNICÍPIO DE SÃO PAULO;Direta;84;Fundo Municipal de Saúde;FMS/SMS;NA;NA;NA;NA;NA;PMSP/SMS/INVEST/24082 - 21.893-6;PMSP/SMS/INVEST/24082 - 21.893-6;1;Receita Corrente;3;2;1;5;0;1;1;A;S;N;N;N;02.1.601.1710;Transferências Federais;N;0;0,00;0,00;0,00;3208,61;1626,19;1588,40;1871,40;1724,26;1293,23;773,18;625,22;429,99;13140,48;16/01/2026
1,32105010103020e+24;50536;2025;1;PREFEITURA DO MUNICÍPIO DE SÃO PAULO;Direta;84;Fundo Municipal de Saúde;FMS/SMS;NA;NA;NA;NA;NA;PMSP/SMS/ENTID/15680003 - 21.891-X;PMSP/SMS/ENTID/15680003 - 21.891-X;1;Receita Corrente;3;2;1;5;0;1;1;A;S;N;N;N;02.1.600.1708;Transferências Federais;N;0;0,00;0,00;0,00;7933,39;4020,79;3927,36;4627,09;2715,23;220,37;232,44;193,96;225,95;24096,58;16/01/2026
1,32105010103020e+24;50539;2025;1;PREFEITURA DO MUNICÍPIO DE SÃO PAULO;Direta;84;Fundo Municipal de Saúde;FMS/SMS;NA;NA;NA;NA;NA;PMSP/SMS/INVEST/24079 - 21.894-4;PMSP/SMS/INVEST/24079 - 21.894-4;1;Receita Corrente;3;2;1;5;0;1;1;A;S;N;N;N;02.1.601.1711;Transferências Federais;N;0;0,00;0,00;0,00;584,18;296,07;289,20;340,71;313,93;331,73;349,90;291,99;340,13;3137,84;16/01/2026
1,32105010103020e+24;50542;2025;1;PREFEITURA DO MUNICÍPIO DE SÃO PAULO;Direta;84;Fundo Municipal de Saúde;FMS/SMS;NA;NA;NA;NA;NA;PMSP-SMS/FMS-ITMAC/GAB - 21.916-9;PMSP-SMS/FMS-ITMAC/GAB - 21.916-9;1;Receita Corrente;3;2;1;5;0;1;1;A;S;N;N;N;02.1.600.1716;Transferências Federais;N;0;0,00;0,00;0,00;16881,15;8928,52;8721,05;10274,86;9466,99;10003,62;10551,87;4947,47;460,19;80235,72;16/01/2026
1,32105010103020e+24;50545;2025;1;PREFEITURA DO MUNICÍPIO DE SÃO PAULO;Direta;84;Fundo Municipal de Saúde;FMS/SMS;NA;NA;NA;NA;NA;PMSP/SMS/ENTID/19970003 - 21.892-8;PMSP/SMS/ENTID/19970003 - 21.892-8;1;Receita Corrente;3;2;1;5;0;1;1;A;S;N;N;N;02.1.600.1709;Transferências Federais;N;0;0,00;0,00;0,00;1688,12;892,85;872,10;1027,49;946,70;828,48;62,03;51,75;60,29;6429,81;16/01/2026
1,32105010103020e+24;50548;2025;1;PREFEITURA DO MUNICÍPIO DE SÃO PAULO;Direta;84;Fundo Municipal de Saúde;FMS/SMS;NA;NA;NA;NA;NA;PMSP/SMS/INVEST/24086 - 21.889-8;PMSP/SMS/INVEST/24086 - 21.889-8;1;Receita Corrente;3;2;1;5;0;1;1;A;S;N;N;N;02.1.601.1706;Transferências Federais;N;0;0,00;0,00;0,00;32992,46;16721,19;16332,66;19242,61;17729,65;18734,64;19761,39;16490,46;19209,20;177214,26;16/01/2026
1,32105010103020e+24;50551;2025;1;PREFEITURA DO MUNICÍPIO DE SÃO PAULO;Direta;84;Fundo Municipal de Saúde;FMS/SMS;NA;NA;NA;NA;NA;SMS/FMS/ITMAC/GAB - 21.886-3;SMS/FMS/ITMAC/GAB - 21.886-3;1;Receita Corrente;3;2;1;5;0;1;1;A;S;N;N;N;02.1.600.1703;Transferências Federais;N;0;0,00;0,00;0,00;16133,27;8532,95;8334,69;9819,64;9047,58;9560,44;10084,38;8415,21;9802,61;89730,77;16/01/2026
1,32105010103020e+24;50554;2025;1;PREFEITURA DO MUNICÍPIO DE SÃO PAULO;Direta;84;Fundo Municipal de Saúde;FMS/SMS;NA;NA;NA;NA;NA;PMSP/SMS/FMS/ITMAC/GAB - 21.887-1;PMSP/SMS/FMS/ITMAC/GAB - 21.887-1;1;Receita Corrente;3;2;1;5;0;1;1;A;S;N;N;N;02.1.600.1704;Transferências Federais;N;0;0,00;0,00;0,00;59084,03;31249,81;30523,68;35962,00;33134,47;35012,69;36931,53;30818,59;35899,57;328616,37;16/01/2026
1,32105010103020e+24;50557;2025;1;PREFEITURA DO MUNICÍPIO DE SÃO PAULO;Direta;84;Fundo Municipal de Saúde;FMS/SMS;NA;NA;NA;NA;NA;PMSP/SMS/INVEST/24087 - 21.888-X;PMSP/SMS/INVEST/24087 - 21.888-X;1;Receita Corrente;3;2;1;5;0;1;1;A;S;N;N;N;02.1.601.1705;Transferências Federais;N;0;0,00;0,00;0,00;215,79;109,36;106,83;125,85;115,97;122,53;129,25;107,86;125,64;1159,08;16/01/2026
1,32105010103020e+24;50560;2025;1;PREFEITURA DO MUNICÍPIO DE SÃO PAULO;Direta;84;Fundo Municipal de Saúde;FMS/SMS;NA;NA;NA;NA;NA;PMSP/SMS/FMS/ITMAC/GAB - 21.890-1;PMSP/SMS/FMS/ITMAC/GAB - 21.890-1;1;Receita Corrente;3;2;1;5;0;1;1;A;S;N;N;N;02.1.600.1707;Transferências Federais;N;0;0,00;0,00;0,00;5288,93;2680,52;2618,24;3084,73;2842,19;2239,00;221,62;184,95;150,57;19310,75;16/01/2026
1,32105010103020e+24;50563;2025;1;PREFEITURA DO MUNICÍPIO DE SÃO PAULO;Direta;84;Fundo Municipal de Saúde;FMS/SMS;NA;NA;NA;NA;NA;PMSP/SMS/INVEST/24069 - 21.898-7;PMSP/SMS/INVEST/24069 - 21.898-7;1;Receita Corrente;3;2;1;5;0;1;1;A;S;N;S;N;02.1.601.1715;Transferências Federais;N;0;0,00;0,00;0,00;1509,88;765,24;747,45;880,63;811,39;857,38;904,37;754,68;879,10;8110,12;16/01/2026
1,32105010103020e+24;50566;2025;1;PREFEITURA DO MUNICÍPIO DE SÃO PAULO;Direta;84;Fundo Municipal de Saúde;FMS/SMS;NA;NA;NA;NA;NA;PMSP/SMS/INVEST/24071 - 21.897-9;PMSP/SMS/INVEST/24071 - 21.897-9;1;Receita Corrente;3;2;1;5;0;1;1;A;S;N;S;N;02.1.601.1714;Transferências Federais;N;0;0,00;0,00;0,00;99608,10;50483,25;49310,21;58095,68;53527,88;56562,09;59661,94;49786,64;57994,82;535030,61;16/01/2026
1,32105010103020e+24;50569;2025;1;PREFEITURA DO MUNICÍPIO DE SÃO PAULO;Direta;84;Fundo Municipal de Saúde;FMS/SMS;NA;NA;NA;NA;NA;PMSP/SMS/INVEST/24085 - 21.895-2;PMSP/SMS/INVEST/24085 - 21.895-2;1;Receita Corrente;3;2;1;5;0;1;1;A;S;N;N;N;02.1.601.1712;Transferências Federais;N;0;0,00;0,00;0,00;374,91;190,02;185,60;218,66;201,48;212,89;224,56;187,39;218,29;2013,80;16/01/2026
1,32105010103020e+24;50572;2025;1;PREFEITURA DO MUNICÍPIO DE SÃO PAULO;Direta;84;Fundo Municipal de Saúde;FMS/SMS;NA;NA;NA;NA;NA;PMSP/SMS/INVEST/24084 - 21.896-0;PMSP/SMS/INVEST/24084 - 21.896-0;1;Receita Corrente;3;2;1;5;0;1;1;A;S;N;S;N;02.1.601.1713;Transferências Federais;N;0;0,00;0,00;0,00;3520,41;1784,22;1742,75;2053,26;1891,81;1999,06;2108,61;1759,59;2049,69;18909,40;16/01/2026
2,41350010900000e+24;50584;2025;1;PREFEITURA DO MUNICÍPIO DE SÃO PAULO;Direta;93;Fundo Municipal de Assistência Social;FMAS;NA;NA;NA;NA;NA;PMSP-SMADS/FMAS-SP SIGTV - INVEST - Ricardo Salles 2025 - 21.671-2;PMSP-SMADS/FMAS-SP SIGTV - INVEST - Ricardo Salles 2025 - 21.671-2;2;Receita de Capital;4;1;3;50;0;1;9;A;S;N;N;S;02.1.660.1731;Transferências Federais;N;0;0,00;0,00;0,00;750000,00;0,00;0,00;0,00;0,00;0,00;0,00;0,00;0,00;750000,00;16/01/2026
1,32105010103013e+24;50588;2025;1;PREFEITURA DO MUNICÍPIO DE SÃO PAULO;Direta;93;Fundo Municipal de Assistência Social;FMAS;NA;NA;NA;NA;NA;PMSP-SMADS/FMAS-SP SIGTV - INVEST - Ricardo Salles 2025 - 21.671-2;PMSP-SMADS/FMAS-SP SIGTV - INVEST - Ricardo Salles 2025 - 21.671-2;1;Receita Corrente;3;2;1;5;0;1;1;A;S;N;N;N;02.1.660.1731;Transferências Federais;N;0;0,00;0,00;0,00;13504,84;6703,80;6548,03;7714,67;7108,10;7511,02;7922,66;6611,29;7701,28;71325,69;16/01/2026
1,71957010600000e+24;50591;2025;1;PREFEITURA DO MUNICÍPIO DE SÃO PAULO;Direta;25;Secretaria Municipal de Cultura;SMC;NA;NA;NA;NA;NA;Transferência Especial - PMSP-SMC/Ações Culturais;Transferência Especial - PMSP-SMC/Ações Culturais;1;Receita Corrente;7;1;9;57;0;1;6;A;S;N;N;S;02.1.706.1555;Transferências Federais;N;0;0,00;0,00;0,00;300000,00;0,00;0,00;0,00;0,00;0,00;0,00;0,00;0,00;300000,00;16/01/2026
1,32105010103020e+24;50594;2025;1;PREFEITURA DO MUNICÍPIO DE SÃO PAULO;Direta;84;Fundo Municipal de Saúde;FMS/SMS;NA;NA;NA;NA;NA;PMSP/SMS/INVEST/24070 - 21.926-6;PMSP/SMS/INVEST/24070 - 21.926-6;1;Receita Corrente;3;2;1;5;0;1;1;A;S;N;S;N;02.1.601.1718;Transferências Federais;N;0;0,00;0,00;0,00;0,00;4197,17;1626,42;1916,20;1765,53;1865,62;1967,86;1642,13;1902,77;16883,70;16/01/2026
1,32105010103020e+24;50597;2025;1;PREFEITURA DO MUNICÍPIO DE SÃO PAULO;Direta;84;Fundo Municipal de Saúde;FMS/SMS;NA;NA;NA;NA;NA;PMSP/SMS/INVEST/24080 - 21.928-2;PMSP/SMS/INVEST/24080 - 21.928-2;1;Receita Corrente;3;2;1;5;0;1;1;A;S;N;S;N;02.1.601.1720;Transferências Federais;N;0;0,00;0,00;0,00;0,00;0,00;3411,02;1122,37;1034,11;1092,74;1152,63;961,84;1120,41;9895,12;16/01/2026
1,32105010103020e+24;50602;2025;1;PREFEITURA DO MUNICÍPIO DE SÃO PAULO;Direta;84;Fundo Municipal de Saúde;FMS/SMS;NA;NA;NA;NA;NA;PMSP/SMS/INVEST/24074 - 21.929-0;PMSP/SMS/INVEST/24074 - 21.929-0;1;Receita Corrente;3;2;1;5;0;1;1;A;S;N;S;N;02.1.601.1721;Transferências Federais;N;0;0,00;0,00;0,00;0,00;0,00;4010,13;1319,49;1215,75;1284,66;1355,07;1130,77;1317,21;11633,08;16/01/2026
1,32105010103020e+24;50603;2025;1;PREFEITURA DO MUNICÍPIO DE SÃO PAULO;Direta;84;Fundo Municipal de Saúde;FMS/SMS;NA;NA;NA;NA;NA;PMSP/SMS/INVEST/24076 - 21.927-4;PMSP/SMS/INVEST/24076 - 21.927-4;1;Receita Corrente;3;2;1;5;0;1;1;A;S;N;S;N;02.1.601.1719;Transferências Federais;N;0;0,00;0,00;0,00;0,00;0,00;7764,41;2554,81;2353,93;2487,37;2623,68;2189,41;2493,14;22466,75;16/01/2026
1,32105010103020e+24;50618;2025;1;PREFEITURA DO MUNICÍPIO DE SÃO PAULO;Direta;84;Fundo Municipal de Saúde;FMS/SMS;NA;NA;NA;NA;NA;PMSP/SMS/INVEST/24081 - 21.930-4;PMSP/SMS/INVEST/24081 - 21.930-4;1;Receita Corrente;3;2;1;5;0;1;1;A;S;N;S;N;02.1.601.1722;Transferências Federais;N;0;0,00;0,00;0,00;0,00;5539,09;2146,42;2528,85;2330,01;2462,09;2597,03;2167,16;2426,86;22197,51;16/01/2026
1,32105010103020e+24;50619;2025;1;PREFEITURA DO MUNICÍPIO DE SÃO PAULO;Direta;84;Fundo Municipal de Saúde;FMS/SMS;NA;NA;NA;NA;NA;PMSP/SMS/INVEST/24075 - 21.925-8;PMSP/SMS/INVEST/24075 - 21.925-8;1;Receita Corrente;3;2;1;5;0;1;1;A;S;N;N;N;02.1.601.1717;Transferências Federais;N;0;0,00;0,00;0,00;0,00;2559,73;991,91;1168,63;1076,75;1137,79;1200,14;1001,49;1166,47;10302,91;16/01/2026
1,32105010103020e+24;50620;2025;1;PREFEITURA DO MUNICÍPIO DE SÃO PAULO;Direta;84;Fundo Municipal de Saúde;FMS/SMS;NA;NA;NA;NA;NA;PMSP/SMS/INVEST/24072 - 21.934-7;PMSP/SMS/INVEST/24072 - 21.934-7;1;Receita Corrente;3;2;1;5;0;1;1;A;S;N;S;N;02.1.601.1726;Transferências Federais;N;0;0,00;0,00;0,00;0,00;11215,78;4346,16;5120,51;4717,91;4985,34;5258,56;4388,16;5111,62;45144,04;16/01/2026
1,32105010103020e+24;50621;2025;1;PREFEITURA DO MUNICÍPIO DE SÃO PAULO;Direta;84;Fundo Municipal de Saúde;FMS/SMS;NA;NA;NA;NA;NA;PMSP/SMS/ITPAP/GAB - 21.933-9;PMSP/SMS/ITPAP/GAB - 21.933-9;1;Receita Corrente;3;2;1;5;0;1;1;A;S;N;S;N;02.1.600.1725;Transferências Federais;N;0;0,00;0,00;0,00;0,00;15702,06;6084,63;7168,70;6605,06;6961,89;2998,92;924,58;592,17;47038,01;16/01/2026
1,32105010103020e+24;50622;2025;1;PREFEITURA DO MUNICÍPIO DE SÃO PAULO;Direta;84;Fundo Municipal de Saúde;FMS/SMS;NA;NA;NA;NA;NA;PMSP/SMS/ITPAP/GAB - 21.932-0;PMSP/SMS/ITPAP/GAB - 21.932-0;1;Receita Corrente;3;2;1;5;0;1;1;A;S;N;S;N;02.1.600.1724;Transferências Federais;N;0;0,00;0,00;0,00;0,00;33647,33;13038,50;15361,52;13754,41;3854,35;1499,25;777,09;885,90;82818,35;16/01/2026
1,32105010103020e+24;50623;2025;1;PREFEITURA DO MUNICÍPIO DE SÃO PAULO;Direta;84;Fundo Municipal de Saúde;FMS/SMS;NA;NA;NA;NA;NA;PMSP/SMS/INVEST/24076 - 21.931-2;PMSP/SMS/INVEST/24076 - 21.931-2;1;Receita Corrente;3;2;1;5;0;1;1;A;S;N;S;N;02.1.601.1723;Transferências Federais;N;0;0,00;0,00;0,00;0,00;661,10;256,18;301,83;278,09;293,85;309,97;258,65;301,30;2660,97;16/01/2026
1,32105010103020e+24;50624;2025;1;PREFEITURA DO MUNICÍPIO DE SÃO PAULO;Direta;84;Fundo Municipal de Saúde;FMS/SMS;NA;NA;NA;NA;NA;PMSP/SMS/INVEST/24073 - 21.935-5;PMSP/SMS/INVEST/24073 - 21.935-5;1;Receita Corrente;3;2;1;5;0;1;1;A;S;N;S;N;02.1.601.1727;Transferências Federais;N;0;0,00;0,00;0,00;0,00;4451,95;1725,14;2032,52;1872,71;1978,86;2087,31;1741,82;2028,98;17919,29;16/01/2026
2,41951016201001e+24;50629;2025;1;PREFEITURA DO MUNICÍPIO DE SÃO PAULO;Direta;63;Subprefeitura São Miguel Paulista;SUB-MP;NA;NA;NA;NA;NA;Transferência Especial - SUB- MP - Reforma Praça Rua Facheiro Preto;Transferência Especial - SUB- MP - Reforma Praça Rua Facheiro Preto;2;Receita de Capital;4;1;9;51;0;1;62;A;S;N;N;S;02.1.706.1752;Transferências Federais;N;0;0,00;0,00;0,00;280000,00;0,00;0,00;0,00;0,00;0,00;0,00;0,00;0,00;280000,00;16/01/2026
2,41151210200000e+24;50652;2025;1;PREFEITURA DO MUNICÍPIO DE SÃO PAULO;Direta;84;Fundo Municipal de Saúde;FMS/SMS;NA;NA;NA;NA;NA;PMSP/SMS/INVEST/24071 - 21.897-9;PMSP/SMS/INVEST/24071 - 21.897-9;2;Receita de Capital;4;1;1;51;2;1;2;A;S;N;S;S;02.1.601.1714;Transferências Federais;N;0;0,00;0,00;0,00;5671266,00;0,00;-21266,00;0,00;0,00;0,00;0,00;0,00;0,00;5650000,00;16/01/2026
2,41151210300000e+24;50653;2025;1;PREFEITURA DO MUNICÍPIO DE SÃO PAULO;Direta;84;Fundo Municipal de Saúde;FMS/SMS;NA;NA;NA;NA;NA;PMSP/SMS/INVEST/24087 - 21.888-X;PMSP/SMS/INVEST/24087 - 21.888-X;2;Receita de Capital;4;1;1;51;2;1;3;A;S;N;S;S;02.1.601.1705;Transferências Federais;N;0;0,00;0,00;0,00;12240,00;0,00;0,00;0,00;0,00;0,00;0,00;0,00;0,00;12240,00;16/01/2026
2,41151210400000e+24;50654;2025;1;PREFEITURA DO MUNICÍPIO DE SÃO PAULO;Direta;84;Fundo Municipal de Saúde;FMS/SMS;NA;NA;NA;NA;Rubrica de receita destinada ao registro do valor transferido pelo Fundo Nacional de Saúde ao Fundo Municipal de Saúde destinado a Estruturação da Rede de Serviços Públicos de Saúde.;PMSP/SMS/INVEST/24086 - 21.889-8;PMSP/SMS/INVEST/24087 - 21.889-8;2;Receita de Capital;4;1;1;51;2;1;4;A;S;N;S;S;02.1.601.1706;Transferências Federais;N;0;0,00;0,00;0,00;1871408,00;0,00;0,00;0,00;0,00;0,00;0,00;0,00;0,00;1871408,00;16/01/2026
2,41151210500000e+24;50655;2025;1;PREFEITURA DO MUNICÍPIO DE SÃO PAULO;Direta;84;Fundo Municipal de Saúde;FMS/SMS;NA;NA;NA;NA;Rubrica de receita destinada ao registro do valor transferido pelo Fundo Nacional de Saúde ao Fundo Municipal de Saúde destinado a Estruturação da Rede de Serviços Públicos de Saúde.;PMSP/SMS/INVEST/24079 - 21.894-4;PMSP/SMS/INVEST/24079 - 21.894-4;2;Receita de Capital;4;1;1;51;2;1;5;A;S;N;S;S;02.1.601.1711;Transferências Federais;N;0;0,00;0,00;0,00;33136,00;0,00;0,00;0,00;0,00;0,00;0,00;0,00;0,00;33136,00;16/01/2026
2,41151210600000e+24;50656;2025;1;PREFEITURA DO MUNICÍPIO DE SÃO PAULO;Direta;84;Fundo Municipal de Saúde;FMS/SMS;NA;NA;NA;NA;Rubrica de receita destinada ao registro do valor transferido pelo Fundo Nacional de Saúde ao Fundo Municipal de Saúde destinado a Estruturação da Rede de Serviços Públicos de Saúde.;PMSP/SMS/INVEST/24082 - 21.893-6;PMSP/SMS/INVEST/24082 - 21.893-6;2;Receita de Capital;4;1;1;51;2;1;6;A;S;N;S;S;02.1.601.1710;Transferências Federais;N;0;0,00;0,00;0,00;182000,00;0,00;0,00;0,00;0,00;0,00;0,00;0,00;0,00;182000,00;16/01/2026
1,71350211300000e+24;50657;2025;1;PREFEITURA DO MUNICÍPIO DE SÃO PAULO;Direta;84;Fundo Municipal de Saúde;FMS/SMS;NA;NA;NA;NA;Rubrica de receita destinada ao registro do valor transferido pelo Fundo Nacional de Saúde ao Fundo Municipal de Saúde destinado a Manutenção da Rede de Serviços Públicos de Saúde.;PMSP/SMS/ENTID/15680003 - 21.891-X;PMSP/SMS/ENTID/15680003 - 21.891-X;1;Receita Corrente;7;1;3;50;2;1;13;A;S;N;S;S;02.1.600.1708;Transferências Federais;N;0;0,00;0,00;0,00;450000,00;0,00;0,00;0,00;0,00;0,00;0,00;0,00;0,00;450000,00;16/01/2026
1,71350211400000e+24;50658;2025;1;PREFEITURA DO MUNICÍPIO DE SÃO PAULO;Direta;84;Fundo Municipal de Saúde;FMS/SMS;NA;NA;NA;NA;Rubrica de receita destinada ao registro do valor transferido pelo Fundo Nacional de Saúde ao Fundo Municipal de Saúde destinado a Manutenção da Rede de Serviços Públicos de Saúde.;PMSP/SMS/ENTID/19970003 - 21.892-8;PMSP/SMS/ENTID/19970003 - 21.892-8;1;Receita Corrente;7;1;3;50;2;1;14;A;S;N;S;S;02.1.600.1709;Transferências Federais;N;0;0,00;0,00;0,00;100000,00;0,00;0,00;0,00;0,00;0,00;0,00;0,00;0,00;100000,00;16/01/2026
1,71350211500000e+24;50659;2025;1;PREFEITURA DO MUNICÍPIO DE SÃO PAULO;Direta;84;Fundo Municipal de Saúde;FMS/SMS;NA;NA;NA;NA;Rubrica de receita destinada ao registro do valor transferido pelo Fundo Nacional de Saúde ao Fundo Municipal de Saúde destinado a Manutenção da Rede de Serviços Públicos de Saúde.;PMSP-SMS/FMS-ITMAC/GAB - 21.916-9;PMSP-SMS/FMS-ITMAC/GAB - 21.916-9;1;Receita Corrente;7;1;3;50;2;1;15;A;S;N;S;S;02.1.600.1716;Transferências Federais;N;0;0,00;0,00;0,00;1000000,00;0,00;0,00;0,00;0,00;0,00;0,00;0,00;0,00;1000000,00;16/01/2026
1,71350211600000e+24;50660;2025;1;PREFEITURA DO MUNICÍPIO DE SÃO PAULO;Direta;84;Fundo Municipal de Saúde;FMS/SMS;NA;NA;NA;NA;Rubrica de receita destinada ao registro do valor transferido pelo Fundo Nacional de Saúde ao Fundo Municipal de Saúde destinado a Manutenção da Rede de Serviços Públicos de Saúde.;PMSP/SMS/FMS/ITMAC/GAB - 21.887-1;PMSP/SMS/FMS/ITMAC/GAB - 21.887-1;1;Receita Corrente;7;1;3;50;2;1;16;A;S;N;S;S;02.1.600.1704;Transferências Federais;N;0;0,00;0,00;0,00;3500000,00;0,00;0,00;0,00;0,00;0,00;0,00;0,00;0,00;3500000,00;16/01/2026
1,71350211700000e+24;50661;2025;1;PREFEITURA DO MUNICÍPIO DE SÃO PAULO;Direta;84;Fundo Municipal de Saúde;FMS/SMS;NA;NA;NA;NA;Rubrica de receita destinada ao registro do valor transferido pelo Fundo Nacional de Saúde ao Fundo Municipal de Saúde destinado a Manutenção da Rede de Serviços Públicos de Saúde.;SMS/FMS/ITMAC/GAB - 21.886-3;SMS/FMS/ITMAC/GAB - 21.886-3;1;Receita Corrente;7;1;3;50;2;1;17;A;S;N;S;S;02.1.600.1703;Transferências Federais;N;0;0,00;0,00;0,00;955697,00;0,00;0,00;0,00;0,00;0,00;0,00;0,00;0,00;955697,00;16/01/2026
1,71350211800000e+24;50662;2025;1;PREFEITURA DO MUNICÍPIO DE SÃO PAULO;Direta;84;Fundo Municipal de Saúde;FMS/SMS;NA;NA;NA;NA;Rubrica de receita destinada ao registro do valor transferido pelo Fundo Nacional de Saúde ao Fundo Municipal de Saúde destinado a Manutenção da Rede de Serviços Públicos de Saúde.;PMSP/SMS/FMS/ITMAC/GAB - 21.890-1;PMSP/SMS/FMS/ITMAC/GAB - 21.890-1;1;Receita Corrente;7;1;3;50;2;1;18;A;S;N;S;S;02.1.600.1707;Transferências Federais;N;0;0,00;0,00;0,00;300000,00;0,00;0,00;0,00;0,00;0,00;0,00;0,00;0,00;300000,00;16/01/2026
1,71750010300000e+24;50665;2025;1;PREFEITURA DO MUNICÍPIO DE SÃO PAULO;Direta;84;Fundo Municipal de Saúde;FMS/SMS;NA;NA;NA;NA;Rubrica de receita destinada ao registro do valor transferido pela União ao Município por meio do Convênio 973586/2024.;Convênio SMS/FMS/CRPICS São Mateus 973586;Convênio SMS/FMS/CRPICS São Mateus 973586;1;Receita Corrente;7;1;7;50;0;1;3;A;S;N;S;S;02.1.631.1700;Transferências Federais;N;0;0,00;0,00;0,00;0,00;0,00;0,00;0,00;0,00;0,00;0,00;0,00;0,00;0,00;16/01/2026
1,71957010700000e+24;50673;2025;1;PREFEITURA DO MUNICÍPIO DE SÃO PAULO;Direta;93;Fundo Municipal de Assistência Social;FMAS;NA;NA;NA;NA;Rubrica de receita destinada ao registro do valor transferido pela União ao Município por meio de Transferência Especial.;Transferência Especial -FMAS-ABADS-Ass. Bras. Assist. e Desenv. Social;Transferência Especial -FMAS-ABADS-Ass. Bras. Assist. e Desenv. Social;1;Receita Corrente;7;1;9;57;0;1;7;A;S;N;S;S;02.1.706.1728;Transferências Federais;N;0;0,00;0,00;0,00;150000,00;0,00;0,00;0,00;0,00;0,00;0,00;0,00;0,00;150000,00;16/01/2026
1,71957010800000e+24;50676;2025;1;PREFEITURA DO MUNICÍPIO DE SÃO PAULO;Direta;93;Fundo Municipal de Assistência Social;FMAS;NA;NA;NA;NA;Rubrica de receita destinada ao registro do valor transferido pela União ao Município por meio de Transferência Especial.;Transferência Especial - FMAS-AMA- Associação de Amigos do Autista;Transferência Especial - FMAS-AMA- Associação de Amigos do Autista;1;Receita Corrente;7;1;9;57;0;1;8;A;S;N;N;S;02.1.706.1729;Transferências Federais;N;0;0,00;0,00;0,00;150000,00;0,00;0,00;0,00;0,00;0,00;0,00;0,00;0,00;150000,00;16/01/2026
1,71957010900000e+24;50679;2025;1;PREFEITURA DO MUNICÍPIO DE SÃO PAULO;Direta;93;Fundo Municipal de Assistência Social;FMAS;NA;NA;NA;NA;Rubrica de receita destinada ao registro do valor transferido pela União ao Município por meio de Transferência Especial.;Transferência Especial - FMAS-Associação Aliança de Misericórdia;Transferência Especial - FMAS-Associação Aliança de Misericórdia;1;Receita Corrente;7;1;9;57;0;1;9;A;S;N;N;S;02.1.706.1730;Transferências Federais;N;0;0,00;0,00;0,00;300000,00;0,00;0,00;0,00;0,00;0,00;0,00;0,00;0,00;300000,00;16/01/2026
1,21501410100000e+24;50681;2025;8;FUNDO PREVIDENCIÁRIO - FUNPREV;Indireta;3;Fundo Previdenciário - FUNPREV;FUNPREV;NA;NA;NA;NA;NA;Deduções - CPSSS Oriunda Sent Judiciais - Servidor Civil Ativo - PMSP - Principal;Deduções - CPSSS Oriunda Sent Judiciais - Servidor Civil Ativo - PMSP;1;Receita Corrente;2;1;5;1;4;1;1;A;S;N;N;S;20.1.800.9001;Recursos Vinculados à Previdência Social;S;0;0,00;0,00;0,00;-2677,83;0,00;0,00;0,00;0,00;0,00;0,00;0,00;0,00;-2677,83;16/01/2026
1,92206111900000e+24;50684;2025;1;PREFEITURA DO MUNICÍPIO DE SÃO PAULO;Direta;29;Secretaria Municipal de Urbanismo e Licenciamento;SMUL;NA;NA;NA;NA;NA;Restituição de Despesas de Exercícios Anteriores - OUC AGUA ESPRAIADA CEPAC GERAL;Restituição Despesas Exerc Anteriores - OUC AGUA ESPRAIADA CEPAC GERAL;1;Receita Corrente;9;2;2;6;1;1;19;A;S;N;N;S;08.1.799.0707;Tesouro Municipal - Recursos Vinculados;N;0;0,00;0,00;0,00;226298,70;0,00;0,00;0,00;0,00;0,00;0,00;0,00;0,00;226298,70;16/01/2026
1,92206112000000e+24;50687;2025;1;PREFEITURA DO MUNICÍPIO DE SÃO PAULO;Direta;29;Secretaria Municipal de Urbanismo e Licenciamento;SMUL;NA;NA;NA;NA;NA;Restituição de Despesas de Exercícios Anteriores -  SMUL/OUC FARIA LIMA - CEPAC - GERAL;Restituição Desp Exerc Ant - SMUL/OUC FARIA LIMA -CEPAC - GERAL;1;Receita Corrente;9;2;2;6;1;1;20;A;S;N;N;S;08.1.799.0708;Tesouro Municipal - Recursos Vinculados;N;0;0,00;0,00;0,00;7893,06;0,00;0,00;0,00;0,00;0,00;0,00;0,00;0,00;7893,06;16/01/2026
2,99999010215000e+24;50690;2025;1;PREFEITURA DO MUNICÍPIO DE SÃO PAULO;Direta;29;Secretaria Municipal de Urbanismo e Licenciamento;SMUL;NA;NA;NA;NA;NA;Desistência/Excesso de Desapropriações - SMDU/OUC AGUA ESPRAIADA CEPAC GERAL;Desist /Excesso Desapropriações - SMDU/OUC AGUA ESPRAIADA CEPAC GERAL;2;Receita de Capital;9;9;9;99;0;1;2;A;S;N;N;S;08.1.799.0707;Tesouro Municipal - Recursos Vinculados;N;0;0,00;0,00;0,00;302504,44;0,00;0,00;0,00;0,00;0,00;28597,68;0,00;0,00;331102,12;16/01/2026
2,42250011400000e+24;50696;2025;1;PREFEITURA DO MUNICÍPIO DE SÃO PAULO;Direta;84;Fundo Municipal de Saúde;FMS/SMS;NA;NA;NA;NA;NA;Convênio n.º 000151/2025 - SMS/ Ampliação da UBS Fazenda da Juta 11;Convênio n.º 000151/2025 - SMS/ Ampliação da UBS Fazenda da Juta 11;2;Receita de Capital;4;2;2;50;0;1;14;A;S;N;S;S;03.1.632.1469;Transferências Estaduais;N;0;0,00;0,00;0,00;244651,99;0,00;0,00;0,00;0,00;0,00;0,00;0,00;0,00;244651,99;16/01/2026
1,32105010104020e+24;50699;2025;1;PREFEITURA DO MUNICÍPIO DE SÃO PAULO;Direta;84;Fundo Municipal de Saúde;FMS/SMS;NA;NA;NA;NA;NA;Convênio n.º 000151/2025 - SMS/ Ampliação da UBS Fazenda da Juta 11;Convênio n.º 000151/2025 - SMS/ Ampliação da UBS Fazenda da Juta 11;1;Receita Corrente;3;2;1;5;0;1;1;A;S;N;S;N;03.1.632.1469;Transferências Estaduais;N;0;0,00;0,00;0,00;373,73;2511,07;0,00;0,00;0,00;0,00;0,00;0,00;0,00;2884,80;16/01/2026
2,11201011900000e+24;50702;2025;1;PREFEITURA DO MUNICÍPIO DE SÃO PAULO;Direta;20;Secretaria Municipal de Mobilidade Urbana e Transporte - SMT;SMT;NA;NA;NA;NA;NA;Operação de Crédito - SF/PMSP/ Ônibus Elétrico-BNDES-Opcred SF 04/23;Operação de Crédito - SF/PMSP/ Ônibus Elétrico-BNDES-Opcred SF 04/23;2;Receita de Capital;1;1;2;1;0;1;19;A;S;N;N;S;01.1.754.1499;Operações de Crédito;N;0;0,00;0,00;0,00;174132923,60;40388987,40;259031394,70;0,00;100760099,60;0,00;121979949,50;0,00;499058168,00;1195351523,00;16/01/2026
1,32105010103020e+24;50740;2025;1;PREFEITURA DO MUNICÍPIO DE SÃO PAULO;Direta;84;Fundo Municipal de Saúde;FMS/SMS;NA;NA;NA;NA;NA;SMS/INVEST/24004 - 21.712-3;SMS/INVEST/24004 - 21.712-3;1;Receita Corrente;3;2;1;5;0;1;1;A;S;N;S;N;02.1.601.1732;Transferências Federais;N;0;0,00;0,00;0,00;0,00;780,99;1050,20;1243,68;1144,33;1213,40;1281,59;1007,43;937,66;8659,28;16/01/2026
1,32105010103020e+24;50742;2025;1;PREFEITURA DO MUNICÍPIO DE SÃO PAULO;Direta;84;Fundo Municipal de Saúde;FMS/SMS;NA;NA;NA;NA;Rubrica de receita destinada ao registro dos rendimentos poriundos de aplicação financeira do recurso transferido pelo Fundo Nacional de Saúde ao Fundo Municipal de Saúde destinado à Estruturação da Rede de Serviços Públicos de Saúde.;SMS/INVEST/24005 - 21.713-1;SMS/INVEST/24005 - 21.713-1;1;Receita Corrente;3;2;1;5;0;1;1;A;S;N;S;N;02.1.601.1733;Transferências Federais;N;0;0,00;0,00;0,00;0,00;1362,45;1832,09;2169,62;1996,32;2116,79;2235,75;1867,97;2190,17;15771,16;16/01/2026
1,32105010103020e+24;50744;2025;1;PREFEITURA DO MUNICÍPIO DE SÃO PAULO;Direta;84;Fundo Municipal de Saúde;FMS/SMS;NA;NA;NA;NA;Rubrica de receita destinada ao registro dos rendimentos poriundos de aplicação financeira do recurso transferido pelo Fundo Nacional de Saúde ao Fundo Municipal de Saúde destinado à Estruturação da Rede de Serviços Públicos de Saúde.;SMS/INVEST/24007 - 21.714-X;SMS/INVEST/24007 - 21.714-X;1;Receita Corrente;3;2;1;5;0;1;1;A;S;N;S;N;02.1.601.1734;Transferências Federais;N;0;0,00;0,00;0,00;0,00;2006,02;2697,52;3194,49;2939,32;3116,70;3286,38;2742,97;3213,21;23196,61;16/01/2026
1,32105010103020e+24;50745;2025;1;PREFEITURA DO MUNICÍPIO DE SÃO PAULO;Direta;84;Fundo Municipal de Saúde;FMS/SMS;NA;NA;NA;NA;Rubrica de receita destinada ao registro dos rendimentos oriundos de aplicação financeira do recurso transferido pelo Fundo Nacional de Saúde ao Fundo Municipal de Saúde destinado à Estruturação da Rede de Serviços Públicos de Saúde.;SMS/INVEST/24012 - 21.717-4;SMS/INVEST/24012 - 21.717-4;1;Receita Corrente;3;2;1;5;0;1;1;A;S;N;N;N;02.1.601.1737;Transferências Federais;N;0;0,00;0,00;0,00;0,00;1610,40;2165,52;2564,47;2359,63;2502,04;2642,63;2207,92;2560,44;18613,05;16/01/2026
1,32105010103020e+24;50748;2025;1;PREFEITURA DO MUNICÍPIO DE SÃO PAULO;Direta;84;Fundo Municipal de Saúde;FMS/SMS;NA;NA;NA;NA;NA;SMS/INVEST/24024 - 21.724-7;SMS/INVEST/24024 - 21.724-7;1;Receita Corrente;3;2;1;5;0;1;1;A;S;N;S;N;02.1.601.1759;Transferências Federais;N;0;0,00;0,00;0,00;0,00;1549,51;2083,63;2467,51;2270,40;2407,43;2542,70;2124,44;2485,07;17930,69;16/01/2026
1,32105010103020e+24;50749;2025;1;PREFEITURA DO MUNICÍPIO DE SÃO PAULO;Direta;84;Fundo Municipal de Saúde;FMS/SMS;NA;NA;NA;NA;NA;SMS/INVEST/24063 - 21.733-6;SMS/INVEST/24063 - 21.733-6;1;Receita Corrente;3;2;1;5;0;1;1;A;S;N;S;N;02.1.601.1767;Transferências Federais;N;0;0,00;0,00;0,00;0,00;0,00;0,00;530,40;623,96;659,33;695,47;580,35;676,03;3765,54;16/01/2026
1,32105010103020e+24;50750;2025;1;PREFEITURA DO MUNICÍPIO DE SÃO PAULO;Direta;84;Fundo Municipal de Saúde;FMS/SMS;NA;NA;NA;NA;NA;SMS/INVEST/24051 - 21.731-X;SMS/INVEST/24051 - 21.731-X;1;Receita Corrente;3;2;1;5;0;1;1;A;S;N;S;N;02.1.601.1765;Transferências Federais;N;0;0,00;0,00;0,00;0,00;4417,58;5940,37;7034,76;6472,84;6863,48;7239,77;6039,36;6922,24;50930,40;16/01/2026
1,32105010103020e+24;50753;2025;1;PREFEITURA DO MUNICÍPIO DE SÃO PAULO;Direta;84;Fundo Municipal de Saúde;FMS/SMS;NA;NA;NA;NA;NA;SMS/INVEST/24011 - 21.716-6;SMS/INVEST/24011 - 21.716-6;1;Receita Corrente;3;2;1;5;0;1;1;A;S;N;S;N;02.1.601.1736;Transferências Federais;N;0;0,00;0,00;0,00;0,00;0,00;0,00;569,81;670,32;708,32;742,97;547,79;543,61;3782,82;16/01/2026
1,32105010103020e+24;50756;2025;1;PREFEITURA DO MUNICÍPIO DE SÃO PAULO;Direta;84;Fundo Municipal de Saúde;FMS/SMS;NA;NA;NA;NA;NA;SMS/INVEST/24008 - 21.715-8;SMS/INVEST/24008 - 21.715-8;1;Receita Corrente;3;2;1;5;0;1;1;A;S;N;S;N;02.1.601.1735;Transferências Federais;N;0;0,00;0,00;0,00;0,00;13,33;30,12;35,66;32,81;34,80;36,75;30,70;36,00;250,17;16/01/2026
1,32105010103020e+24;50759;2025;1;PREFEITURA DO MUNICÍPIO DE SÃO PAULO;Direta;84;Fundo Municipal de Saúde;FMS/SMS;NA;NA;NA;NA;NA;SMS/ENTID/36000631870 - 21.756-5;SMS/ENTID/36000631870 - 21.756-5;1;Receita Corrente;3;2;1;5;0;1;1;A;S;N;S;N;02.1.600.1744;Transferências Federais;N;0;0,00;0,00;0,00;0,00;0,00;0,00;0,00;0,00;0,00;53,20;6550,71;62,51;6666,42;16/01/2026
1,32105010103020e+24;50762;2025;1;PREFEITURA DO MUNICÍPIO DE SÃO PAULO;Direta;84;Fundo Municipal de Saúde;FMS/SMS;NA;NA;NA;NA;NA;SMS/ENTID/36000632299 - 21.757-3;SMS/ENTID/36000632299 - 21.757-3;1;Receita Corrente;3;2;1;5;0;1;1;A;S;N;S;N;02.1.600.1745;Transferências Federais;N;0;0,00;0,00;0,00;0,00;10183,08;22996,15;27232,73;25057,45;20165,59;1600,12;1336,65;1565,55;110137,32;16/01/2026
1,32105010103020e+24;50765;2025;1;PREFEITURA DO MUNICÍPIO DE SÃO PAULO;Direta;84;Fundo Municipal de Saúde;FMS/SMS;NA;NA;NA;NA;NA;SMS/ENTID/36000632383 - 21.764-6;SMS/ENTID/36000632383 - 21.764-6;1;Receita Corrente;3;2;1;5;0;1;1;A;S;N;S;N;02.1.600.1746;Transferências Federais;N;0;0,00;0,00;0,00;0,00;861,15;2188,92;2592,19;2385,14;846,41;112,33;93,86;110,04;9190,04;16/01/2026
1,32105010103020e+24;50768;2025;1;PREFEITURA DO MUNICÍPIO DE SÃO PAULO;Direta;84;Fundo Municipal de Saúde;FMS/SMS;NA;NA;NA;NA;NA;SMS/ENTID/36000632696 - 21.778-6;SMS/ENTID/36000632696 - 21.778-6;1;Receita Corrente;3;2;1;5;0;1;1;A;S;N;S;N;02.1.600.1747;Transferências Federais;N;0;0,00;0,00;0,00;0,00;369,73;1074,92;1272,96;1171,28;634,07;57,26;47,84;56,10;4684,16;16/01/2026
1,32105010103020e+24;50771;2025;1;PREFEITURA DO MUNICÍPIO DE SÃO PAULO;Direta;84;Fundo Municipal de Saúde;FMS/SMS;NA;NA;NA;NA;NA;SMS/ENTID/36000603759 - 21.741-7;SMS/ENTID/36000603759 - 21.741-7;1;Receita Corrente;3;2;1;5;0;1;1;A;S;N;S;N;02.1.600.1738;Transferências Federais;N;0;0,00;0,00;0,00;0,00;2152,87;5472,31;6480,48;3728,07;236,47;249,75;208,67;244,64;18773,26;16/01/2026
1,32105010103020e+24;50774;2025;1;PREFEITURA DO MUNICÍPIO DE SÃO PAULO;Direta;84;Fundo Municipal de Saúde;FMS/SMS;NA;NA;NA;NA;NA;SMS/ENTID/36000632728- 21.781-6;SMS/ENTID/36000632728- 21.781-6;1;Receita Corrente;3;2;1;5;0;1;1;A;S;N;S;N;02.1.600.1750;Transferências Federais;N;0;0,00;0,00;0,00;0,00;6575,18;16713,29;19792,38;18211,41;19310,46;20395,60;17040,55;19979,89;138018,76;16/01/2026
1,32105010103020e+24;50777;2025;1;PREFEITURA DO MUNICÍPIO DE SÃO PAULO;Direta;84;Fundo Municipal de Saúde;FMS/SMS;NA;NA;NA;NA;NA;SMS/ENTID/36000588309 - 21.735-2;SMS/ENTID/36000588309 - 21.735-2;1;Receita Corrente;3;2;1;5;0;1;1;A;S;N;S;N;02.1.600.1769;Transferências Federais;N;0;0,00;0,00;0,00;0,00;2499,28;7247,63;8538,92;7867,55;8313,51;8769,13;7317,66;8524,10;59077,78;16/01/2026
1,32105010103020e+24;50780;2025;1;PREFEITURA DO MUNICÍPIO DE SÃO PAULO;Direta;84;Fundo Municipal de Saúde;FMS/SMS;NA;NA;NA;NA;NA;SMS/ENTID/36000632720 - 21.779-4;SMS/ENTID/36000632720 - 21.779-4;1;Receita Corrente;3;2;1;5;0;1;1;A;S;N;S;N;02.1.600.1748;Transferências Federais;N;0;0,00;0,00;0,00;0,00;861,15;2188,92;2592,19;2385,14;2529,07;2671,20;2231,78;2616,75;18076,20;16/01/2026
1,32105010103020e+24;50783;2025;1;PREFEITURA DO MUNICÍPIO DE SÃO PAULO;Direta;84;Fundo Municipal de Saúde;FMS/SMS;NA;NA;NA;NA;NA;SMS/ENTID/36000606558 - 21.742-5;SMS/ENTID/36000606558 - 21.742-5;1;Receita Corrente;3;2;1;5;0;1;1;A;S;N;S;N;02.1.600.1739;Transferências Federais;N;0;0,00;0,00;0,00;0,00;4305,73;10944,63;12960,96;11925,66;12645,37;13355,98;11158,93;13083,75;90381,01;16/01/2026
1,32105010103020e+24;50786;2025;1;PREFEITURA DO MUNICÍPIO DE SÃO PAULO;Direta;84;Fundo Municipal de Saúde;FMS/SMS;NA;NA;NA;NA;NA;SMS/INVEST/24014 - 21.718-2;SMS/INVEST/24014 - 21.718-2;1;Receita Corrente;3;2;1;5;0;1;1;A;S;N;S;N;02.1.601.1753;Transferências Federais;N;0;0,00;0,00;0,00;0,00;0,00;0,00;523,92;616,35;651,29;686,97;573,27;667,79;3719,59;16/01/2026
1,32105010103020e+24;50789;2025;1;PREFEITURA DO MUNICÍPIO DE SÃO PAULO;Direta;84;Fundo Municipal de Saúde;FMS/SMS;NA;NA;NA;NA;NA;SMS/INVEST/24015 - 21.719-0;SMS/INVEST/24015 - 21.719-0;1;Receita Corrente;3;2;1;5;0;1;1;A;S;N;N;N;02.1.601.1754;Transferências Federais;N;0;0,00;0,00;0,00;0,00;0,00;406,54;503,66;464,06;490,37;517,24;431,62;339,92;3153,41;16/01/2026
1,32105010103020e+24;50793;2025;1;PREFEITURA DO MUNICÍPIO DE SÃO PAULO;Direta;84;Fundo Municipal de Saúde;FMS/SMS;NA;NA;NA;NA;NA;SMS/INVEST/24018 - 21.721-2;SMS/INVEST/24018 - 21.721-2;1;Receita Corrente;3;2;1;5;0;1;1;A;S;N;S;N;02.1.601.1756;Transferências Federais;N;0;0,00;0,00;0,00;0,00;259,28;659,05;780,47;718,13;761,46;804,26;671,96;779,39;5434,00;16/01/2026
1,32105010103020e+24;50796;2025;1;PREFEITURA DO MUNICÍPIO DE SÃO PAULO;Direta;84;Fundo Municipal de Saúde;FMS/SMS;NA;NA;NA;NA;NA;SMS/ENTID/36000588289 - 21.734-4;SMS/ENTID/36000588289 - 21.734-4;1;Receita Corrente;3;2;1;5;0;1;1;A;S;N;S;N;02.1.600.1768;Transferências Federais;N;0;0,00;0,00;0,00;0,00;4736,30;12039,09;14257,06;13118,23;13909,91;14691,57;12274,83;14392,12;99419,11;16/01/2026
1,32105010103020e+24;50799;2025;1;PREFEITURA DO MUNICÍPIO DE SÃO PAULO;Direta;84;Fundo Municipal de Saúde;FMS/SMS;NA;NA;NA;NA;NA;SMS/ENTID/36000603518 - 21.740-9;SMS/ENTID/36000603518 - 21.740-9;1;Receita Corrente;3;2;1;5;0;1;1;A;S;N;S;N;02.1.600.1772;Transferências Federais;N;0;0,00;0,00;0,00;0,00;4305,73;10944,63;12960,96;11925,66;12645,37;13355,98;11158,93;13083,75;90381,01;16/01/2026
1,32105010103020e+24;50802;2025;1;PREFEITURA DO MUNICÍPIO DE SÃO PAULO;Direta;84;Fundo Municipal de Saúde;FMS/SMS;NA;NA;NA;NA;NA;SMS/ENTID/36000625740 - 21.745-x;SMS/ENTID/36000625740 - 21.745-x;1;Receita Corrente;3;2;1;5;0;1;1;A;S;N;S;N;02.1.600.1741;Transferências Federais;N;0;0,00;0,00;0,00;0,00;43641,75;98554,94;116711,72;107389,06;113869,93;120268,80;100484,76;117817,39;818738,35;16/01/2026
1,32105010103020e+24;50805;2025;1;PREFEITURA DO MUNICÍPIO DE SÃO PAULO;Direta;84;Fundo Municipal de Saúde;FMS/SMS;NA;NA;NA;NA;NA;SMS/ENTID/36000626057 - 21.749-2;SMS/ENTID/36000626057 - 21.749-2;1;Receita Corrente;3;2;1;5;0;1;1;A;S;N;S;N;02.1.600.1742;Transferências Federais;N;0;0,00;0,00;0,00;0,00;7273,63;16425,82;19451,95;17898,18;17144,34;990,21;827,32;969,98;80981,43;16/01/2026
1,32105010103020e+24;50808;2025;1;PREFEITURA DO MUNICÍPIO DE SÃO PAULO;Direta;84;Fundo Municipal de Saúde;FMS/SMS;NA;NA;NA;NA;NA;SMS/ENTID/36000631176 - 21.755-7;SMS/ENTID/36000631176 - 21.755-7;1;Receita Corrente;3;2;1;5;0;1;1;A;S;N;S;N;02.1.600.1743;Transferências Federais;N;0;0,00;0,00;0,00;0,00;0,00;0,00;0,00;0,00;0,00;42,56;5240,56;50,01;5333,13;16/01/2026
1,32105010103020e+24;50811;2025;1;PREFEITURA DO MUNICÍPIO DE SÃO PAULO;Direta;84;Fundo Municipal de Saúde;FMS/SMS;NA;NA;NA;NA;NA;SMS/ITMAC/GAB - 21.743-3;SMS/ITMAC/GAB - 21.743-3;1;Receita Corrente;3;2;1;5;0;1;1;A;S;N;S;N;02.1.600.1740;Transferências Federais;N;0;0,00;0,00;0,00;0,00;1454,73;3285,16;3890,39;3544,09;182,55;192,75;161,01;154,49;12865,17;16/01/2026
1,32105010103020e+24;50815;2025;1;PREFEITURA DO MUNICÍPIO DE SÃO PAULO;Direta;84;Fundo Municipal de Saúde;FMS/SMS;NA;NA;NA;NA;NA;SMS/ENTID/36000632723 - 21.780-8;SMS/ENTID/36000632723 - 21.780-8;1;Receita Corrente;3;2;1;5;0;1;1;A;S;N;S;N;02.1.600.1749;Transferências Federais;N;0;0,00;0,00;0,00;0,00;251,66;852,30;1004,16;925,20;330,84;33,35;27,84;32,42;3457,77;16/01/2026
1,32105010103020e+24;50818;2025;1;PREFEITURA DO MUNICÍPIO DE SÃO PAULO;Direta;84;Fundo Municipal de Saúde;FMS/SMS;NA;NA;NA;NA;NA;SMS/ENTID/3600063273 - 21.782-4;SMS/ENTID/3600063273 - 21.782-4;1;Receita Corrente;3;2;1;5;0;1;1;A;S;N;S;N;02.1.600.1751;Transferências Federais;N;0;0,00;0,00;0,00;0,00;2264,96;7670,72;9037,39;8326,82;2977,55;300,18;250,51;291,80;31119,93;16/01/2026
1,32105010103020e+24;50821;2025;1;PREFEITURA DO MUNICÍPIO DE SÃO PAULO;Direta;84;Fundo Municipal de Saúde;FMS/SMS;NA;NA;NA;NA;NA;SMS/INVEST/24016 - 21.720-4;SMS/INVEST/24016 - 21.720-4;1;Receita Corrente;3;2;1;5;0;1;1;A;S;N;S;N;02.1.601.1755;Transferências Federais;N;0;0,00;0,00;0,00;0,00;0,00;0,00;2084,76;2452,53;2591,54;2733,57;2259,49;2626,50;14748,39;16/01/2026
1,32105010103020e+24;50824;2025;1;PREFEITURA DO MUNICÍPIO DE SÃO PAULO;Direta;84;Fundo Municipal de Saúde;FMS/SMS;NA;NA;NA;NA;NA;SMS/INVEST/24020 - 21.723-9;SMS/INVEST/24020 - 21.723-9;1;Receita Corrente;3;2;1;5;0;1;1;A;S;N;S;N;02.1.601.1758;Transferências Federais;N;0;0,00;0,00;0,00;0,00;0,00;728,23;902,20;831,27;878,39;926,53;772,06;874,02;5912,70;16/01/2026
1,71350112500000e+24;50827;2025;1;PREFEITURA DO MUNICÍPIO DE SÃO PAULO;Direta;84;Fundo Municipal de Saúde;FMS/SMS;NA;NA;NA;NA;NA;SMS/ITPAP/GAB - 21.933-9;SMS/ITPAP/GAB - 21.933-9;1;Receita Corrente;7;1;3;50;1;1;25;A;S;N;S;S;02.1.600.1725;Transferências Federais;N;0;0,00;0,00;0,00;0,00;699999,00;0,00;0,00;0,00;0,00;0,00;0,00;0,00;699999,00;16/01/2026
1,71350112600000e+24;50830;2025;1;PREFEITURA DO MUNICÍPIO DE SÃO PAULO;Direta;84;Fundo Municipal de Saúde;FMS/SMS;NA;NA;NA;NA;NA;SMS/ITPAP/GAB - 21.932-0;SMS/ITPAP/GAB - 21.932-0;1;Receita Corrente;7;1;3;50;1;1;26;A;S;N;S;S;02.1.600.1724;Transferências Federais;N;0;0,00;0,00;0,00;0,00;1500000,00;0,00;0,00;0,00;0,00;0,00;0,00;0,00;1500000,00;16/01/2026
2,41151110701006e+24;50833;2025;1;PREFEITURA DO MUNICÍPIO DE SÃO PAULO;Direta;84;Fundo Municipal de Saúde;FMS/SMS;NA;NA;NA;NA;NA;PMSP/SMS/INVEST/24076 - 21.931-2;PMSP/SMS/INVEST/24076 - 21.931-2;2;Receita de Capital;4;1;1;51;1;1;7;A;S;N;S;S;02.1.601.1723;Transferências Federais;N;0;0,00;0,00;0,00;0,00;29472,00;0,00;0,00;0,00;0,00;0,00;0,00;0,00;29472,00;16/01/2026
2,41151210700000e+24;50836;2025;1;PREFEITURA DO MUNICÍPIO DE SÃO PAULO;Direta;84;Fundo Municipal de Saúde;FMS/SMS;NA;NA;NA;NA;NA;SMS/INVEST/24072 - 21.934-7;SMS/INVEST/24072 - 21.934-7;2;Receita de Capital;4;1;1;51;2;1;7;A;S;N;S;S;02.1.601.1726;Transferências Federais;N;0;0,00;0,00;0,00;0,00;500000,00;0,00;0,00;0,00;0,00;0,00;0,00;0,00;500000,00;16/01/2026
2,41151210800000e+24;50839;2025;1;PREFEITURA DO MUNICÍPIO DE SÃO PAULO;Direta;84;Fundo Municipal de Saúde;FMS/SMS;NA;NA;NA;NA;NA;SMS/INVEST/24073 - 21.935-5;SMS/INVEST/24073 - 21.935-5;2;Receita de Capital;4;1;1;51;2;1;8;A;S;N;S;S;02.1.601.1727;Transferências Federais;N;0;0,00;0,00;0,00;0,00;198468,00;0,00;0,00;0,00;0,00;0,00;0,00;0,00;198468,00;16/01/2026
2,41151110701007e+24;50842;2025;1;PREFEITURA DO MUNICÍPIO DE SÃO PAULO;Direta;84;Fundo Municipal de Saúde;FMS/SMS;NA;NA;NA;NA;NA;SMS/INVEST/24075 - 21.925-8;SMS/INVEST/24075 - 21.925-8;2;Receita de Capital;4;1;1;51;1;1;7;A;S;N;S;S;02.1.601.1717;Transferências Federais;N;0;0,00;0,00;0,00;0,00;114113,00;0,00;0,00;0,00;0,00;0,00;0,00;0,00;114113,00;16/01/2026
2,41151110701008e+24;50845;2025;1;PREFEITURA DO MUNICÍPIO DE SÃO PAULO;Direta;84;Fundo Municipal de Saúde;FMS/SMS;NA;NA;NA;NA;NA;SMS/INVEST/24070 - 21.926-6;SMS/INVEST/24070 - 21.926-6;2;Receita de Capital;4;1;1;51;1;1;7;A;S;N;S;S;02.1.601.1718;Transferências Federais;N;0;0,00;0,00;0,00;0,00;187110,00;0,00;0,00;0,00;0,00;0,00;0,00;0,00;187110,00;16/01/2026
2,41151110701009e+24;50848;2025;1;PREFEITURA DO MUNICÍPIO DE SÃO PAULO;Direta;84;Fundo Municipal de Saúde;FMS/SMS;NA;NA;NA;NA;NA;SMS/INVEST/24081 - 21.930-4;SMS/INVEST/24081 - 21.930-4;2;Receita de Capital;4;1;1;51;1;1;7;A;S;N;S;S;02.1.601.1722;Transferências Federais;N;0;0,00;0,00;0,00;0,00;246933,00;0,00;0,00;0,00;0,00;0,00;0,00;0,00;246933,00;16/01/2026
1,32105010103020e+24;50851;2025;1;PREFEITURA DO MUNICÍPIO DE SÃO PAULO;Direta;84;Fundo Municipal de Saúde;FMS/SMS;NA;NA;NA;NA;NA;SMS/INVEST/24019 - 21.722-0;SMS/INVEST/24019 - 21.722-0;1;Receita Corrente;3;2;1;5;0;1;1;A;S;N;S;N;02.1.601.1757;Transferências Federais;N;0;0,00;0,00;0,00;0,00;594,58;1093,17;1294,56;1191,15;1263,04;1334,02;1114,57;1296,21;9181,30;16/01/2026
1,32105010103020e+24;50854;2025;1;PREFEITURA DO MUNICÍPIO DE SÃO PAULO;Direta;84;Fundo Municipal de Saúde;FMS/SMS;NA;NA;NA;NA;NA;SMS/ENTID/36000588472 - 21.736-0;SMS/ENTID/36000588472 - 21.736-0;1;Receita Corrente;3;2;1;5;0;1;1;A;S;N;S;N;02.1.600.1770;Transferências Federais;N;0;0,00;0,00;0,00;0,00;0,00;2020,36;2503,04;2306,24;2436,96;2570,53;2145,05;2498,69;16480,87;16/01/2026
1,32105010103020e+24;50857;2025;1;PREFEITURA DO MUNICÍPIO DE SÃO PAULO;Direta;84;Fundo Municipal de Saúde;FMS/SMS;NA;NA;NA;NA;NA;SMS/ENTID/36000590152 - 21.737-9;SMS/ENTID/36000590152 - 21.737-9;1;Receita Corrente;3;2;1;5;0;1;1;A;S;N;S;N;02.1.600.1771;Transferências Federais;N;0;0,00;0,00;0,00;0,00;752,49;2187,74;2590,79;2383,84;2527,71;2669,75;2230,58;2615,33;17958,23;16/01/2026
1,32105010103020e+24;50860;2025;1;PREFEITURA DO MUNICÍPIO DE SÃO PAULO;Direta;84;Fundo Municipal de Saúde;FMS/SMS;NA;NA;NA;NA;NA;SMS/INVEST/24025 - 21.725-5;SMS/INVEST/24025 - 21.725-5;1;Receita Corrente;3;2;1;5;0;1;1;A;S;N;S;N;02.1.601.1760;Transferências Federais;N;0;0,00;0,00;0,00;0,00;0,00;0,00;537,91;632,80;668,68;705,31;588,58;685,61;3818,89;16/01/2026
1,32105010103020e+24;50863;2025;1;PREFEITURA DO MUNICÍPIO DE SÃO PAULO;Direta;84;Fundo Municipal de Saúde;FMS/SMS;NA;NA;NA;NA;NA;SMS/INVEST/24028 - 21.726-3;SMS/INVEST/24028 - 21.726-3;1;Receita Corrente;3;2;1;5;0;1;1;A;S;N;S;N;02.1.601.1761;Transferências Federais;N;0;0,00;0,00;0,00;0,00;0,00;0,00;948,81;1116,18;1179,45;1244,10;1038,16;1209,33;6736,03;16/01/2026
1,32105010103020e+24;50866;2025;1;PREFEITURA DO MUNICÍPIO DE SÃO PAULO;Direta;84;Fundo Municipal de Saúde;FMS/SMS;NA;NA;NA;NA;NA;SMS/INVEST/24035 - 21.727-1;SMS/INVEST/24035 - 21.727-1;1;Receita Corrente;3;2;1;5;0;1;1;A;S;N;S;N;02.1.601.1762;Transferências Federais;N;0;0,00;0,00;0,00;0,00;0,00;341,37;422,92;389,67;411,76;434,33;362,43;419,18;2781,66;16/01/2026
1,32105010103020e+24;50869;2025;1;PREFEITURA DO MUNICÍPIO DE SÃO PAULO;Direta;84;Fundo Municipal de Saúde;FMS/SMS;NA;NA;NA;NA;NA;SMS/INVEST/24037 - 21.728-X;SMS/INVEST/24037 - 21.728-X;1;Receita Corrente;3;2;1;5;0;1;1;A;S;N;S;N;02.1.601.1763;Transferências Federais;N;0;0,00;0,00;0,00;0,00;0,00;1546,74;1916,27;1765,60;1865,68;1967,93;1642,20;1912,94;12617,36;16/01/2026
1,32105010103020e+24;50872;2025;1;PREFEITURA DO MUNICÍPIO DE SÃO PAULO;Direta;84;Fundo Municipal de Saúde;FMS/SMS;NA;NA;NA;NA;NA;SMS/INVEST/24039 - 21.729-8;SMS/INVEST/24039 - 21.729-8;1;Receita Corrente;3;2;1;5;0;1;1;A;S;N;S;N;02.1.601.1764;Transferências Federais;N;0;0,00;0,00;0,00;0,00;0,00;0,00;692,46;814,60;860,78;907,96;757,67;882,59;4916,06;16/01/2026
1,32105010103020e+24;50875;2025;1;PREFEITURA DO MUNICÍPIO DE SÃO PAULO;Direta;84;Fundo Municipal de Saúde;FMS/SMS;NA;NA;NA;NA;NA;SMS/INVEST/24057 - 21.732-8;SMS/INVEST/24057 - 21.732-8;1;Receita Corrente;3;2;1;5;0;1;1;A;S;N;S;N;02.1.601.1766;Transferências Federais;N;0;0,00;0,00;0,00;0,00;351,37;893,15;1057,69;973,21;1031,94;1089,92;910,64;1001,06;7308,98;16/01/2026
2,41951016301001e+24;50883;2025;1;PREFEITURA DO MUNICÍPIO DE SÃO PAULO;Direta;16;Secretaria Municipal de Educação;SME;NA;NA;NA;Emenda Parlamentar: 202215810018-JEFFERSON CAMPOS;Rubrica de receita destinada ao registro do valor transferido pela União ao Município por meio de Transferência Especial (SEI 125003975).;Transferência Especial - SME/Aquisição de Equipamentos/Mobiliário para Unidades Educação Infantil;Transf Especial - SME/Aquisição Equip/Mobiliário p/ Unid Educ Infantil;2;Receita de Capital;4;1;9;51;0;1;63;A;S;S;N;S;02.1.706.1773;Transferências Federais;N;0;0,00;0,00;0,00;0,00;250000,00;0,00;0,00;0,00;0,00;0,00;0,00;0,00;250000,00;16/01/2026
1,32101010104004e+24;50886;2025;1;PREFEITURA DO MUNICÍPIO DE SÃO PAULO;Direta;84;Fundo Municipal de Saúde;FMS/SMS;NA;NA;NA;NA;Rubrica de receita destinada ao registro dos rendimentos oriundos de aplicação financeira do valor transferido pelo Governo do Estado ao Município em decorrência do Convênio n.º 000151/2025 em caderneta de poupança.;Convênio n.º 000151/2025 - SMS/ Ampliação da UBS Fazenda da Juta 11;Convênio n.º 000151/2025 - SMS/ Ampliação da UBS Fazenda da Juta 11;1;Receita Corrente;3;2;1;1;0;1;1;A;S;N;S;N;03.1.632.1469;Transferências Estaduais;N;0;0,00;0,00;0,00;0,00;0,00;1660,36;1686,27;1688,60;1705,04;1720,64;1700,38;1739,64;11900,93;16/01/2026
1,32105010103020e+24;50889;2025;1;PREFEITURA DO MUNICÍPIO DE SÃO PAULO;Direta;84;Fundo Municipal de Saúde;FMS/SMS;NA;NA;NA;Emenda Parlamentar 15270003;Rubrica de receita destinada ao registro dos rendimentos oriundos de aplicação financeira do recurso transferido pelo Fundo Nacional de Saúde ao Fundo Municipal de Saúde destinado à Estruturação da Rede de Serviços Públicos de Saúde.;SMS/INVEST/24044 - 21.730-1;SMS/INVEST/24044 - 21.730-1;1;Receita Corrente;3;2;1;5;0;1;1;A;S;N;S;N;02.1.601.1776;Transferências Federais;N;0;0,00;0,00;0,00;0,00;0,00;0,00;844,72;993,74;1050,07;1107,61;924,28;1076,67;5997,09;16/01/2026
1,72450010109000e+24;50892;2025;1;PREFEITURA DO MUNICÍPIO DE SÃO PAULO;Direta;84;Fundo Municipal de Saúde;FMS/SMS;NA;NA;NA;emenda impositiva n.º 2022.058.36454 - Parlamentar: Luiz Fernando T Ferreira;Rubrica de receita destinada ao registro do valor transferido pelo Governo do Estado ao Município por meio do Convênio n.º 000483/2025 (SEI 123885681).;SMS/Convenio 000483 - City Jaraguá;SMS/Convenio 000483 - City Jaraguá;1;Receita Corrente;7;2;4;50;0;1;1;A;S;N;S;S;03.1.632.1373;Transferências Estaduais;N;0;0,00;0,00;0,00;0,00;0,00;0,00;0,00;0,00;120000,00;0,00;0,00;0,00;120000,00;16/01/2026
2,41151110701010e+24;50895;2025;1;PREFEITURA DO MUNICÍPIO DE SÃO PAULO;Direta;84;Fundo Municipal de Saúde;FMS/SMS;NA;NA;NA;"Emenda Parlamentar.44020009
Parlamentar Juliana Cardoso";Rubrica de receita destinada ao registro dos rendimentos oriundos de aplicação financeira do recurso transferido pelo Fundo Nacional de Saúde ao Fundo Municipal de Saúde destinado à Estruturação da Rede de Serviços Públicos de Saúde.;PMSP/SMS/INVEST/24074 - 21.929-0;PMSP/SMS/INVEST/24074 - 21.929-0;2;Receita de Capital;4;1;1;51;1;1;7;A;S;N;S;S;02.1.601.1721;Transferências Federais;N;0;0,00;0,00;0,00;0,00;0,00;128844,00;0,00;0,00;0,00;0,00;0,00;0,00;128844,00;16/01/2026
2,41151210900000e+24;50898;2025;1;PREFEITURA DO MUNICÍPIO DE SÃO PAULO;Direta;84;Fundo Municipal de Saúde;FMS/SMS;NA;NA;NA;Emenda 41320003 - Parlamentar Tabata Amaral;Rubrica de receita destinada ao registro dos rendimentos oriundos de aplicação financeira do recurso transferido pelo Fundo Nacional de Saúde ao Fundo Municipal de Saúde destinado à Estruturação da Rede de Serviços Públicos de Saúde.;PMSP/SMS/INVEST/24069 - 21.898-7;PMSP/SMS/INVEST/24069 - 21.898-7;2;Receita de Capital;4;1;1;51;2;1;9;A;S;N;S;S;02.1.601.1715;Transferências Federais;N;0;0,00;0,00;0,00;85644,00;0,00;0,00;0,00;0,00;0,00;0,00;0,00;0,00;85644,00;16/01/2026
1,32101010104001e+24;50901;2025;1;PREFEITURA DO MUNICÍPIO DE SÃO PAULO;Direta;84;Fundo Municipal de Saúde;FMS/SMS;NA;NA;NA;NA;NA;PMSP-SMS/CONVÊNIO SES/SP 031842- UBS CITY JARAGUÁ/POUPANÇA;PMSP-SMS/CONVÊNIO SES/SP 031842- UBS CITY JARAGUÁ/POUPANÇA;1;Receita Corrente;3;2;1;1;0;1;1;A;S;N;S;N;03.1.632.1373;Transferências Estaduais;N;0;0,00;0,00;0,00;0,00;0,00;811,17;812,64;818,61;828,79;829,69;837,52;840,91;5779,33;16/01/2026
1,21503010300000e+24;50921;2025;9;FUNDO FINANCEIRO - FUNFIN;Indireta;3;Fundo Financeiro - FUNFIN;FUNFIN;NA;NA;NA;NA;NA;CPSSS Parcelamentos - do Servidor Civil Ativo - Execução - FUNFIN;CPSSS Parcelamentos - do Servidor Civil Ativo - Execução - FUNFIN;1;Receita Corrente;2;1;5;3;0;1;3;A;S;N;N;S;20.1.801.9001;Recursos Vinculados à Previdência Social;N;0;0,00;0,00;0,00;0,00;0,00;0,00;0,00;0,00;0,00;0,00;0,00;0,00;0,00;16/01/2026
1,21503010400000e+24;50922;2025;9;FUNDO FINANCEIRO - FUNFIN;Indireta;3;Fundo Financeiro - FUNFIN;FUNFIN;NA;NA;NA;NA;NA;CPSSS Parcelamentos - do Servidor Civil Ativo - Inscritos - FUNFIN;CPSSS Parcelamentos - do Servidor Civil Ativo - Inscritos - FUNFIN;1;Receita Corrente;2;1;5;3;0;1;4;A;S;N;N;S;20.1.801.9001;Recursos Vinculados à Previdência Social;N;0;0,00;0,00;0,00;0,00;0,00;1193,92;596,96;298,48;298,48;298,48;298,48;11064,31;14049,11;16/01/2026
2,41151110701011e+24;50925;2025;1;PREFEITURA DO MUNICÍPIO DE SÃO PAULO;Direta;84;Fundo Municipal de Saúde;FMS/SMS;NA;NA;NA;Emenda 37370014;Rubrica de receita destinada ao registro dos rendimentos oriundos de aplicação financeira do recurso transferido pelo Fundo Nacional de Saúde ao Fundo Municipal de Saúde destinado à Estruturação da Rede de Serviços Públicos de Saúde.;PMSP/SMS/INVEST/24080 - 21.928-2;PMSP/SMS/INVEST/24080 - 21.928-2;2;Receita de Capital;4;1;1;51;1;1;7;A;S;N;S;S;02.1.601.1720;Transferências Federais;N;0;0,00;0,00;0,00;0,00;0,00;109595,00;-109595,00;0,00;0,00;0,00;0,00;0,00;0,00;16/01/2026
2,41151110701012e+24;50928;2025;1;PREFEITURA DO MUNICÍPIO DE SÃO PAULO;Direta;84;Fundo Municipal de Saúde;FMS/SMS;NA;NA;NA;Emenda 41320004 - Parlamentar Tábata Amaral;Rubrica de receita destinada ao registro dos rendimentos oriundos de aplicação financeira do recurso transferido pelo Fundo Nacional de Saúde ao Fundo Municipal de Saúde destinado à Estruturação da Rede de Serviços Públicos de Saúde.;SMS/INVEST/24083 - 21.927-4;SMS/INVEST/24083 - 21.927-4;2;Receita de Capital;4;1;1;51;1;1;7;A;S;N;S;S;02.1.601.1719;Transferências Federais;N;0;0,00;0,00;0,00;0,00;0,00;249468,00;0,00;0,00;0,00;0,00;0,00;0,00;249468,00;16/01/2026
2,41151211100000e+24;50931;2025;1;PREFEITURA DO MUNICÍPIO DE SÃO PAULO;Direta;84;Fundo Municipal de Saúde;FMS/SMS;NA;NA;NA;Emenda 4119001;Rubrica de receita destinada ao registro dos rendimentos oriundos de aplicação financeira do recurso transferido pelo Fundo Nacional de Saúde ao Fundo Municipal de Saúde destinado à Estruturação da Rede de Serviços Públicos de Saúde.;PMSP/SMS/INVEST/24084 - 21.896-0;PMSP/SMS/INVEST/24084 - 21.896-0;2;Receita de Capital;4;1;1;51;2;1;11;A;S;N;S;S;02.1.601.1713;Transferências Federais;N;0;0,00;0,00;0,00;0,00;199686,00;0,00;0,00;0,00;0,00;0,00;0,00;0,00;199686,00;16/01/2026
2,41151211200000e+24;50934;2025;1;PREFEITURA DO MUNICÍPIO DE SÃO PAULO;Direta;84;Fundo Municipal de Saúde;FMS/SMS;NA;NA;NA;Emenda 44510018;Rubrica de receita destinada ao registro dos rendimentos oriundos de aplicação financeira do recurso transferido pelo Fundo Nacional de Saúde ao Fundo Municipal de Saúde destinado à Estruturação da Rede de Serviços Públicos de Saúde.;PMSP/SMS/INVEST/24085 - 21.895-2;PMSP/SMS/INVEST/24085 - 21.895-2;2;Receita de Capital;4;1;1;51;2;1;12;A;S;N;S;S;02.1.601.1712;Transferências Federais;N;0;0,00;0,00;0,00;0,00;0,00;21266,00;0,00;0,00;0,00;0,00;0,00;0,00;21266,00;16/01/2026
1,92201111300000e+24;50938;2025;1;PREFEITURA DO MUNICÍPIO DE SÃO PAULO;Direta;93;Fundo Municipal de Assistência Social;FMAS;NA;NA;NA;NA;NA;Devolução de Saldo Remanescente PROJETO SMADS-UNESCO 914BRZ3019/2025;Devolução de Saldo Remanescente PROJETO SMADS-UNESCO 914BRZ3019/2025;1;Receita Corrente;9;2;2;1;1;1;13;A;S;N;N;S;08.1.665.1699;Tesouro Municipal - Recursos Vinculados;N;0;0,00;0,00;0,00;0,00;586328,05;0,00;0,00;0,00;0,00;0,00;0,00;0,00;586328,05;16/01/2026
1,99999217800000e+24;50941;2025;1;PREFEITURA DO MUNICÍPIO DE SÃO PAULO;Direta;87;Fundo Municipal de Desenvolvimento de Trânsito;FMDT;NA;NA;NA;NA;NA;Leilões/FMDT;Leilões/FMDT;1;Receita Corrente;9;9;9;99;2;1;78;A;S;N;N;S;08.1.752.0626;Tesouro Municipal - Recursos Vinculados;N;0;0,00;0,00;0,00;0,00;97185,00;0,00;0,00;0,00;0,00;0,00;0,00;0,00;97185,00;16/01/2026
1,32105010109020e+24;50953;2025;1;PREFEITURA DO MUNICÍPIO DE SÃO PAULO;Direta;84;Fundo Municipal de Saúde;FMS/SMS;NA;NA;NA;NA;NA;PMSP-SMS/FMS/TRT- CEREST;PMSP-SMS/FMS/TRT- CEREST;1;Receita Corrente;3;2;1;5;0;1;1;A;S;N;S;N;08.1.759.1786;Tesouro Municipal - Recursos Vinculados;N;0;0,00;0,00;0,00;0,00;0,00;0,00;0,00;0,00;0,00;30,00;30,30;35,54;95,84;16/01/2026
1,91108010900000e+24;50956;2025;1;PREFEITURA DO MUNICÍPIO DE SÃO PAULO;Direta;84;Fundo Municipal de Saúde;FMS/SMS;NA;NA;NA;NA;NA;Multas Decorrentes de Sentenças Judiciais - PMSP-SMS/FMS/TRT- CEREST;Multas Decorrentes de Sentenças Judiciais - PMSP-SMS/FMS/TRT- CEREST;1;Receita Corrente;9;1;1;8;0;1;9;A;S;N;S;S;08.1.759.1786;Tesouro Municipal - Recursos Vinculados;N;0;0,00;0,00;0,00;0,00;0,00;0,00;0,00;0,00;2865,50;0,00;0,00;0,00;2865,50;16/01/2026
1,92299013400000e+24;50959;2025;1;PREFEITURA DO MUNICÍPIO DE SÃO PAULO;Direta;NA;NA;NA;NA;NA;NA;NA;NA;Restituições - Valores Recebidos de Terceiros, Servidores e Ex-servidores;Restituições - Valores Recebidos de Terceiros, Servid. e Ex-servidores;1;Receita Corrente;9;2;2;99;0;1;34;A;S;N;N;S;00.1.501.9001;Tesouro Municipal;N;0;0,00;0,00;0,00;0,00;1431,00;477,00;0,00;0,00;0,00;0,00;0,00;2862,00;4770,00;16/01/2026
1,32105010103020e+24;50962;2025;1;PREFEITURA DO MUNICÍPIO DE SÃO PAULO;Direta;84;Fundo Municipal de Saúde;FMS/SMS;NA;NA;NA;NA;Rubrica de receita destinada ao registro dos rendimentos oriundos de aplicação financeira do valor transferido pela União ao Município por meio de Transferência Especial relativa à Emenda Parlamentar 2023.28180010 - TIRIRICA.;PMSP-SMS/FMS/EP TRANSF. ESPECIAL-Deputado Federal Tiririca;PMSP-SMS/FMS/EP TRANSF. ESPECIAL-Deputado Federal Tiririca;1;Receita Corrente;3;2;1;5;0;1;1;A;S;N;S;N;02.1.706.1777;Transferências Federais;N;0;0,00;0,00;0,00;0,00;0,00;1560,77;4048,77;3730,44;3941,89;4157,93;3469,70;4041,74;24951,24;16/01/2026
7,91101010102000e+24;50965;2025;7;AGÊNCIA REG. DE SERV. PÚBLICOS DE SÃO PAULO;Indireta;33;Agência Reg. de Serv. Públicos do Mun de São Paulo;SPREGULA;NA;NA;NA;NA;NA;Multas de Posturas Municipais - SP REGULA;Multas de Posturas Municipais - SP REGULA;7;Receita Intra Corrente;9;1;1;1;0;1;1;A;S;N;N;S;06.1.501.9001;Recursos Próprios da Administração Indireta;N;0;0,00;0,00;0,00;0,00;17920,27;0,00;0,00;0,00;0,00;0,00;0,00;0,00;17920,27;16/01/2026
1,32105010104020e+24;50968;2025;1;PREFEITURA DO MUNICÍPIO DE SÃO PAULO;Direta;84;Fundo Municipal de Saúde;FMS/SMS;NA;NA;NA;NA;Rubrica de receita destinada ao registro dos rendimentos oriundos de aplicação financeira do valor transferido pelo Governo do Estado ao Município por meio do Convênio 92099.;PMSP-SMS/FMS/ Convênio SES/SP 1634/2025 Demanda 092099;PMSP-SMS/FMS/ Convênio SES/SP 1634/2025 Demanda 092099;1;Receita Corrente;3;2;1;5;0;1;1;A;S;N;S;N;03.1.632.1780;Transferências Estaduais;N;0;0,00;0,00;0,00;0,00;0,00;0,00;0,00;0,00;0,00;0,00;0,00;3652,12;3652,12;16/01/2026
7,73299011300000e+24;50973;2025;3;CINEMA E AUDIOVISUAL DE SÃO PAULO;Indireta;15;Cinema e Audiovisual de São Paulo;SPCINE;NA;NA;NA;NA;NA;SPCINE x CAM 2025;SPCINE x CAM 2025;7;Receita Intra Corrente;7;3;2;99;0;1;13;A;S;N;N;S;05.1.702.8019;Outras Fontes;N;0;0,00;0,00;0,00;0,00;7488900,00;0,00;0,00;0,00;0,00;0,00;0,00;0,00;7488900,00;16/01/2026
1,32105010106091e+24;50974;2025;3;CINEMA E AUDIOVISUAL DE SÃO PAULO;Indireta;15;Cinema e Audiovisual de São Paulo;SPCINE;NA;NA;NA;NA;NA;Rendimentos CAM 2025;Rendimentos CAM 2025;1;Receita Corrente;3;2;1;5;0;1;1;A;S;N;N;S;05.1.702.8019;Outras Fontes;N;0;0,00;0,00;0,00;0,00;31414,43;58346,59;64558,08;41468,63;18203,76;51501,92;0,00;55054,54;320547,95;16/01/2026
1,71799010128000e+24;50977;2025;1;PREFEITURA DO MUNICÍPIO DE SÃO PAULO;Direta;78;Fundo de Abastecimento Alimentar de São Paulo;FAASP;NA;NA;NA;NA;NA;PMSP-SMDHC/Repasse nº 970993/2025-Banco de Alimentos;PMSP-SMDHC/Repasse nº 970993/2025-Banco de Alimentos;1;Receita Corrente;7;1;7;99;0;1;1;A;S;N;N;S;08.1.759.1796;Tesouro Municipal - Recursos Vinculados;N;0;0,00;0,00;0,00;0,00;0,00;0,00;0,00;0,00;640000,00;0,00;0,00;0,00;640000,00;16/01/2026
1,32105010102097e+24;50981;2025;1;PREFEITURA DO MUNICÍPIO DE SÃO PAULO;Direta;78;Fundo de Abastecimento Alimentar de São Paulo;FAASP;NA;NA;NA;NA;NA;PMSP-SMDHC/Repasse nº 970993/2025-Banco de Alimentos;PMSP-SMDHC/Repasse nº 970993/2025-Banco de Alimentos;1;Receita Corrente;3;2;1;5;0;1;1;A;S;N;N;N;08.1.759.1796;Tesouro Municipal - Recursos Vinculados;N;0;0,00;0,00;0,00;0,00;0,00;0,00;1245,70;1554,74;7476,51;8877,04;7487,47;8773,91;35415,37;16/01/2026
6,11300830902000e+24;50982;2025;1;PREFEITURA DO MUNICÍPIO DE SÃO PAULO;Direta;NA;NA;NA;NA;NA;NA;NA;NA;Créditos a Receber por Reembolso de Salário-Maternidade Pago - RGPS (P);Créditos a Receber por Reembolso de Salário-Maternidade Pago - RGPS (P;6;Receita Extraorçamentária;1;1;3;0;8;3;9;A;N;N;N;N;12.1.869.9001;Recursos Extraorçamentários;N;0;0,00;0,00;0,00;0,00;4346,27;-4346,27;0,00;0,00;0,00;0,00;0,00;0,00;0,00;16/01/2026
2,41951016101003e+24;50990;2025;1;PREFEITURA DO MUNICÍPIO DE SÃO PAULO;Direta;71;Subprefeitura Cidade Tiradentes;SUB-CT;NA;NA;NA;NA;NA;PMSP-SUB- CT/Reforma de quadra, campo e construção de banheiros e alojamentos - Rua Humberto Bárbaro;SUB- CT/Reforma quadra, campo e alojamentos - Rua Humberto Bárbaro;2;Receita de Capital;4;1;9;51;0;1;61;A;S;N;N;S;02.1.706.1782;Transferências Federais;N;0;0,00;0,00;0,00;0,00;0,00;1200000,00;0,00;0,00;0,00;0,00;0,00;0,00;1200000,00;16/01/2026
2,41951016401001e+24;50995;2025;1;PREFEITURA DO MUNICÍPIO DE SÃO PAULO;Direta;67;Subprefeitura Itaquera;SUB-IQ;NA;NA;NA;"EMENDA PARLAMENTAR 2024.90320005
PARLAMENTAR RUI FALCÃO";NA;SUB-IQ/Revitalização área pública - Ruas Marcos Liberi X Rio Imbuara;SUB-IQ/Revitalização área pública - Ruas Marcos Liberi X Rio Imbuara;2;Receita de Capital;4;1;9;51;0;1;64;A;S;N;N;S;02.1.706.1783;Transferências Federais;N;0;0,00;0,00;0,00;0,00;0,00;500000,00;0,00;0,00;0,00;0,00;0,00;0,00;500000,00;16/01/2026
2,42999011600000e+24;51004;2025;1;PREFEITURA DO MUNICÍPIO DE SÃO PAULO;Direta;46;Subprefeitura Jaçanã/Tremembé;SUB-JT;NA;NA;NA;NA;NA;PMSP-SUB-JT/Revitalização e implementação de corrimão em escadaria-Travessa José Virgílio Ramos/Salomão Régis Piza;SUB-JT/Revitalização e implem corrimão-Tv José Vo Ramos/Salomão Régis;2;Receita de Capital;4;2;9;99;0;1;16;A;S;N;N;S;03.1.710.1781;Transferências Estaduais;N;0;0,00;0,00;0,00;0,00;0,00;200000,00;0,00;0,00;0,00;0,00;0,00;0,00;200000,00;16/01/2026
2,41951016501001e+24;51009;2025;1;PREFEITURA DO MUNICÍPIO DE SÃO PAULO;Direta;67;Subprefeitura Itaquera;SUB-IQ;NA;NA;NA;"Emenda Parlamentar 2024.39050004
PARLAMENTAR ALENCAR SANTANA";NA;PMSP-SUB-IQ/Reforma do Campo de Futebol - Cidade Lider;PMSP-SUB-IQ/Reforma do Campo de Futebol - Cidade Lider;2;Receita de Capital;4;1;9;51;0;1;65;A;S;N;N;S;02.1.706.1784;Transferências Federais;N;0;0,00;0,00;0,00;0,00;0,00;2000000,00;0,00;0,00;0,00;0,00;0,00;0,00;2000000,00;16/01/2026
2,41951016501002e+24;51012;2025;1;PREFEITURA DO MUNICÍPIO DE SÃO PAULO;Direta;67;Subprefeitura Itaquera;SUB-IQ;NA;NA;NA;"Emenda Parlamentar 2024.39050004
PARLAMENTAR ALENCAR SANTANA";NA; PMSP-SUB-IQ/Reforma de Alambrado e Melhorias no Campo Morgante; PMSP-SUB-IQ/Reforma de Alambrado e Melhorias no Campo Morgante;2;Receita de Capital;4;1;9;51;0;1;65;A;S;N;N;S;02.1.706.1785;Transferências Federais;N;0;0,00;0,00;0,00;0,00;0,00;410000,00;0,00;0,00;0,00;0,00;0,00;0,00;410000,00;16/01/2026
1,11303110300000e+24;51019;2025;1;PREFEITURA DO MUNICÍPIO DE SÃO PAULO;Direta;NA;NA;NA;NA;NA;NA;NA;6017.2025/0031731-1;Imposto sobre a Renda - Retido na Fonte - Trabalho  - PF - Autarquias, Fundos Especiais, Câmara Municipal e TCM;IRRF - Trabalho  - PF - Autarquias, Fundos, CMSP e TCM;1;Receita Corrente;1;1;3;3;1;1;3;A;S;P;P;S;00.1.500.9003;Tesouro Municipal;N;0;0,00;0,00;0,00;0,00;0,00;0,00;690064,42;10076,60;4736,45;127725,34;124131,40;131525,01;1088259,22;16/01/2026
1,11303110400000e+24;51021;2025;1;PREFEITURA DO MUNICÍPIO DE SÃO PAULO;Direta;NA;NA;NA;NA;NA;NA;NA;NA;Imposto sobre a Renda - Retido na Fonte - Trabalho - PF - Folha de Pagamento - Autarquias, Fundos Especiais, Câmara Municipal e TCM;IRRF - Trabalho - PF - Folha Pagamento -Autarquias, Fundos, CMSP e TCM;1;Receita Corrente;1;1;3;3;1;1;4;A;S;P;P;N;00.1.500.9003;Tesouro Municipal;N;0;0,00;0,00;0,00;0,00;0,00;142183617,40;780250837,70;144387751,10;144485865,90;144637929,70;156180249,00;290501566,90;1802627818,00;16/01/2026
2,41951015601002e+24;51028;2025;1;PREFEITURA DO MUNICÍPIO DE SÃO PAULO;Direta;58;Subprefeitura M'Boi Mirim;SUB-MB;NA;NA;NA;"Emenda Parlamentar Federal Impositiva 202425200001
Parlamentar CARLOS ZARATTINI";NA;Transferência Especial - PMSP-SUB-MB Melhorias Associação Vila Prel;Transferência Especial - PMSP-SUB-MB Melhorias Associação Vila Prel;2;Receita de Capital;4;1;9;51;0;1;56;A;S;N;N;S;02.1.706.1789;Transferências Federais;N;0;0,00;0,00;0,00;0,00;0,00;0,00;200000,00;0,00;0,00;0,00;0,00;0,00;200000,00;16/01/2026
2,41951016601001e+24;51035;2025;1;PREFEITURA DO MUNICÍPIO DE SÃO PAULO;Direta;20;Secretaria Municipal de Mobilidade Urbana e Transporte - SMT;SMT;NA;NA;NA;NA;NA;Transferência Especial - SMT/Inspeção de Segurança Veicular;Transferência Especial - SMT/Inspeção de Segurança Veicular;2;Receita de Capital;4;1;9;51;0;1;66;A;S;N;N;S;02.1.706.1787;Transferências Federais;N;0;0,00;0,00;0,00;0,00;0,00;0,00;0,00;350000,00;-350000,00;0,00;0,00;0,00;0,00;16/01/2026
1,32105010103044e+24;51038;2025;1;PREFEITURA DO MUNICÍPIO DE SÃO PAULO;Direta;20;Secretaria Municipal de Mobilidade Urbana e Transporte - SMT;SMT;NA;NA;NA;NA;NA;SMT/Inspeção de Segurança Veicular;SMT/Inspeção de Segurança Veicular;1;Receita Corrente;3;2;1;5;0;1;1;A;S;N;N;N;02.1.706.1834;Transferências Federais;N;0;0,00;0,00;0,00;0,00;0,00;0,00;0,00;35942,31;-35942,31;0,00;0,00;0,00;0,00;16/01/2026
1,71957011000000e+24;51041;2025;1;PREFEITURA DO MUNICÍPIO DE SÃO PAULO;Direta;20;Secretaria Municipal de Mobilidade Urbana e Transporte - SMT;SMT;NA;NA;NA;"Emenda Federal Parlamentar nº 42650003
Parlamentar Astronauta Marcos Pontes";NA;Transferência Especial - SMT/Inspeção de Segurança Veicular;Transferência Especial - SMT/Inspeção de Segurança Veicular;1;Receita Corrente;7;1;9;57;0;1;10;A;S;N;N;S;02.1.706.1787;Transferências Federais;N;0;0,00;0,00;0,00;0,00;0,00;0,00;0,00;150000,00;-150000,00;0,00;0,00;0,00;0,00;16/01/2026
2,41951016701001e+24;51050;2025;1;PREFEITURA DO MUNICÍPIO DE SÃO PAULO;Direta;42;Subprefeitura Pirituba/Jaraguá;SUB-PJ;NA;NA;NA;"Emenda Parlamentar 2024.39050004
Parlamentar Alencar Santana";NA;SUB-PJ-Adequação Espaço Playground/Brinquedão, ATI e R Estrela Dourada;SUB-PJ-Adequação Espaço Playground/Brinquedão, ATI e R Estrela Dourada;2;Receita de Capital;4;1;9;51;0;1;67;A;S;N;N;S;02.1.706.1790;Transferências Federais;N;0;0,00;0,00;0,00;0,00;0,00;340000,00;0,00;0,00;0,00;0,00;0,00;0,00;340000,00;16/01/2026
2,41951016701002e+24;51051;2025;1;PREFEITURA DO MUNICÍPIO DE SÃO PAULO;Direta;42;Subprefeitura Pirituba/Jaraguá;SUB-PJ;NA;NA;NA;"Emenda Parlamentar 2024.39050004
Parlamentar Alencar Santana";NA;SUB-PJ-Pavimentação Asfáltica com Guia e Sarjetas na R. Antônio Parram;SUB-PJ-Pavimentação Asfáltica com Guia e Sarjetas na R. Antônio Parram;2;Receita de Capital;4;1;9;51;0;1;67;A;S;N;N;S;02.1.706.1791;Transferências Federais;N;0;0,00;0,00;0,00;0,00;0,00;500000,00;0,00;0,00;0,00;0,00;0,00;0,00;500000,00;16/01/2026
2,41951016701003e+24;51052;2025;1;PREFEITURA DO MUNICÍPIO DE SÃO PAULO;Direta;42;Subprefeitura Pirituba/Jaraguá;SUB-PJ;NA;NA;NA;"Emenda Parlamentar 2024.39050004
Parlamentar Alencar Santana";NA;SUB-PJ-Adequação do Espaço público localizado a R Eduardo Coimbra;SUB-PJ-Adequação do Espaço público localizado a R Eduardo Coimbra;2;Receita de Capital;4;1;9;51;0;1;67;A;S;N;N;S;02.1.706.1792;Transferências Federais;N;0;0,00;0,00;0,00;0,00;0,00;170000,00;0,00;0,00;0,00;0,00;0,00;0,00;170000,00;16/01/2026
2,99999010164000e+24;51070;2025;1;PREFEITURA DO MUNICÍPIO DE SÃO PAULO;Direta;98;Fundo de Desenvolvimento Urbano;FUNDURB;NA;NA;NA;NA;NA;Outorga Onerosa AIU Setor Central - FUNDURB;Outorga Onerosa AIU Setor Central - FUNDURB;2;Receita de Capital;9;9;9;99;0;1;1;A;S;N;N;S;08.1.759.1491;Tesouro Municipal - Recursos Vinculados;N;0;0,00;0,00;0,00;0,00;0,00;0,00;0,00;0,00;529243,56;0,00;0,00;514189,02;1043432,58;16/01/2026
1,71350212000000e+24;51076;2025;1;PREFEITURA DO MUNICÍPIO DE SÃO PAULO;Direta;84;Fundo Municipal de Saúde;FMS/SMS;NA;NA;NA;"Emenda Parlamentar 50410002
Parlamentar: Comissão da Saúde";NA;SMS/FMS/ITMAC/GAB - 22.227-5;SMS/FMS/ITMAC/GAB - 22.227-5;1;Receita Corrente;7;1;3;50;2;1;20;A;S;N;S;S;02.1.600.1794;Transferências Federais;N;0;0,00;0,00;0,00;0,00;0,00;0,00;880190,00;0,00;0,00;0,00;0,00;0,00;880190,00;16/01/2026
1,32105010103020e+24;51079;2025;1;PREFEITURA DO MUNICÍPIO DE SÃO PAULO;Direta;84;Fundo Municipal de Saúde;FMS/SMS;NA;NA;NA;NA;NA;SMS/FMS/ITMAC/GAB - 22.227-5;SMS/FMS/ITMAC/GAB - 22.227-5;1;Receita Corrente;3;2;1;5;0;1;1;A;S;N;S;N;02.1.600.1794;Transferências Federais;N;0;0,00;0,00;0,00;0,00;0,00;0,00;11783,15;8082,18;8540,31;9008,35;7517,29;8756,64;53687,92;16/01/2026
2,41151110701013e+24;51082;2025;1;PREFEITURA DO MUNICÍPIO DE SÃO PAULO;Direta;84;Fundo Municipal de Saúde;FMS/SMS;NA;NA;NA;Emenda Parlamentar 37370014;NA;PMSP/SMS/INVEST/24080 - 21.928-2;PMSP/SMS/INVEST/24080 - 21.928-2;2;Receita de Capital;4;1;1;51;1;1;7;A;S;N;S;S;02.1.601.1720;Transferências Federais;N;0;0,00;0,00;0,00;0,00;0,00;0,00;109595,00;0,00;0,00;0,00;0,00;0,00;109595,00;16/01/2026
2,41951016801001e+24;51087;2025;1;PREFEITURA DO MUNICÍPIO DE SÃO PAULO;Direta;61;Subprefeitura Penha;SUB-PE;NA;NA;NA;"Emenda Parlamentar 202439050004
Parlamentar ALENCAR SANTANA";NA;SUB-PE/Reforma do Espaço Público - Associação ABC Boca do Povo;SUB-PE/Reforma do Espaço Público - Associação ABC Boca do Povo;2;Receita de Capital;4;1;9;51;0;1;68;A;S;N;N;S;02.1.706.1795;Transferências Federais;N;0;0,00;0,00;0,00;0,00;0,00;0,00;300000,00;0,00;0,00;0,00;0,00;0,00;300000,00;16/01/2026
7,92299010103000e+24;51089;2025;1;PREFEITURA DO MUNICÍPIO DE SÃO PAULO;Direta;NA;NA;NA;NA;NA;NA;NA;NA;Deduções Reembolso - Precatórios em Regime Especial EC 62/09 - IPREM;Deduções Reembolso - Precatórios em Regime Especial EC 62/09 - IPREM;7;Receita Intra Corrente;9;2;2;99;0;1;1;A;S;N;N;N;00.1.501.9001;Tesouro Municipal;S;0;0,00;0,00;0,00;0,00;0,00;0,00;-280,92;0,00;0,00;0,00;0,00;0,00;-280,92;16/01/2026
2,42999011700000e+24;51129;2025;1;PREFEITURA DO MUNICÍPIO DE SÃO PAULO;Direta;38;Secretaria Municipal de Segurança Urbana;SMSU;NA;NA;NA;"Emenda Parlamentar 2022.04836842
Parlamentar Heni Ozi Cukier
Emenda LOA 2022.3550308.39142";Rubrica de receita destinada ao registro do valor transferido pelo Governo do Estado ao Município por meio de Transferência Especial relativa à Emenda Parlamentar 2022.04836842.;Transferência Especial - PMSP-SMSU/Ação HOC;Transferência Especial - PMSP-SMSU/Ação HOC;2;Receita de Capital;4;2;9;99;0;1;17;A;S;N;N;S;03.1.710.1793;Transferências Estaduais;N;0;0,00;0,00;0,00;0,00;0,00;0,00;595218,00;-297654,00;0,00;0,00;0,00;0,00;297564,00;16/01/2026
1,92299113400000e+24;51132;2025;1;PREFEITURA DO MUNICÍPIO DE SÃO PAULO;Direta;84;Fundo Municipal de Saúde;FMS/SMS;NA;NA;NA;NA;Rubrica de receita decorrente de restituições de despesa executada com recursos de transferência da União destinada à Manutenção da Rede de Serviços Públicos de Saúde.;Outras Restituições - FMS - 19.047-0;Outras Restituições - FMS - 19.047-0;1;Receita Corrente;9;2;2;99;1;1;34;A;S;N;S;S;02.1.600.1168;Transferências Federais;N;0;0,00;0,00;0,00;0,00;0,00;0,00;0,00;0,00;0,00;0,00;0,00;0,00;0,00;16/01/2026
1,11303310300000e+24;51144;2025;1;PREFEITURA DO MUNICÍPIO DE SÃO PAULO;Direta;NA;NA;NA;NA;NA;NA;NA;NA;Imposto sobre a Renda - Retido na Fonte - Remessa ao Exterior - PF - Autarquias, Fundos, CMSP e TCM;IRRF - Remessa ao Exterior - PF - Autarquias, Fundos, CMSP e TCM;1;Receita Corrente;1;1;3;3;3;1;3;A;S;N;N;N;00.1.500.9003;Tesouro Municipal;N;0;0,00;0,00;0,00;0,00;0,00;0,00;0,00;5297,20;0,00;5297,20;0,00;0,00;10594,40;16/01/2026
1,11303310400000e+24;51145;2025;1;PREFEITURA DO MUNICÍPIO DE SÃO PAULO;Direta;NA;NA;NA;NA;NA;NA;NA;NA;Imposto sobre a Renda - Retido na Fonte - Remessa ao Exterior - PJ  - Autarquias, Fundos, CMSP e TCM;IRFF - Remessa ao Exterior - PJ  - Autarquias, Fundos, CMSP e TCM;1;Receita Corrente;1;1;3;3;3;1;4;A;S;N;N;N;00.1.500.9003;Tesouro Municipal;N;0;0,00;0,00;0,00;0,00;0,00;0,00;0,00;0,00;0,00;0,00;275136,10;380373,55;655509,65;16/01/2026
1,11303410300000e+24;51146;2025;1;PREFEITURA DO MUNICÍPIO DE SÃO PAULO;Direta;NA;NA;NA;NA;NA;NA;NA;NA;Imposto sobre a Renda - Retido na Fonte - Outros Rendimentos - PF - Autarquias, Fundos, CMSP e TCM;IRRF - Outros Rendimentos - PF - Autarquias, Fundos, CMSP e TCM;1;Receita Corrente;1;1;3;3;4;1;3;A;S;N;N;N;00.1.500.9003;Tesouro Municipal;N;0;0,00;0,00;0,00;0,00;0,00;0,00;127407,43;112631,99;125124,57;0,00;5297,20;5297,20;375758,39;16/01/2026
1,11303410400000e+24;51147;2025;1;PREFEITURA DO MUNICÍPIO DE SÃO PAULO;Direta;NA;NA;NA;NA;NA;NA;NA;NA;Imposto sobre a Renda - Retido na Fonte - Outros Rendimentos - PJ - Autarquias, Fundos, CMSP e TCM;IRRF - Outros Rendimentos - PJ - Autarquias, Fundos, CMSP e TCM;1;Receita Corrente;1;1;3;3;4;1;4;A;S;N;N;N;00.1.500.9003;Tesouro Municipal;N;0;0,00;0,00;0,00;0,00;0,00;0,00;12775081,61;12796217,96;12869223,81;12739090,82;543077,98;12588124,60;64310816,78;16/01/2026
1,71350212100000e+24;51251;2025;1;PREFEITURA DO MUNICÍPIO DE SÃO PAULO;Direta;84;Fundo Municipal de Saúde;FMS/SMS;NA;NA;NA;NA;NA;PMSP-SMS/FMS/ENTID/666655 - 22.348-4;PMSP-SMS/FMS/ENTID/666655 - 22.348-4;1;Receita Corrente;7;1;3;50;2;1;21;A;S;N;S;S;02.1.600.1807;Transferências Federais;N;0;0,00;0,00;0,00;0,00;0,00;0,00;0,00;200000,00;0,00;0,00;0,00;0,00;200000,00;16/01/2026
1,71350212200000e+24;51252;2025;1;PREFEITURA DO MUNICÍPIO DE SÃO PAULO;Direta;84;Fundo Municipal de Saúde;FMS/SMS;NA;NA;NA;NA;NA;PMSP-SMS/FMS/ENTID/664592 - 22.345-X;PMSP-SMS/FMS/ENTID/664592 - 22.345-X;1;Receita Corrente;7;1;3;50;2;1;22;A;S;N;S;S;02.1.600.1806;Transferências Federais;N;0;0,00;0,00;0,00;0,00;0,00;0,00;0,00;200000,00;0,00;0,00;0,00;0,00;200000,00;16/01/2026
1,71350212300000e+24;51253;2025;1;PREFEITURA DO MUNICÍPIO DE SÃO PAULO;Direta;84;Fundo Municipal de Saúde;FMS/SMS;NA;NA;NA;NA;NA;PMSP-SMS/FMS/ENTID/666662 - 22.340-9;PMSP-SMS/FMS/ENTID/666662 - 22.340-9;1;Receita Corrente;7;1;3;50;2;1;23;A;S;N;S;S;02.1.600.1805;Transferências Federais;N;0;0,00;0,00;0,00;0,00;0,00;0,00;0,00;300000,00;0,00;0,00;0,00;0,00;300000,00;16/01/2026
1,71350212400000e+24;51254;2025;1;PREFEITURA DO MUNICÍPIO DE SÃO PAULO;Direta;84;Fundo Municipal de Saúde;FMS/SMS;NA;NA;NA;NA;NA;PMSP-SMS/FMS/ENTID/657997 - 22.334-4;PMSP-SMS/FMS/ENTID/657997 - 22.334-4;1;Receita Corrente;7;1;3;50;2;1;24;A;S;N;S;S;02.1.600.1804;Transferências Federais;N;0;0,00;0,00;0,00;0,00;0,00;0,00;0,00;1000000,00;0,00;0,00;0,00;0,00;1000000,00;16/01/2026
1,71350212500000e+24;51255;2025;1;PREFEITURA DO MUNICÍPIO DE SÃO PAULO;Direta;84;Fundo Municipal de Saúde;FMS/SMS;NA;NA;NA;NA;NA;PMSP-SMS/FMS/ENTID/664630 - 22.333-6;PMSP-SMS/FMS/ENTID/664630 - 22.333-6;1;Receita Corrente;7;1;3;50;2;1;25;A;S;N;S;S;02.1.600.1803;Transferências Federais;N;0;0,00;0,00;0,00;0,00;0,00;0,00;0,00;350000,00;0,00;0,00;0,00;0,00;350000,00;16/01/2026
1,71350212600000e+24;51256;2025;1;PREFEITURA DO MUNICÍPIO DE SÃO PAULO;Direta;84;Fundo Municipal de Saúde;FMS/SMS;NA;NA;NA;NA;NA;PMSP-SMS/FMS/ENTID/664482 - 22.328-X;PMSP-SMS/FMS/ENTID/664482 - 22.328-X;1;Receita Corrente;7;1;3;50;2;1;26;A;S;N;S;S;02.1.600.1802;Transferências Federais;N;0;0,00;0,00;0,00;0,00;0,00;0,00;0,00;200000,00;0,00;0,00;0,00;0,00;200000,00;16/01/2026
1,71350212700000e+24;51257;2025;1;PREFEITURA DO MUNICÍPIO DE SÃO PAULO;Direta;84;Fundo Municipal de Saúde;FMS/SMS;NA;NA;NA;NA;NA;PMSP-SMS/FMS/ENTID/664645 - 22.322-0;PMSP-SMS/FMS/ENTID/664645 - 22.322-0;1;Receita Corrente;7;1;3;50;2;1;27;A;S;N;S;S;02.1.600.1800;Transferências Federais;N;0;0,00;0,00;0,00;0,00;0,00;0,00;0,00;0,00;0,00;300000,00;0,00;0,00;300000,00;16/01/2026
1,71350212900000e+24;51258;2025;1;PREFEITURA DO MUNICÍPIO DE SÃO PAULO;Direta;84;Fundo Municipal de Saúde;FMS/SMS;NA;NA;NA;NA;NA;PMSP-SMS/FMS/ENTID/663408 - 22.325-5;PMSP-SMS/FMS/ENTID/663408 - 22.325-5;1;Receita Corrente;7;1;3;50;2;1;29;A;S;N;S;S;02.1.600.1801;Transferências Federais;N;0;0,00;0,00;0,00;0,00;0,00;0,00;0,00;100000,00;0,00;0,00;0,00;0,00;100000,00;16/01/2026
1,71350213000000e+24;51259;2025;1;PREFEITURA DO MUNICÍPIO DE SÃO PAULO;Direta;84;Fundo Municipal de Saúde;FMS/SMS;NA;NA;NA;NA;NA;PMSP-SMS/FMS/ENTID/660970 - 22.351-4;PMSP-SMS/FMS/ENTID/660970 - 22.351-4;1;Receita Corrente;7;1;3;50;2;1;30;A;S;N;S;S;02.1.600.1809;Transferências Federais;N;0;0,00;0,00;0,00;0,00;0,00;0,00;0,00;0,00;300000,00;0,00;0,00;0,00;300000,00;16/01/2026
1,71350213100000e+24;51260;2025;1;PREFEITURA DO MUNICÍPIO DE SÃO PAULO;Direta;84;Fundo Municipal de Saúde;FMS/SMS;NA;NA;NA;NA;NA;PMSP-SMS/FMS/ENTID/664621 - 22.357-3;PMSP-SMS/FMS/ENTID/664621 - 22.357-3;1;Receita Corrente;7;1;3;50;2;1;31;A;S;N;S;S;02.1.600.1810;Transferências Federais;N;0;0,00;0,00;0,00;0,00;0,00;0,00;0,00;0,00;350000,00;0,00;0,00;0,00;350000,00;16/01/2026
1,71350213200000e+24;51261;2025;1;PREFEITURA DO MUNICÍPIO DE SÃO PAULO;Direta;84;Fundo Municipal de Saúde;FMS/SMS;NA;NA;NA;NA;NA;PMSP-SMS/FMS/ENTID/664430 - 22.359-X;PMSP-SMS/FMS/ENTID/664430 - 22.359-X;1;Receita Corrente;7;1;3;50;2;1;32;A;S;N;S;S;02.1.600.1811;Transferências Federais;N;0;0,00;0,00;0,00;0,00;0,00;0,00;0,00;0,00;0,00;2000000,00;0,00;0,00;2000000,00;16/01/2026
1,71350213300000e+24;51262;2025;1;PREFEITURA DO MUNICÍPIO DE SÃO PAULO;Direta;84;Fundo Municipal de Saúde;FMS/SMS;NA;NA;NA;NA;NA;PMSP-SMS/FMS/ENTID/664665 - 22.361-1;PMSP-SMS/FMS/ENTID/664665 - 22.361-1;1;Receita Corrente;7;1;3;50;2;1;33;A;S;N;S;S;02.1.600.1812;Transferências Federais;N;0;0,00;0,00;0,00;0,00;0,00;0,00;0,00;0,00;300000,00;0,00;0,00;0,00;300000,00;16/01/2026
1,71350213400000e+24;51263;2025;1;PREFEITURA DO MUNICÍPIO DE SÃO PAULO;Direta;84;Fundo Municipal de Saúde;FMS/SMS;NA;NA;NA;NA;NA;PMSP-SMS/FMS/ENTID/664474 - 22.363-8;PMSP-SMS/FMS/ENTID/664474 - 22.363-8;1;Receita Corrente;7;1;3;50;2;1;34;A;S;N;S;S;02.1.600.1813;Transferências Federais;N;0;0,00;0,00;0,00;0,00;0,00;0,00;0,00;500000,00;0,00;0,00;0,00;0,00;500000,00;16/01/2026
1,71350213500000e+24;51264;2025;1;PREFEITURA DO MUNICÍPIO DE SÃO PAULO;Direta;84;Fundo Municipal de Saúde;FMS/SMS;NA;NA;NA;NA;NA;PMSP-SMS/FMS/GAB/638054 - 22.264-X;PMSP-SMS/FMS/GAB/638054 - 22.264-X;1;Receita Corrente;7;1;3;50;2;1;35;A;S;N;S;S;02.1.600.1833;Transferências Federais;N;0;0,00;0,00;0,00;0,00;0,00;0,00;0,00;0,00;1000000,00;0,00;0,00;0,00;1000000,00;16/01/2026
1,71350213600000e+24;51265;2025;1;PREFEITURA DO MUNICÍPIO DE SÃO PAULO;Direta;84;Fundo Municipal de Saúde;FMS/SMS;NA;NA;NA;NA;NA;PMSP-SMS/FMS/ENTID/663283 - 22.350-6;PMSP-SMS/FMS/ENTID/663283 - 22.350-6;1;Receita Corrente;7;1;3;50;2;1;36;A;S;N;S;S;02.1.600.1808;Transferências Federais;N;0;0,00;0,00;0,00;0,00;0,00;0,00;0,00;0,00;300000,00;0,00;0,00;0,00;300000,00;16/01/2026
1,32105010103020e+24;51266;2025;1;PREFEITURA DO MUNICÍPIO DE SÃO PAULO;Direta;84;Fundo Municipal de Saúde;FMS/SMS;NA;NA;NA;NA;NA;PMSP-SMS/FMS/ENTID/666655 - 22.348-4;PMSP-SMS/FMS/ENTID/666655 - 22.348-4;1;Receita Corrente;3;2;1;5;0;1;1;A;S;N;S;N;02.1.600.1807;Transferências Federais;N;0;0,00;0,00;0,00;0,00;0,00;0,00;0,00;344,00;1900,99;2005,18;1673,28;1350,13;7273,58;16/01/2026
1,32105010103020e+24;51267;2025;1;PREFEITURA DO MUNICÍPIO DE SÃO PAULO;Direta;84;Fundo Municipal de Saúde;FMS/SMS;NA;NA;NA;NA;NA;PMSP-SMS/FMS/ENTID/664592 - 22.345-X;PMSP-SMS/FMS/ENTID/664592 - 22.345-X;1;Receita Corrente;3;2;1;5;0;1;1;A;S;N;S;N;02.1.600.1806;Transferências Federais;N;0;0,00;0,00;0,00;0,00;0,00;0,00;0,00;344,00;1900,99;2005,18;1673,28;229,42;6152,87;16/01/2026
1,32105010103020e+24;51268;2025;1;PREFEITURA DO MUNICÍPIO DE SÃO PAULO;Direta;84;Fundo Municipal de Saúde;FMS/SMS;NA;NA;NA;NA;NA;PMSP-SMS/FMS/ENTID/666662 - 22.340-9;PMSP-SMS/FMS/ENTID/666662 - 22.340-9;1;Receita Corrente;3;2;1;5;0;1;1;A;S;N;S;N;02.1.600.1805;Transferências Federais;N;0;0,00;0,00;0,00;0,00;0,00;0,00;0,00;516,00;2851,49;3007,76;2509,92;602,63;9487,80;16/01/2026
1,32105010103020e+24;51269;2025;1;PREFEITURA DO MUNICÍPIO DE SÃO PAULO;Direta;84;Fundo Municipal de Saúde;FMS/SMS;NA;NA;NA;NA;NA;PMSP-SMS/FMS/ENTID/657997 - 22.334-4;PMSP-SMS/FMS/ENTID/657997 - 22.334-4;1;Receita Corrente;3;2;1;5;0;1;1;A;S;N;S;N;02.1.600.1804;Transferências Federais;N;0;0,00;0,00;0,00;0,00;0,00;0,00;0,00;545,46;12164,05;12847,59;10734,19;12585,72;48877,01;16/01/2026
1,32105010103020e+24;51270;2025;1;PREFEITURA DO MUNICÍPIO DE SÃO PAULO;Direta;84;Fundo Municipal de Saúde;FMS/SMS;NA;NA;NA;NA;NA;PMSP-SMS/FMS/ENTID/664630 - 22.333-6;PMSP-SMS/FMS/ENTID/664630 - 22.333-6;1;Receita Corrente;3;2;1;5;0;1;1;A;S;N;S;N;02.1.600.1803;Transferências Federais;N;0;0,00;0,00;0,00;0,00;0,00;0,00;0,00;190,91;4257,42;4496,66;3756,96;4171,78;16873,73;16/01/2026
1,32105010103020e+24;51271;2025;1;PREFEITURA DO MUNICÍPIO DE SÃO PAULO;Direta;84;Fundo Municipal de Saúde;FMS/SMS;NA;NA;NA;NA;NA;PMSP-SMS/FMS/ENTID/664482 - 22.328-X;PMSP-SMS/FMS/ENTID/664482 - 22.328-X;1;Receita Corrente;3;2;1;5;0;1;1;A;S;N;S;N;02.1.600.1802;Transferências Federais;N;0;0,00;0,00;0,00;0,00;0,00;0,00;0,00;344,00;1900,99;2005,18;1673,28;1522,85;7446,30;16/01/2026
1,32105010103020e+24;51272;2025;1;PREFEITURA DO MUNICÍPIO DE SÃO PAULO;Direta;84;Fundo Municipal de Saúde;FMS/SMS;NA;NA;NA;NA;NA;PMSP-SMS/FMS/ENTID/664645 - 22.322-0;PMSP-SMS/FMS/ENTID/664645 - 22.322-0;1;Receita Corrente;3;2;1;5;0;1;1;A;S;N;S;N;02.1.600.1800;Transferências Federais;N;0;0,00;0,00;0,00;0,00;0,00;0,00;0,00;0,00;0,00;386,30;2460,86;2866,57;5713,73;16/01/2026
1,32105010103020e+24;51273;2025;1;PREFEITURA DO MUNICÍPIO DE SÃO PAULO;Direta;84;Fundo Municipal de Saúde;FMS/SMS;NA;NA;NA;NA;NA;PMSP-SMS/FMS/ENTID/663408 - 22.325-5;PMSP-SMS/FMS/ENTID/663408 - 22.325-5;1;Receita Corrente;3;2;1;5;0;1;1;A;S;N;S;N;02.1.600.1801;Transferências Federais;N;0;0,00;0,00;0,00;0,00;0,00;0,00;0,00;172,00;950,50;1002,58;836,64;974,58;3936,30;16/01/2026
1,32105010103020e+24;51274;2025;1;PREFEITURA DO MUNICÍPIO DE SÃO PAULO;Direta;84;Fundo Municipal de Saúde;FMS/SMS;NA;NA;NA;NA;NA;PMSP-SMS/FMS/ENTID/660970 - 22.351-4;PMSP-SMS/FMS/ENTID/660970 - 22.351-4;1;Receita Corrente;3;2;1;5;0;1;1;A;S;N;S;N;02.1.600.1809;Transferências Federais;N;0;0,00;0,00;0,00;0,00;0,00;0,00;0,00;0,00;164,53;3807,99;3181,59;3730,38;10884,49;16/01/2026
1,32105010103020e+24;51275;2025;1;PREFEITURA DO MUNICÍPIO DE SÃO PAULO;Direta;84;Fundo Municipal de Saúde;FMS/SMS;NA;NA;NA;NA;NA;PMSP-SMS/FMS/ENTID/664621 - 22.357-3;PMSP-SMS/FMS/ENTID/664621 - 22.357-3;1;Receita Corrente;3;2;1;5;0;1;1;A;S;N;S;N;02.1.600.1810;Transferências Federais;N;0;0,00;0,00;0,00;0,00;0,00;0,00;0,00;0,00;191,95;4442,66;3711,85;4352,11;12698,57;16/01/2026
1,32105010103020e+24;51276;2025;1;PREFEITURA DO MUNICÍPIO DE SÃO PAULO;Direta;84;Fundo Municipal de Saúde;FMS/SMS;NA;NA;NA;NA;NA;PMSP-SMS/FMS/ENTID/664430 - 22.359-X;PMSP-SMS/FMS/ENTID/664430 - 22.359-X;1;Receita Corrente;3;2;1;5;0;1;1;A;S;N;S;N;02.1.600.1811;Transferências Federais;N;0;0,00;0,00;0,00;0,00;0,00;0,00;0,00;0,00;0,00;2575,36;16405,69;19110,46;38091,51;16/01/2026
1,32105010103020e+24;51277;2025;1;PREFEITURA DO MUNICÍPIO DE SÃO PAULO;Direta;84;Fundo Municipal de Saúde;FMS/SMS;NA;NA;NA;NA;NA;PMSP-SMS/FMS/ENTID/664665 - 22.361-1;PMSP-SMS/FMS/ENTID/664665 - 22.361-1;1;Receita Corrente;3;2;1;5;0;1;1;A;S;N;S;N;02.1.600.1812;Transferências Federais;N;0;0,00;0,00;0,00;0,00;0,00;0,00;0,00;0,00;164,53;3807,99;3181,59;3730,38;10884,49;16/01/2026
1,32105010103020e+24;51278;2025;1;PREFEITURA DO MUNICÍPIO DE SÃO PAULO;Direta;84;Fundo Municipal de Saúde;FMS/SMS;NA;NA;NA;NA;NA;PMSP-SMS/FMS/ENTID/664474 - 22.363-8;PMSP-SMS/FMS/ENTID/664474 - 22.363-8;1;Receita Corrente;3;2;1;5;0;1;1;A;S;N;S;N;02.1.600.1813;Transferências Federais;N;0;0,00;0,00;0,00;0,00;0,00;0,00;0,00;1089,25;6091,95;6434,28;5375,85;6303,14;25294,47;16/01/2026
1,32105010103020e+24;51279;2025;1;PREFEITURA DO MUNICÍPIO DE SÃO PAULO;Direta;84;Fundo Municipal de Saúde;FMS/SMS;NA;NA;NA;NA;NA;PMSP-SMS/FMS/GAB/638054 - 22.264-X;PMSP-SMS/FMS/GAB/638054 - 22.264-X;1;Receita Corrente;3;2;1;5;0;1;1;A;S;N;S;N;02.1.600.1833;Transferências Federais;N;0;0,00;0,00;0,00;0,00;0,00;0,00;0,00;0,00;25220,98;10164,65;8482,19;9880,62;53748,44;16/01/2026
1,32105010103020e+24;51280;2025;1;PREFEITURA DO MUNICÍPIO DE SÃO PAULO;Direta;84;Fundo Municipal de Saúde;FMS/SMS;NA;NA;NA;NA;NA;PMSP-SMS/FMS/ENTID/663283 - 22.350-6;PMSP-SMS/FMS/ENTID/663283 - 22.350-6;1;Receita Corrente;3;2;1;5;0;1;1;A;S;N;S;N;02.1.600.1808;Transferências Federais;N;0;0,00;0,00;0,00;0,00;0,00;0,00;0,00;0,00;164,53;3807,99;3181,59;3730,38;10884,49;16/01/2026
1,71350213700000e+24;51281;2025;1;PREFEITURA DO MUNICÍPIO DE SÃO PAULO;Direta;84;Fundo Municipal de Saúde;FMS/SMS;NA;NA;NA;NA;NA;SMS/FMS/ENTID/664608 - 22.323-9;SMS/FMS/ENTID/664608 - 22.323-9;1;Receita Corrente;7;1;3;50;2;1;37;A;S;N;S;S;02.1.600.1815;Transferências Federais;N;0;0,00;0,00;0,00;0,00;0,00;0,00;0,00;0,00;0,00;200000,00;0,00;0,00;200000,00;16/01/2026
1,71350213800000e+24;51282;2025;1;PREFEITURA DO MUNICÍPIO DE SÃO PAULO;Direta;84;Fundo Municipal de Saúde;FMS/SMS;NA;NA;NA;NA;NA;SMS/FMS/ENTID/666952 - 22.324-7;SMS/FMS/ENTID/666952 - 22.324-7;1;Receita Corrente;7;1;3;50;2;1;38;A;S;N;S;S;02.1.600.1816;Transferências Federais;N;0;0,00;0,00;0,00;0,00;0,00;0,00;0,00;0,00;0,00;300000,00;0,00;0,00;300000,00;16/01/2026
1,71350213900000e+24;51283;2025;1;PREFEITURA DO MUNICÍPIO DE SÃO PAULO;Direta;84;Fundo Municipal de Saúde;FMS/SMS;NA;NA;NA;NA;NA;SMS/FMS/ENTID/664713 - 22.331-X;SMS/FMS/ENTID/664713 - 22.331-X;1;Receita Corrente;7;1;3;50;2;1;39;A;S;N;S;S;02.1.600.1820;Transferências Federais;N;0;0,00;0,00;0,00;0,00;0,00;0,00;0,00;200000,00;0,00;0,00;0,00;0,00;200000,00;16/01/2026
1,71350214100000e+24;51284;2025;1;PREFEITURA DO MUNICÍPIO DE SÃO PAULO;Direta;84;Fundo Municipal de Saúde;FMS/SMS;NA;NA;NA;NA;NA;SMS/FMS/ENTID/664685 - 22.329-8;SMS/FMS/ENTID/664685 - 22.329-8;1;Receita Corrente;7;1;3;50;2;1;41;A;S;N;S;S;02.1.600.1818;Transferências Federais;N;0;0,00;0,00;0,00;0,00;0,00;0,00;0,00;0,00;200000,00;0,00;0,00;0,00;200000,00;16/01/2026
1,32105010103020e+24;51285;2025;1;PREFEITURA DO MUNICÍPIO DE SÃO PAULO;Direta;84;Fundo Municipal de Saúde;FMS/SMS;NA;NA;NA;NA;NA;SMS/FMS/ENTID/664608 - 22.323-9;SMS/FMS/ENTID/664608 - 22.323-9;1;Receita Corrente;3;2;1;5;0;1;1;A;S;N;S;N;02.1.600.1815;Transferências Federais;N;0;0,00;0,00;0,00;0,00;0,00;0,00;0,00;0,00;0,00;257,54;1640,56;1911,05;3809,15;16/01/2026
1,32105010103020e+24;51286;2025;1;PREFEITURA DO MUNICÍPIO DE SÃO PAULO;Direta;84;Fundo Municipal de Saúde;FMS/SMS;NA;NA;NA;NA;NA;SMS/FMS/ENTID/666952 - 22.324-7;SMS/FMS/ENTID/666952 - 22.324-7;1;Receita Corrente;3;2;1;5;0;1;1;A;S;N;S;N;02.1.600.1816;Transferências Federais;N;0;0,00;0,00;0,00;0,00;0,00;0,00;0,00;0,00;0,00;386,30;2460,86;2866,57;5713,73;16/01/2026
1,32105010103020e+24;51287;2025;1;PREFEITURA DO MUNICÍPIO DE SÃO PAULO;Direta;84;Fundo Municipal de Saúde;FMS/SMS;NA;NA;NA;NA;NA;SMS/FMS/ENTID/664713 - 22.331-X;SMS/FMS/ENTID/664713 - 22.331-X;1;Receita Corrente;3;2;1;5;0;1;1;A;S;N;S;N;02.1.600.1820;Transferências Federais;N;0;0,00;0,00;0,00;0,00;0,00;0,00;0,00;344,00;1900,99;2005,18;1673,28;1949,15;7872,60;16/01/2026
1,32105010103020e+24;51288;2025;1;PREFEITURA DO MUNICÍPIO DE SÃO PAULO;Direta;84;Fundo Municipal de Saúde;FMS/SMS;NA;NA;NA;NA;NA;SMS/FMS/ENTID/664685 - 22.329-8;SMS/FMS/ENTID/664685 - 22.329-8;1;Receita Corrente;3;2;1;5;0;1;1;A;S;N;S;N;02.1.600.1818;Transferências Federais;N;0;0,00;0,00;0,00;0,00;0,00;0,00;0,00;0,00;2244,99;2005,18;1673,28;1949,15;7872,60;16/01/2026
1,32105010103020e+24;51302;2025;1;PREFEITURA DO MUNICÍPIO DE SÃO PAULO;Direta;84;Fundo Municipal de Saúde;FMS/SMS;NA;NA;NA;NA;NA;PMSP-SMS/FMS/ITPAP/GAB - 22.261-5;PMSP-SMS/FMS/ITPAP/GAB - 22.261-5;1;Receita Corrente;3;2;1;5;0;1;1;A;S;N;S;N;02.1.600.1798;Transferências Federais;N;0;0,00;0,00;0,00;0,00;0,00;0,00;0,00;0,00;0,00;386,30;2460,86;2866,57;5713,73;16/01/2026
1,71350214200000e+24;51305;2025;1;PREFEITURA DO MUNICÍPIO DE SÃO PAULO;Direta;84;Fundo Municipal de Saúde;FMS/SMS;NA;NA;NA;NA;NA;PMSP/ FMS/SP - EP - 22.330-1;PMSP/ FMS/SP - EP - 22.330-1;1;Receita Corrente;7;1;3;50;2;1;42;A;S;N;S;S;02.1.600.1819;Transferências Federais;N;0;0,00;0,00;0,00;0,00;0,00;0,00;0,00;100000,00;0,00;0,00;0,00;0,00;100000,00;16/01/2026
1,32105010103020e+24;51306;2025;1;PREFEITURA DO MUNICÍPIO DE SÃO PAULO;Direta;84;Fundo Municipal de Saúde;FMS/SMS;NA;NA;NA;NA;NA;PMSP/ FMS/SP - EP - 22.330-1;PMSP/ FMS/SP - EP - 22.330-1;1;Receita Corrente;3;2;1;5;0;1;1;A;S;N;S;N;02.1.600.1819;Transferências Federais;N;0;0,00;0,00;0,00;0,00;0,00;0,00;0,00;172,00;950,50;1002,58;836,64;974,58;3936,30;16/01/2026
1,71350214000000e+24;51307;2025;1;PREFEITURA DO MUNICÍPIO DE SÃO PAULO;Direta;84;Fundo Municipal de Saúde;FMS/SMS;NA;NA;NA;NA;NA;SMS/FMS/ENTID/664642 - 22.326-3;SMS/FMS/ENTID/664642 - 22.326-3;1;Receita Corrente;7;1;3;50;2;1;40;A;S;N;S;S;02.1.600.1817;Transferências Federais;N;0;0,00;0,00;0,00;0,00;0,00;0,00;0,00;0,00;0,00;0,00;0,00;500000,00;500000,00;16/01/2026
1,32105010103020e+24;51308;2025;1;PREFEITURA DO MUNICÍPIO DE SÃO PAULO;Direta;84;Fundo Municipal de Saúde;FMS/SMS;NA;NA;NA;NA;NA;SMS/FMS/ENTID/664642 - 22.326-3;SMS/FMS/ENTID/664642 - 22.326-3;1;Receita Corrente;3;2;1;5;0;1;1;A;S;N;S;N;02.1.600.1817;Transferências Federais;N;0;0,00;0,00;0,00;0,00;0,00;0,00;0,00;0,00;0,00;0,00;0,00;4299,31;4299,31;16/01/2026
1,72999011400000e+24;51311;2025;1;PREFEITURA DO MUNICÍPIO DE SÃO PAULO;Direta;84;Fundo Municipal de Saúde;FMS/SMS;NA;NA;NA;NA;"Rubrica de receita destinada ao registro do valor transferido pelo Governo do Estado ao Município por meio de Transferência Especial relativa à Emenda Parlamentar LOA 2023.3550308.50003. Do valor total da referida Transferência Especial, o Deputado Estadual Dr. Jorge do Carmo destinou o valor de R$ 320.000,00 (trezentos e vinte mil reais), da EPE nº 2023.035.48350, para ""Custeio a Secretaria Municipal de Saúde de São Paulo"".";Transferência Especial - FMS - Emenda 2023.3550308.50003;Transferência Especial - FMS - Emenda 2023.3550308.50003;1;Receita Corrente;7;2;9;99;0;1;14;A;S;N;S;S;03.1.710.1814;Transferências Estaduais;N;0;0,00;0,00;0,00;0,00;0,00;0,00;0,00;0,00;320000,00;0,00;0,00;0,00;320000,00;16/01/2026
1,71350112900000e+24;51315;2025;1;PREFEITURA DO MUNICÍPIO DE SÃO PAULO;Direta;84;Fundo Municipal de Saúde;FMS/SMS;NA;NA;NA;NA;NA;PMSP-SMS/FMS/ITPAP/GAB - 22.261-5;PMSP-SMS/FMS/ITPAP/GAB - 22.261-5;1;Receita Corrente;7;1;3;50;1;1;29;A;S;N;S;S;02.1.600.1798;Transferências Federais;N;0;0,00;0,00;0,00;0,00;0,00;0,00;0,00;0,00;0,00;300000,00;0,00;0,00;300000,00;16/01/2026
1,92299013500000e+24;51321;2025;1;PREFEITURA DO MUNICÍPIO DE SÃO PAULO;Direta;84;Fundo Municipal de Saúde;FMS/SMS;NA;NA;NA;NA;Rubrica de receita decorrente de restituições de despesa executada com recursos de transferência da União destinada à Manutenção da Rede de Serviços Públicos de Saúde.;Outras Restituições - FMS - 19.047-0;Outras Restituições - FMS - 19.047-0;1;Receita Corrente;9;2;2;99;0;1;35;A;S;N;S;S;02.1.600.1168;Transferências Federais;N;0;0,00;0,00;0,00;0,00;0,00;0,00;31647,55;0,00;21329,58;0,00;0,00;0,00;52977,13;16/01/2026
1,71350212800000e+24;51368;2025;1;PREFEITURA DO MUNICÍPIO DE SÃO PAULO;Direta;84;Fundo Municipal de Saúde;FMS/SMS;NA;NA;NA;NA;NA;PMSP-SMS/FMS/ENTID/664730 - 22.320-4;PMSP-SMS/FMS/ENTID/664730 - 22.320-4;1;Receita Corrente;7;1;3;50;2;1;28;A;S;N;S;S;02.1.600.1799;Transferências Federais;N;0;0,00;0,00;0,00;0,00;0,00;0,00;0,00;0,00;300000,00;0,00;0,00;0,00;300000,00;16/01/2026
1,32105010103020e+24;51369;2025;1;PREFEITURA DO MUNICÍPIO DE SÃO PAULO;Direta;84;Fundo Municipal de Saúde;FMS/SMS;NA;NA;NA;NA;NA;PMSP-SMS/FMS/ENTID/664730 - 22.320-4;PMSP-SMS/FMS/ENTID/664730 - 22.320-4;1;Receita Corrente;3;2;1;5;0;1;1;A;S;N;S;N;02.1.600.1799;Transferências Federais;N;0;0,00;0,00;0,00;0,00;0,00;0,00;0,00;0,00;164,53;3807,99;3181,59;3730,38;10884,49;16/01/2026
1,32105010103020e+24;51372;2025;1;PREFEITURA DO MUNICÍPIO DE SÃO PAULO;Direta;84;Fundo Municipal de Saúde;FMS/SMS;NA;NA;NA;NA;NA;PMSP-SMS/FMS/ENTID/678530 - 22.672-6;PMSP-SMS/FMS/ENTID/678530 - 22.672-6;1;Receita Corrente;3;2;1;5;0;1;1;A;S;N;S;N;02.1.600.1837;Transferências Federais;N;0;0,00;0,00;0,00;0,00;0,00;0,00;0,00;0,00;1035,09;1497,45;1249,59;165,81;3947,94;16/01/2026
1,71350214400000e+24;51373;2025;1;PREFEITURA DO MUNICÍPIO DE SÃO PAULO;Direta;84;Fundo Municipal de Saúde;FMS/SMS;NA;NA;NA;NA;NA;PMSP-SMS/FMS/ENTID/678530 - 22.672-6;PMSP-SMS/FMS/ENTID/678530 - 22.672-6;1;Receita Corrente;7;1;3;50;2;1;44;A;S;N;S;S;02.1.600.1837;Transferências Federais;N;0;0,00;0,00;0,00;0,00;0,00;0,00;0,00;0,00;150000,00;0,00;0,00;0,00;150000,00;16/01/2026
1,32105010103020e+24;51374;2025;1;PREFEITURA DO MUNICÍPIO DE SÃO PAULO;Direta;84;Fundo Municipal de Saúde;FMS/SMS;NA;NA;NA;NA;NA;PMSP-SMS/FMS/ENTID/664515 - 22.673-4;PMSP-SMS/FMS/ENTID/664515 - 22.673-4;1;Receita Corrente;3;2;1;5;0;1;1;A;S;N;S;N;02.1.600.1838;Transferências Federais;N;0;0,00;0,00;0,00;0,00;0,00;0,00;0,00;172,00;950,50;1002,58;836,64;974,58;3936,30;16/01/2026
1,71350214500000e+24;51375;2025;1;PREFEITURA DO MUNICÍPIO DE SÃO PAULO;Direta;84;Fundo Municipal de Saúde;FMS/SMS;NA;NA;NA;NA;NA;PMSP-SMS/FMS/ENTID/664515 - 22.673-4;PMSP-SMS/FMS/ENTID/664515 - 22.673-4;1;Receita Corrente;7;1;3;50;2;1;45;A;S;N;S;S;02.1.600.1838;Transferências Federais;N;0;0,00;0,00;0,00;0,00;0,00;0,00;0,00;100000,00;0,00;0,00;0,00;0,00;100000,00;16/01/2026
1,32105010103020e+24;51376;2025;1;PREFEITURA DO MUNICÍPIO DE SÃO PAULO;Direta;84;Fundo Municipal de Saúde;FMS/SMS;NA;NA;NA;NA;NA;SMS/FMS/ENTID/664754 - 2.332-8;SMS/FMS/ENTID/664754 - 2.332-8;1;Receita Corrente;3;2;1;5;0;1;1;A;S;N;S;N;02.1.600.1821;Transferências Federais;N;0;0,00;0,00;0,00;0,00;0,00;0,00;0,00;0,00;561,25;501,29;418,32;487,29;1968,15;16/01/2026
1,71350214600000e+24;51377;2025;1;PREFEITURA DO MUNICÍPIO DE SÃO PAULO;Direta;84;Fundo Municipal de Saúde;FMS/SMS;NA;NA;NA;NA;NA;SMS/FMS/ENTID/664754 - 2.332-8;SMS/FMS/ENTID/664754 - 2.332-8;1;Receita Corrente;7;1;3;50;2;1;46;A;S;N;S;S;02.1.600.1821;Transferências Federais;N;0;0,00;0,00;0,00;0,00;0,00;0,00;0,00;0,00;50000,00;0,00;0,00;0,00;50000,00;16/01/2026
1,32105010103020e+24;51378;2025;1;PREFEITURA DO MUNICÍPIO DE SÃO PAULO;Direta;84;Fundo Municipal de Saúde;FMS/SMS;NA;NA;NA;NA;NA;PMSP-SMS/FMS/ENTID/666671 - 22.358-1;PMSP-SMS/FMS/ENTID/666671 - 22.358-1;1;Receita Corrente;3;2;1;5;0;1;1;A;S;N;S;N;02.1.600.1831;Transferências Federais;N;0;0,00;0,00;0,00;0,00;0,00;0,00;0,00;0,00;164,53;3807,99;3181,59;2538,80;9692,91;16/01/2026
1,71350214700000e+24;51379;2025;1;PREFEITURA DO MUNICÍPIO DE SÃO PAULO;Direta;84;Fundo Municipal de Saúde;FMS/SMS;NA;NA;NA;NA;NA;PMSP-SMS/FMS/ENTID/666671 - 22.358-1;PMSP-SMS/FMS/ENTID/666671 - 22.358-1;1;Receita Corrente;7;1;3;50;2;1;47;A;S;N;S;S;02.1.600.1831;Transferências Federais;N;0;0,00;0,00;0,00;0,00;0,00;0,00;0,00;0,00;300000,00;0,00;0,00;0,00;300000,00;16/01/2026
1,32105010103020e+24;51380;2025;1;PREFEITURA DO MUNICÍPIO DE SÃO PAULO;Direta;84;Fundo Municipal de Saúde;FMS/SMS;NA;NA;NA;NA;NA;PMSP-SMS/FMS/ENTID/664594 - 22.341-7;PMSP-SMS/FMS/ENTID/664594 - 22.341-7;1;Receita Corrente;3;2;1;5;0;1;1;A;S;N;S;N;02.1.600.1824;Transferências Federais;N;0;0,00;0,00;0,00;0,00;0,00;0,00;0,00;0,00;1122,50;1002,58;836,64;632,47;3594,19;16/01/2026
1,71350214800000e+24;51381;2025;1;PREFEITURA DO MUNICÍPIO DE SÃO PAULO;Direta;84;Fundo Municipal de Saúde;FMS/SMS;NA;NA;NA;NA;NA;PMSP-SMS/FMS/ENTID/664594 - 22.341-7;PMSP-SMS/FMS/ENTID/664594 - 22.341-7;1;Receita Corrente;7;1;3;50;2;1;48;A;S;N;S;S;02.1.600.1824;Transferências Federais;N;0;0,00;0,00;0,00;0,00;0,00;0,00;0,00;0,00;100000,00;0,00;0,00;0,00;100000,00;16/01/2026
1,32105010103020e+24;51382;2025;1;PREFEITURA DO MUNICÍPIO DE SÃO PAULO;Direta;84;Fundo Municipal de Saúde;FMS/SMS;NA;NA;NA;NA;NA;PMSP- SMS/FMS/ENTID/664719 - 22.346-8;PMSP- SMS/FMS/ENTID/664719 - 22.346-8;1;Receita Corrente;3;2;1;5;0;1;1;A;S;N;S;N;02.1.600.1827;Transferências Federais;N;0;0,00;0,00;0,00;0,00;0,00;0,00;0,00;0,00;0,00;257,54;1640,56;1911,05;3809,15;16/01/2026
1,71350214900000e+24;51383;2025;1;PREFEITURA DO MUNICÍPIO DE SÃO PAULO;Direta;84;Fundo Municipal de Saúde;FMS/SMS;NA;NA;NA;NA;NA;PMSP- SMS/FMS/ENTID/664719 - 22.346-8;PMSP- SMS/FMS/ENTID/664719 - 22.346-8;1;Receita Corrente;7;1;3;50;2;1;49;A;S;N;S;S;02.1.600.1827;Transferências Federais;N;0;0,00;0,00;0,00;0,00;0,00;0,00;0,00;0,00;0,00;200000,00;0,00;0,00;200000,00;16/01/2026
1,32105010103020e+24;51384;2025;1;PREFEITURA DO MUNICÍPIO DE SÃO PAULO;Direta;84;Fundo Municipal de Saúde;FMS/SMS;NA;NA;NA;NA;NA;PMSP-SMS/FMS/ENTID/664561 - 22.343-3;PMSP-SMS/FMS/ENTID/664561 - 22.343-3;1;Receita Corrente;3;2;1;5;0;1;1;A;S;N;S;N;02.1.600.1825;Transferências Federais;N;0;0,00;0,00;0,00;0,00;0,00;0,00;0,00;0,00;0,00;2575,36;16405,69;19110,46;38091,51;16/01/2026
1,71350215000000e+24;51385;2025;1;PREFEITURA DO MUNICÍPIO DE SÃO PAULO;Direta;84;Fundo Municipal de Saúde;FMS/SMS;NA;NA;NA;NA;NA;PMSP-SMS/FMS/ENTID/664561 - 22.343-3;PMSP-SMS/FMS/ENTID/664561 - 22.343-3;1;Receita Corrente;7;1;3;50;2;1;50;A;S;N;S;S;02.1.600.1825;Transferências Federais;N;0;0,00;0,00;0,00;0,00;0,00;0,00;0,00;0,00;0,00;2000000,00;0,00;0,00;2000000,00;16/01/2026
1,32105010103020e+24;51386;2025;1;PREFEITURA DO MUNICÍPIO DE SÃO PAULO;Direta;84;Fundo Municipal de Saúde;FMS/SMS;NA;NA;NA;NA;NA;PMSP-SMS/FMS/ENTID/664582 - 22.353-0;PMSP-SMS/FMS/ENTID/664582 - 22.353-0;1;Receita Corrente;3;2;1;5;0;1;1;A;S;N;S;N;02.1.600.1829;Transferências Federais;N;0;0,00;0,00;0,00;0,00;0,00;0,00;0,00;516,00;2851,49;1459,23;39,54;46,06;4912,32;16/01/2026
1,71350215100000e+24;51387;2025;1;PREFEITURA DO MUNICÍPIO DE SÃO PAULO;Direta;84;Fundo Municipal de Saúde;FMS/SMS;NA;NA;NA;NA;NA;PMSP-SMS/FMS/ENTID/664582 - 22.353-0;PMSP-SMS/FMS/ENTID/664582 - 22.353-0;1;Receita Corrente;7;1;3;50;2;1;51;A;S;N;S;S;02.1.600.1829;Transferências Federais;N;0;0,00;0,00;0,00;0,00;0,00;0,00;0,00;300000,00;0,00;0,00;0,00;0,00;300000,00;16/01/2026
1,32105010103020e+24;51388;2025;1;PREFEITURA DO MUNICÍPIO DE SÃO PAULO;Direta;84;Fundo Municipal de Saúde;FMS/SMS;NA;NA;NA;NA;NA;PMSP-SMS/FMS/ENTID/663384 - 22.356-5;PMSP-SMS/FMS/ENTID/663384 - 22.356-5;1;Receita Corrente;3;2;1;5;0;1;1;A;S;N;S;N;02.1.600.1830;Transferências Federais;N;0;0,00;0,00;0,00;0,00;0,00;0,00;0,00;256,17;5695,62;6007,77;5013,35;5839,89;22812,80;16/01/2026
1,71350215200000e+24;51389;2025;1;PREFEITURA DO MUNICÍPIO DE SÃO PAULO;Direta;84;Fundo Municipal de Saúde;FMS/SMS;NA;NA;NA;NA;NA;PMSP-SMS/FMS/ENTID/663384 - 22.356-5;PMSP-SMS/FMS/ENTID/663384 - 22.356-5;1;Receita Corrente;7;1;3;50;2;1;52;A;S;N;S;S;02.1.600.1830;Transferências Federais;N;0;0,00;0,00;0,00;0,00;0,00;0,00;0,00;600000,00;0,00;0,00;0,00;0,00;600000,00;16/01/2026
1,32105010103020e+24;51390;2025;1;PREFEITURA DO MUNICÍPIO DE SÃO PAULO;Direta;84;Fundo Municipal de Saúde;FMS/SMS;NA;NA;NA;NA;NA;PMSP-SMS/FMS/ENTID/663822 - 22.344-1;PMSP-SMS/FMS/ENTID/663822 - 22.344-1;1;Receita Corrente;3;2;1;5;0;1;1;A;S;N;S;N;02.1.600.1826;Transferências Federais;N;0;0,00;0,00;0,00;0,00;0,00;0,00;0,00;0,00;1725,14;2495,76;2082,65;2426,01;8729,56;16/01/2026
1,71350215300000e+24;51391;2025;1;PREFEITURA DO MUNICÍPIO DE SÃO PAULO;Direta;84;Fundo Municipal de Saúde;FMS/SMS;NA;NA;NA;NA;NA;PMSP-SMS/FMS/ENTID/663822 - 22.344-1;PMSP-SMS/FMS/ENTID/663822 - 22.344-1;1;Receita Corrente;7;1;3;50;2;1;53;A;S;N;S;S;02.1.600.1826;Transferências Federais;N;0;0,00;0,00;0,00;0,00;0,00;0,00;0,00;0,00;250000,00;0,00;0,00;0,00;250000,00;16/01/2026
1,71350215400000e+24;51396;2025;1;PREFEITURA DO MUNICÍPIO DE SÃO PAULO;Direta;84;Fundo Municipal de Saúde;FMS/SMS;NA;NA;NA;NA;NA;PMSP-SMS/FMS/ENTID/664312 - 22.339-5;PMSP-SMS/FMS/ENTID/664312 - 22.339-5;1;Receita Corrente;7;1;3;50;2;1;54;A;S;N;S;S;02.1.600.1823;Transferências Federais;N;0;0,00;0,00;0,00;0,00;0,00;0,00;0,00;0,00;400000,00;0,00;0,00;0,00;400000,00;16/01/2026
1,32105010103020e+24;51397;2025;1;PREFEITURA DO MUNICÍPIO DE SÃO PAULO;Direta;84;Fundo Municipal de Saúde;FMS/SMS;NA;NA;NA;NA;NA;PMSP-SMS/FMS/ENTID/664312 - 22.339-5;PMSP-SMS/FMS/ENTID/664312 - 22.339-5;1;Receita Corrente;3;2;1;5;0;1;1;A;S;N;S;N;02.1.600.1823;Transferências Federais;N;0;0,00;0,00;0,00;0,00;0,00;0,00;0,00;0,00;219,37;5077,33;4242,11;4973,84;14512,65;16/01/2026
1,71350215500000e+24;51402;2025;1;PREFEITURA DO MUNICÍPIO DE SÃO PAULO;Direta;84;Fundo Municipal de Saúde;FMS/SMS;NA;NA;NA;NA;NA;SMS/FMS/ENTID/664735 - 22.335-2;SMS/FMS/ENTID/664735 - 22.335-2;1;Receita Corrente;7;1;3;50;2;1;55;A;S;N;S;S;02.1.600.1822;Transferências Federais;N;0;0,00;0,00;0,00;0,00;0,00;0,00;0,00;0,00;1000000,00;0,00;0,00;0,00;1000000,00;16/01/2026
1,32105010103020e+24;51403;2025;1;PREFEITURA DO MUNICÍPIO DE SÃO PAULO;Direta;84;Fundo Municipal de Saúde;FMS/SMS;NA;NA;NA;NA;NA;SMS/FMS/ENTID/664735 - 22.335-2;SMS/FMS/ENTID/664735 - 22.335-2;1;Receita Corrente;3;2;1;5;0;1;1;A;S;N;S;N;02.1.600.1822;Transferências Federais;N;0;0,00;0,00;0,00;0,00;0,00;0,00;0,00;0,00;9919,65;10012,94;8355,59;9733,16;38021,34;16/01/2026
1,32105010101036e+24;51407;2025;1;PREFEITURA DO MUNICÍPIO DE SÃO PAULO;Direta;NA;NA;NA;NA;NA;NA;NA;Registra a receita de juros dos títulos de dívida pública federal CVS (Certificados de Valor do Sistema), emitidos pelo Tesouro Nacional, vencidos custodiados na Carteira clientes da CAIXA.;Juros e amortização de títulos públicos CVS - CEF;Juros e amortização de títulos públicos CVS - CEF;1;Receita Corrente;3;2;1;5;0;1;1;A;S;N;N;S;00.1.501.9001;Tesouro Municipal;N;0;0,00;0,00;0,00;0,00;0,00;0,00;0,00;2400,47;1308,66;1307,93;0,00;0,00;5017,06;16/01/2026
1,32105010103020e+24;51410;2025;1;PREFEITURA DO MUNICÍPIO DE SÃO PAULO;Direta;84;Fundo Municipal de Saúde;FMS/SMS;NA;NA;NA;NA;NA;PMSP-SMS/FMS/ENTID/664697 - 22.349-2;PMSP-SMS/FMS/ENTID/664697 - 22.349-2;1;Receita Corrente;3;2;1;5;0;1;1;A;S;N;S;N;02.1.600.1828;Transferências Federais;N;0;0,00;0,00;0,00;0,00;0,00;0,00;0,00;0,00;2244,99;2005,18;1673,28;1949,15;7872,60;16/01/2026
1,71350215600000e+24;51413;2025;1;PREFEITURA DO MUNICÍPIO DE SÃO PAULO;Direta;84;Fundo Municipal de Saúde;FMS/SMS;NA;NA;NA;NA;NA;PMSP-SMS/FMS/ENTID/664697 - 22.349-2;PMSP-SMS/FMS/ENTID/664697 - 22.349-2;1;Receita Corrente;7;1;3;50;2;1;56;A;S;N;S;S;02.1.600.1828;Transferências Federais;N;0;0,00;0,00;0,00;0,00;0,00;0,00;0,00;0,00;200000,00;0,00;0,00;0,00;200000,00;16/01/2026
1,32105010103020e+24;51416;2025;1;PREFEITURA DO MUNICÍPIO DE SÃO PAULO;Direta;84;Fundo Municipal de Saúde;FMS/SMS;NA;NA;NA;NA;NA;PMSP-SMS/FMS/ENTID/664606 - 22.360-3;PMSP-SMS/FMS/ENTID/664606 - 22.360-3;1;Receita Corrente;3;2;1;5;0;1;1;A;S;N;S;N;02.1.600.1832;Transferências Federais;N;0;0,00;0,00;0,00;0,00;0,00;0,00;0,00;0,00;0,00;643,84;4101,42;4777,62;9522,88;16/01/2026
1,71350215700000e+24;51419;2025;1;PREFEITURA DO MUNICÍPIO DE SÃO PAULO;Direta;84;Fundo Municipal de Saúde;FMS/SMS;NA;NA;NA;NA;NA;PMSP-SMS/FMS/ENTID/664606 - 22.360-3;PMSP-SMS/FMS/ENTID/664606 - 22.360-3;1;Receita Corrente;7;1;3;50;2;1;57;A;S;N;S;S;02.1.600.1832;Transferências Federais;N;0;0,00;0,00;0,00;0,00;0,00;0,00;0,00;0,00;0,00;500000,00;0,00;0,00;500000,00;16/01/2026
2,99999010158018e+24;51422;2025;1;PREFEITURA DO MUNICÍPIO DE SÃO PAULO;Direta;94;Fundo Especial do Meio Ambiente e Desenvolvimento Sustentável;FEMA;NA;NA;NA;NA;Rubrica de receita destinada ao registro dos recursos oriundos da Compensação Ambiental por Manejo Arbóreo, com destinação exclusiva à aquisição de áreas para implantação de áreas verdes, em consonância ao inciso V do art. 290 da Lei Municipal nº 16.050/2014 (Plano Diretor Estratégico).;FEMA-Compensação Ambiental por Manejo Arbóreo- Aquisições Áreas Verdes;FEMA-Compensação Ambiental por Manejo Arbóreo- Aquisições Áreas Verdes;2;Receita de Capital;9;9;9;99;0;1;1;A;S;N;N;S;08.1.759.1851;Tesouro Municipal - Recursos Vinculados;N;0;0,00;0,00;0,00;0,00;0,00;0,00;0,00;0,00;1484364,18;37156,86;0,00;0,00;1521521,04;16/01/2026
1,32105010109011e+24;51425;2025;1;PREFEITURA DO MUNICÍPIO DE SÃO PAULO;Direta;94;Fundo Especial do Meio Ambiente e Desenvolvimento Sustentável;FEMA;NA;NA;NA;NA;Rubrica de receita destinada ao registro dos rendimentos de aplicação financeira em fundo de renda fixa dos recursos oriundos da Compensação Ambiental por Manejo Arbóreo, com destinação exclusiva à aquisição de áreas para implantação de áreas verdes, em consonância ao inciso V do art. 290 da Lei Municipal nº 16.050/2014 (Plano Diretor Estratégico).;PMSP-SVMA/FEMA-Aquisições de Áreas Verdes;PMSP-SVMA/FEMA-Aquisições de Áreas Verdes;1;Receita Corrente;3;2;1;5;0;1;1;A;S;N;N;N;08.1.759.1851;Tesouro Municipal - Recursos Vinculados;N;0;0,00;0,00;0,00;0,00;0,00;0,00;0,00;0,00;0,00;33778,94;15889,93;18630,79;68299,66;16/01/2026
1,32105010103020e+24;51426;2025;1;PREFEITURA DO MUNICÍPIO DE SÃO PAULO;Direta;84;Fundo Municipal de Saúde;FMS/SMS;NA;NA;NA;NA;NA;PMSP-SMS/FMS/ENTID/664703 - 22.354-9;PMSP-SMS/FMS/ENTID/664703 - 22.354-9;1;Receita Corrente;3;2;1;5;0;1;1;A;S;N;S;N;02.1.600.1860;Transferências Federais;N;0;0,00;0,00;0,00;0,00;0,00;0,00;0,00;0,00;1725,14;2495,76;2082,65;2426,01;8729,56;16/01/2026
1,71350215800000e+24;51427;2025;1;PREFEITURA DO MUNICÍPIO DE SÃO PAULO;Direta;84;Fundo Municipal de Saúde;FMS/SMS;NA;NA;NA;NA;NA;PMSP-SMS/FMS/ENTID/664703 - 22.354-9;PMSP-SMS/FMS/ENTID/664703 - 22.354-9;1;Receita Corrente;7;1;3;50;2;1;58;A;S;N;S;S;02.1.600.1860;Transferências Federais;N;0;0,00;0,00;0,00;0,00;0,00;0,00;0,00;0,00;250000,00;0,00;0,00;0,00;250000,00;16/01/2026
1,32105010103020e+24;51428;2025;1;PREFEITURA DO MUNICÍPIO DE SÃO PAULO;Direta;84;Fundo Municipal de Saúde;FMS/SMS;NA;NA;NA;NA;NA;PMSP-SMS/FMS/ENTID/664432 - 22.342-5;PMSP-SMS/FMS/ENTID/664432 - 22.342-5;1;Receita Corrente;3;2;1;5;0;1;1;A;S;N;S;N;02.1.600.1858;Transferências Federais;N;0;0,00;0,00;0,00;0,00;0,00;0,00;0,00;0,00;0,00;643,84;4101,42;4777,62;9522,88;16/01/2026
1,71350215900000e+24;51429;2025;1;PREFEITURA DO MUNICÍPIO DE SÃO PAULO;Direta;84;Fundo Municipal de Saúde;FMS/SMS;NA;NA;NA;NA;NA;PMSP-SMS/FMS/ENTID/664432 - 22.342-5;PMSP-SMS/FMS/ENTID/664432 - 22.342-5;1;Receita Corrente;7;1;3;50;2;1;59;A;S;N;S;S;02.1.600.1858;Transferências Federais;N;0;0,00;0,00;0,00;0,00;0,00;0,00;0,00;0,00;0,00;500000,00;0,00;0,00;500000,00;16/01/2026
1,32105010103020e+24;51430;2025;1;PREFEITURA DO MUNICÍPIO DE SÃO PAULO;Direta;84;Fundo Municipal de Saúde;FMS/SMS;NA;NA;NA;NA;NA;PMSP-SMS/FMS/ENTID/664406 - 22.337-9;PMSP-SMS/FMS/ENTID/664406 - 22.337-9;1;Receita Corrente;3;2;1;5;0;1;1;A;S;N;S;N;02.1.600.1856;Transferências Federais;N;0;0,00;0,00;0,00;0,00;0,00;0,00;0,00;0,00;1122,50;1002,58;836,64;974,58;3936,30;16/01/2026
1,71350216000000e+24;51431;2025;1;PREFEITURA DO MUNICÍPIO DE SÃO PAULO;Direta;84;Fundo Municipal de Saúde;FMS/SMS;NA;NA;NA;NA;NA;PMSP-SMS/FMS/ENTID/664406 - 22.337-9;PMSP-SMS/FMS/ENTID/664406 - 22.337-9;1;Receita Corrente;7;1;3;50;2;1;60;A;S;N;S;S;02.1.600.1856;Transferências Federais;N;0;0,00;0,00;0,00;0,00;0,00;0,00;0,00;0,00;100000,00;0,00;0,00;0,00;100000,00;16/01/2026
1,32105010103020e+24;51432;2025;1;PREFEITURA DO MUNICÍPIO DE SÃO PAULO;Direta;84;Fundo Municipal de Saúde;FMS/SMS;NA;NA;NA;NA;NA;PMSP-SMS/FMS/ENTID/664403 - 22.355-7;PMSP-SMS/FMS/ENTID/664403 - 22.355-7;1;Receita Corrente;3;2;1;5;0;1;1;A;S;N;S;N;02.1.600.1861;Transferências Federais;N;0;0,00;0,00;0,00;0,00;0,00;0,00;0,00;0,00;0,00;257,54;1640,56;1911,05;3809,15;16/01/2026
1,71350216100000e+24;51433;2025;1;PREFEITURA DO MUNICÍPIO DE SÃO PAULO;Direta;84;Fundo Municipal de Saúde;FMS/SMS;NA;NA;NA;NA;NA;PMSP-SMS/FMS/ENTID/664403 - 22.355-7;PMSP-SMS/FMS/ENTID/664403 - 22.355-7;1;Receita Corrente;7;1;3;50;2;1;61;A;S;N;S;S;02.1.600.1861;Transferências Federais;N;0;0,00;0,00;0,00;0,00;0,00;0,00;0,00;0,00;0,00;200000,00;0,00;0,00;200000,00;16/01/2026
1,32105010103020e+24;51434;2025;1;PREFEITURA DO MUNICÍPIO DE SÃO PAULO;Direta;84;Fundo Municipal de Saúde;FMS/SMS;NA;NA;NA;NA;NA;PMSP-SMS/FMS/ITPAP/GAB - 22.267-4;PMSP-SMS/FMS/ITPAP/GAB - 22.267-4;1;Receita Corrente;3;2;1;5;0;1;1;A;S;N;S;N;02.1.600.1854;Transferências Federais;N;0;0,00;0,00;0,00;0,00;0,00;0,00;0,00;0,00;37582,13;30116,40;25131,50;29274,86;122104,89;16/01/2026
1,32105010103020e+24;51436;2025;1;PREFEITURA DO MUNICÍPIO DE SÃO PAULO;Direta;84;Fundo Municipal de Saúde;FMS/SMS;NA;NA;NA;NA;NA;PMSP-SMS/FMS/ITPAP/GAB - 22.266-6;PMSP-SMS/FMS/ITPAP/GAB - 22.266-6;1;Receita Corrente;3;2;1;5;0;1;1;A;S;N;S;N;02.1.600.1853;Transferências Federais;N;0;0,00;0,00;0,00;0,00;0,00;0,00;0,00;0,00;10021,90;8031,04;6701,73;7806,63;32561,30;16/01/2026
1,71350113000000e+24;51437;2025;1;PREFEITURA DO MUNICÍPIO DE SÃO PAULO;Direta;84;Fundo Municipal de Saúde;FMS/SMS;NA;NA;NA;NA;NA;PMSP-SMS/FMS/ITPAP/GAB - 22.266-6;PMSP-SMS/FMS/ITPAP/GAB - 22.266-6;1;Receita Corrente;7;1;3;50;1;1;30;A;S;N;S;S;02.1.600.1853;Transferências Federais;N;0;0,00;0,00;0,00;0,00;0,00;0,00;0,00;0,00;800000,00;0,00;0,00;0,00;800000,00;16/01/2026
1,32105010103020e+24;51438;2025;1;PREFEITURA DO MUNICÍPIO DE SÃO PAULO;Direta;84;Fundo Municipal de Saúde;FMS/SMS;NA;NA;NA;NA;NA;PMSP-SMS/FMS/ITPAP/GAB - 22.265-8;PMSP-SMS/FMS/ITPAP/GAB - 22.265-8;1;Receita Corrente;3;2;1;5;0;1;1;A;S;N;S;N;02.1.600.1852;Transferências Federais;N;0;0,00;0,00;0,00;0,00;0,00;0,00;0,00;0,00;0,00;1673,98;10663,70;12421,80;24759,48;16/01/2026
1,71350113100000e+24;51439;2025;1;PREFEITURA DO MUNICÍPIO DE SÃO PAULO;Direta;84;Fundo Municipal de Saúde;FMS/SMS;NA;NA;NA;NA;NA;PMSP-SMS/FMS/ITPAP/GAB - 22.265-8;PMSP-SMS/FMS/ITPAP/GAB - 22.265-8;1;Receita Corrente;7;1;3;50;1;1;31;A;S;N;S;S;02.1.600.1852;Transferências Federais;N;0;0,00;0,00;0,00;0,00;0,00;0,00;0,00;0,00;0,00;1300000,00;0,00;0,00;1300000,00;16/01/2026
1,32105010103020e+24;51484;2025;1;PREFEITURA DO MUNICÍPIO DE SÃO PAULO;Direta;84;Fundo Municipal de Saúde;FMS/SMS;NA;NA;NA;NA;NA;PMSP-SMS/FMS/ENTID/664558 - 22.352-2;PMSP-SMS/FMS/ENTID/664558 - 22.352-2;1;Receita Corrente;3;2;1;5;0;1;1;A;S;N;S;N;02.1.600.1859;Transferências Federais;N;0;0,00;0,00;0,00;0,00;0,00;0,00;0,00;0,00;1725,14;2495,76;2082,65;2319,46;8623,01;16/01/2026
1,71350216300000e+24;51485;2025;1;PREFEITURA DO MUNICÍPIO DE SÃO PAULO;Direta;84;Fundo Municipal de Saúde;FMS/SMS;NA;NA;NA;NA;NA;PMSP-SMS/FMS/ENTID/664558 - 22.352-2;PMSP-SMS/FMS/ENTID/664558 - 22.352-2;1;Receita Corrente;7;1;3;50;2;1;63;A;S;N;S;S;02.1.600.1859;Transferências Federais;N;0;0,00;0,00;0,00;0,00;0,00;0,00;0,00;0,00;250000,00;0,00;0,00;0,00;250000,00;16/01/2026
1,71350216400000e+24;51486;2025;1;PREFEITURA DO MUNICÍPIO DE SÃO PAULO;Direta;84;Fundo Municipal de Saúde;FMS/SMS;NA;NA;NA;NA;NA;PMSP-SMS/FMS/ENTID/664357 - 22.362-X;PMSP-SMS/FMS/ENTID/664357 - 22.362-X;1;Receita Corrente;7;1;3;50;2;1;64;A;S;N;S;S;02.1.600.1862;Transferências Federais;N;0;0,00;0,00;0,00;0,00;0,00;0,00;0,00;0,00;500000,00;0,00;0,00;0,00;500000,00;16/01/2026
1,32105010103020e+24;51487;2025;1;PREFEITURA DO MUNICÍPIO DE SÃO PAULO;Direta;84;Fundo Municipal de Saúde;FMS/SMS;NA;NA;NA;NA;NA;PMSP-SMS/FMS/ENTID/664357 - 22.362-X;PMSP-SMS/FMS/ENTID/664357 - 22.362-X;1;Receita Corrente;3;2;1;5;0;1;1;A;S;N;S;S;02.1.600.1862;Transferências Federais;N;0;0,00;0,00;0,00;0,00;0,00;0,00;0,00;0,00;4959,82;5006,48;4177,79;4653,48;18797,57;16/01/2026
1,32105010103020e+24;51488;2025;1;PREFEITURA DO MUNICÍPIO DE SÃO PAULO;Direta;84;Fundo Municipal de Saúde;FMS/SMS;NA;NA;NA;NA;NA;PMSP-SMS/FMS/ENTID/664449 - 22.338-7;PMSP-SMS/FMS/ENTID/664449 - 22.338-7;1;Receita Corrente;3;2;1;5;0;1;1;A;S;N;S;N;02.1.600.1857;Transferências Federais;N;0;0,00;0,00;0,00;0,00;0,00;0,00;0,00;0,00;3367,49;3007,76;2509,92;2923,72;11808,89;16/01/2026
1,71350216500000e+24;51489;2025;1;PREFEITURA DO MUNICÍPIO DE SÃO PAULO;Direta;84;Fundo Municipal de Saúde;FMS/SMS;NA;NA;NA;NA;NA;PMSP-SMS/FMS/ENTID/664449 - 22.338-7;PMSP-SMS/FMS/ENTID/664449 - 22.338-7;1;Receita Corrente;7;1;3;50;2;1;65;A;S;N;S;S;02.1.600.1857;Transferências Federais;N;0;0,00;0,00;0,00;0,00;0,00;0,00;0,00;0,00;300000,00;0,00;0,00;0,00;300000,00;16/01/2026
1,32105010103020e+24;51490;2025;1;PREFEITURA DO MUNICÍPIO DE SÃO PAULO;Direta;84;Fundo Municipal de Saúde;FMS/SMS;NA;NA;NA;NA;NA;PMSP-SMS/FMS/ENTID/664446 - 22.336-0;PMSP-SMS/FMS/ENTID/664446 - 22.336-0;1;Receita Corrente;3;2;1;5;0;1;1;A;S;N;S;N;02.1.600.1855;Transferências Federais;N;0;0,00;0,00;0,00;0,00;0,00;0,00;0,00;0,00;5612,48;5012,94;4183,20;4659,77;19468,39;16/01/2026
1,71350216600000e+24;51491;2025;1;PREFEITURA DO MUNICÍPIO DE SÃO PAULO;Direta;84;Fundo Municipal de Saúde;FMS/SMS;NA;NA;NA;NA;NA;PMSP-SMS/FMS/ENTID/664446 - 22.336-0;PMSP-SMS/FMS/ENTID/664446 - 22.336-0;1;Receita Corrente;7;1;3;50;2;1;66;A;S;N;S;S;02.1.600.1855;Transferências Federais;N;0;0,00;0,00;0,00;0,00;0,00;0,00;0,00;0,00;500000,00;0,00;0,00;0,00;500000,00;16/01/2026
1,71350113200000e+24;51494;2025;1;PREFEITURA DO MUNICÍPIO DE SÃO PAULO;Direta;84;Fundo Municipal de Saúde;FMS/SMS;NA;NA;NA;NA;NA;PMSP-SMS/FMS/ITPAP/GAB - 22.267-4;PMSP-SMS/FMS/ITPAP/GAB - 22.267-4;1;Receita Corrente;7;1;3;50;1;1;32;A;S;N;S;S;02.1.600.1854;Transferências Federais;N;0;0,00;0,00;0,00;0,00;0,00;0,00;0,00;0,00;3000000,00;0,00;0,00;0,00;3000000,00;16/01/2026
1,32105010103020e+24;51546;2025;1;PREFEITURA DO MUNICÍPIO DE SÃO PAULO;Direta;84;Fundo Municipal de Saúde;FMS/SMS;NA;NA;NA;NA;NA;PMSP-SMS/FMS/ENTID/664244 - 22.347-6;PMSP-SMS/FMS/ENTID/664244 - 22.347-6;1;Receita Corrente;3;2;1;5;0;1;1;A;S;N;S;N;02.1.600.1840;Transferências Federais;N;0;0,00;0,00;0,00;0,00;0,00;0,00;0,00;0,00;0,00;257,54;1640,56;1911,05;3809,15;16/01/2026
1,71350216701001e+24;51547;2025;1;PREFEITURA DO MUNICÍPIO DE SÃO PAULO;Direta;84;Fundo Municipal de Saúde;FMS/SMS;NA;NA;NA;NA;NA;PMSP-SMS/FMS/ENTID/664244 - 22.347-6;PMSP-SMS/FMS/ENTID/664244 - 22.347-6;1;Receita Corrente;7;1;3;50;2;1;67;A;S;N;S;S;02.1.600.1840;Transferências Federais;N;0;0,00;0,00;0,00;0,00;0,00;0,00;0,00;0,00;0,00;200000,00;0,00;0,00;200000,00;16/01/2026
1,32105010103020e+24;51548;2025;1;PREFEITURA DO MUNICÍPIO DE SÃO PAULO;Direta;84;Fundo Municipal de Saúde;FMS/SMS;NA;NA;NA;NA;NA;PMSP-SMS/FMS/ENTID/664581 - 22.327-1;PMSP-SMS/FMS/ENTID/664581 - 22.327-1;1;Receita Corrente;3;2;1;5;0;1;1;A;S;N;S;N;02.1.600.1839;Transferências Federais;N;0;0,00;0,00;0,00;0,00;0,00;0,00;0,00;0,00;561,25;501,29;418,32;465,98;1946,84;16/01/2026
1,71350216701002e+24;51549;2025;1;PREFEITURA DO MUNICÍPIO DE SÃO PAULO;Direta;84;Fundo Municipal de Saúde;FMS/SMS;NA;NA;NA;NA;NA;PMSP-SMS/FMS/ENTID/664581 - 22.327-1;PMSP-SMS/FMS/ENTID/664581 - 22.327-1;1;Receita Corrente;7;1;3;50;2;1;67;A;S;N;S;S;02.1.600.1839;Transferências Federais;N;0;0,00;0,00;0,00;0,00;0,00;0,00;0,00;0,00;50000,00;0,00;0,00;0,00;50000,00;16/01/2026
1,32105010103020e+24;51550;2025;1;PREFEITURA DO MUNICÍPIO DE SÃO PAULO;Direta;84;Fundo Municipal de Saúde;FMS/SMS;NA;NA;NA;NA;NA;PMSP-SMS/FMS/ENTID/664637 - 22.518-5;PMSP-SMS/FMS/ENTID/664637 - 22.518-5;1;Receita Corrente;3;2;1;5;0;1;1;A;S;N;S;N;02.1.600.1841;Transferências Federais;N;0;0,00;0,00;0,00;0,00;0,00;0,00;0,00;0,00;0,00;257,54;1640,56;1911,05;3809,15;16/01/2026
1,71350216701003e+24;51551;2025;1;PREFEITURA DO MUNICÍPIO DE SÃO PAULO;Direta;84;Fundo Municipal de Saúde;FMS/SMS;NA;NA;NA;NA;NA;PMSP-SMS/FMS/ENTID/664637 - 22.518-5;PMSP-SMS/FMS/ENTID/664637 - 22.518-5;1;Receita Corrente;7;1;3;50;2;1;67;A;S;N;S;S;02.1.600.1841;Transferências Federais;N;0;0,00;0,00;0,00;0,00;0,00;0,00;0,00;0,00;0,00;200000,00;0,00;0,00;200000,00;16/01/2026
1,32105010103020e+24;51552;2025;1;PREFEITURA DO MUNICÍPIO DE SÃO PAULO;Direta;84;Fundo Municipal de Saúde;FMS/SMS;NA;NA;NA;NA;NA;PMSP/SMS/FMS/ENTID/662961 - 22.589-4;PMSP/SMS/FMS/ENTID/662961 - 22.589-4;1;Receita Corrente;3;2;1;5;0;1;1;A;S;N;S;N;02.1.600.1842;Transferências Federais;N;0;0,00;0,00;0,00;0,00;0,00;0,00;0,00;0,00;0,00;0,00;2924,96;10776,45;13701,41;16/01/2026
1,71350216701004e+24;51553;2025;1;PREFEITURA DO MUNICÍPIO DE SÃO PAULO;Direta;84;Fundo Municipal de Saúde;FMS/SMS;NA;NA;NA;NA;NA;PMSP/SMS/FMS/ENTID/662961 - 22.589-4;PMSP/SMS/FMS/ENTID/662961 - 22.589-4;1;Receita Corrente;7;1;3;50;2;1;67;A;S;N;S;S;02.1.600.1842;Transferências Federais;N;0;0,00;0,00;0,00;0,00;0,00;0,00;0,00;0,00;0,00;0,00;1135586,00;0,00;1135586,00;16/01/2026
1,32105010103020e+24;51554;2025;1;PREFEITURA DO MUNICÍPIO DE SÃO PAULO;Direta;84;Fundo Municipal de Saúde;FMS/SMS;NA;NA;NA;NA;NA;PMSP-SMS/FMS/ENTID/668446 - 22.591-6;PMSP-SMS/FMS/ENTID/668446 - 22.591-6;1;Receita Corrente;3;2;1;5;0;1;1;A;S;N;S;N;02.1.600.1844;Transferências Federais;N;0;0,00;0,00;0,00;0,00;0,00;0,00;0,00;0,00;0,00;57,95;369,12;429,99;857,06;16/01/2026
1,71350216701005e+24;51555;2025;1;PREFEITURA DO MUNICÍPIO DE SÃO PAULO;Direta;84;Fundo Municipal de Saúde;FMS/SMS;NA;NA;NA;NA;NA;PMSP-SMS/FMS/ENTID/668446 - 22.591-6;PMSP-SMS/FMS/ENTID/668446 - 22.591-6;1;Receita Corrente;7;1;3;50;2;1;67;A;S;N;S;S;02.1.600.1844;Transferências Federais;N;0;0,00;0,00;0,00;0,00;0,00;0,00;0,00;0,00;0,00;45000,00;0,00;0,00;45000,00;16/01/2026
1,32105010103020e+24;51556;2025;1;PREFEITURA DO MUNICÍPIO DE SÃO PAULO;Direta;84;Fundo Municipal de Saúde;FMS/SMS;NA;NA;NA;NA;NA;PMSP-SMS/FMS/ENTID/664724 - 22.630-0;PMSP-SMS/FMS/ENTID/664724 - 22.630-0;1;Receita Corrente;3;2;1;5;0;1;1;A;S;N;S;N;02.1.600.1846;Transferências Federais;N;0;0,00;0,00;0,00;0,00;0,00;0,00;0,00;172,00;950,50;1002,58;836,64;974,58;3936,30;16/01/2026
1,71350216701007e+24;51557;2025;1;PREFEITURA DO MUNICÍPIO DE SÃO PAULO;Direta;84;Fundo Municipal de Saúde;FMS/SMS;NA;NA;NA;NA;NA;PMSP-SMS/FMS/ENTID/664724 - 22.630-0;PMSP-SMS/FMS/ENTID/664724 - 22.630-0;1;Receita Corrente;7;1;3;50;2;1;67;A;S;N;S;S;02.1.600.1846;Transferências Federais;N;0;0,00;0,00;0,00;0,00;0,00;0,00;0,00;100000,00;0,00;0,00;0,00;0,00;100000,00;16/01/2026
1,32105010103020e+24;51558;2025;1;PREFEITURA DO MUNICÍPIO DE SÃO PAULO;Direta;84;Fundo Municipal de Saúde;FMS/SMS;NA;NA;NA;NA;NA;PMSP-SMS/FMS/ENTID/664748 - 22.629-7;PMSP-SMS/FMS/ENTID/664748 - 22.629-7;1;Receita Corrente;3;2;1;5;0;1;1;A;S;N;S;N;02.1.600.1845;Transferências Federais;N;0;0,00;0,00;0,00;0,00;0,00;0,00;0,00;1203,99;6653,48;7018,12;5856,48;6822,01;27554,08;16/01/2026
1,71350216701008e+24;51559;2025;1;PREFEITURA DO MUNICÍPIO DE SÃO PAULO;Direta;84;Fundo Municipal de Saúde;FMS/SMS;NA;NA;NA;NA;NA;PMSP-SMS/FMS/ENTID/664748 - 22.629-7;PMSP-SMS/FMS/ENTID/664748 - 22.629-7;1;Receita Corrente;7;1;3;50;2;1;67;A;S;N;S;S;02.1.600.1845;Transferências Federais;N;0;0,00;0,00;0,00;0,00;0,00;0,00;0,00;700000,00;0,00;0,00;0,00;0,00;700000,00;16/01/2026
1,32105010103020e+24;51560;2025;1;PREFEITURA DO MUNICÍPIO DE SÃO PAULO;Direta;84;Fundo Municipal de Saúde;FMS/SMS;NA;NA;NA;NA;NA;PMSP-SMS/FMS/ENTID/666685 - 22.631-9;PMSP-SMS/FMS/ENTID/666685 - 22.631-9;1;Receita Corrente;3;2;1;5;0;1;1;A;S;N;S;N;02.1.600.1847;Transferências Federais;N;0;0,00;0,00;0,00;0,00;0,00;0,00;0,00;1719,99;9504,97;10025,89;8366,39;6324,69;35941,93;16/01/2026
1,71350216701009e+24;51561;2025;1;PREFEITURA DO MUNICÍPIO DE SÃO PAULO;Direta;84;Fundo Municipal de Saúde;FMS/SMS;NA;NA;NA;NA;NA;PMSP-SMS/FMS/ENTID/666685 - 22.631-9;PMSP-SMS/FMS/ENTID/666685 - 22.631-9;1;Receita Corrente;7;1;3;50;2;1;67;A;S;N;S;S;02.1.600.1847;Transferências Federais;N;0;0,00;0,00;0,00;0,00;0,00;0,00;0,00;1000000,00;0,00;0,00;0,00;0,00;1000000,00;16/01/2026
1,32105010103020e+24;51562;2025;1;PREFEITURA DO MUNICÍPIO DE SÃO PAULO;Direta;84;Fundo Municipal de Saúde;FMS/SMS;NA;NA;NA;NA;NA;PMSP-SMS/FMS/ENTID/668403 - 22.633-5;PMSP-SMS/FMS/ENTID/668403 - 22.633-5;1;Receita Corrente;3;2;1;5;0;1;1;A;S;N;S;N;02.1.600.1849;Transferências Federais;N;0;0,00;0,00;0,00;0,00;0,00;0,00;0,00;0,00;0,00;128,77;820,28;955,53;1904,58;16/01/2026
1,71350216701010e+24;51563;2025;1;PREFEITURA DO MUNICÍPIO DE SÃO PAULO;Direta;84;Fundo Municipal de Saúde;FMS/SMS;NA;NA;NA;NA;NA;PMSP-SMS/FMS/ENTID/668403 - 22.633-5;PMSP-SMS/FMS/ENTID/668403 - 22.633-5;1;Receita Corrente;7;1;3;50;2;1;67;A;S;N;S;S;02.1.600.1849;Transferências Federais;N;0;0,00;0,00;0,00;0,00;0,00;0,00;0,00;0,00;0,00;100000,00;0,00;0,00;100000,00;16/01/2026
1,32105010103020e+24;51564;2025;1;PREFEITURA DO MUNICÍPIO DE SÃO PAULO;Direta;84;Fundo Municipal de Saúde;FMS/SMS;NA;NA;NA;NA;NA;PMSP-SMS/FMS/ENTID/664534 - 22.632-7;PMSP-SMS/FMS/ENTID/664534 - 22.632-7;1;Receita Corrente;3;2;1;5;0;1;1;A;S;N;S;N;02.1.600.1848;Transferências Federais;N;0;0,00;0,00;0,00;0,00;0,00;0,00;0,00;228,82;1687,18;1779,64;1485,07;1729,91;6910,62;16/01/2026
1,71350216701011e+24;51565;2025;1;PREFEITURA DO MUNICÍPIO DE SÃO PAULO;Direta;84;Fundo Municipal de Saúde;FMS/SMS;NA;NA;NA;NA;NA;PMSP-SMS/FMS/ENTID/664534 - 22.632-7;PMSP-SMS/FMS/ENTID/664534 - 22.632-7;1;Receita Corrente;7;1;3;50;2;1;67;A;S;N;S;S;02.1.600.1848;Transferências Federais;N;0;0,00;0,00;0,00;0,00;0,00;0,00;0,00;177581,00;0,00;0,00;0,00;0,00;177581,00;16/01/2026
1,32105010103020e+24;51566;2025;1;PREFEITURA DO MUNICÍPIO DE SÃO PAULO;Direta;84;Fundo Municipal de Saúde;FMS/SMS;NA;NA;NA;NA;NA;PMSP-SMS/FMS/ENTID/664739 - 22.634-3;PMSP-SMS/FMS/ENTID/664739 - 22.634-3;1;Receita Corrente;3;2;1;5;0;1;1;A;S;N;S;N;02.1.600.1850;Transferências Federais;N;0;0,00;0,00;0,00;0,00;0,00;0,00;0,00;0,00;0,00;85,78;1639,17;1909,40;3634,35;16/01/2026
1,71350216701012e+24;51567;2025;1;PREFEITURA DO MUNICÍPIO DE SÃO PAULO;Direta;84;Fundo Municipal de Saúde;FMS/SMS;NA;NA;NA;NA;NA;PMSP-SMS/FMS/ENTID/664739 - 22.634-3;PMSP-SMS/FMS/ENTID/664739 - 22.634-3;1;Receita Corrente;7;1;3;50;2;1;67;A;S;N;S;S;02.1.600.1850;Transferências Federais;N;0;0,00;0,00;0,00;0,00;0,00;0,00;0,00;0,00;0,00;200000,00;0,00;0,00;200000,00;16/01/2026
1,32105010103020e+24;51568;2025;1;PREFEITURA DO MUNICÍPIO DE SÃO PAULO;Direta;84;Fundo Municipal de Saúde;FMS/SMS;NA;NA;NA;NA;NA;PMSP-SMS/FMS/ENTID/671981 - 22.590-8;PMSP-SMS/FMS/ENTID/671981 - 22.590-8;1;Receita Corrente;3;2;1;5;0;1;1;A;S;N;S;N;02.1.600.1843;Transferências Federais;N;0;0,00;0,00;0,00;0,00;0,00;0,00;0,00;0,00;0,00;199,59;1271,44;1481,06;2952,09;16/01/2026
1,71350216701006e+24;51569;2025;1;PREFEITURA DO MUNICÍPIO DE SÃO PAULO;Direta;84;Fundo Municipal de Saúde;FMS/SMS;NA;NA;NA;NA;NA;PMSP-SMS/FMS/ENTID/671981 - 22.590-8;PMSP-SMS/FMS/ENTID/671981 - 22.590-8;1;Receita Corrente;7;1;3;50;2;1;67;A;S;N;S;S;02.1.600.1843;Transferências Federais;N;0;0,00;0,00;0,00;0,00;0,00;0,00;0,00;0,00;0,00;155000,00;0,00;0,00;155000,00;16/01/2026
1,32105010103020e+24;51605;2025;1;PREFEITURA DO MUNICÍPIO DE SÃO PAULO;Direta;84;Fundo Municipal de Saúde;FMS/SMS;NA;NA;NA;NA;NA;SMS/FMS/ENTID/656548 - 22.321-2;SMS/FMS/ENTID/656548 - 22.321-2;1;Receita Corrente;3;2;1;5;0;1;1;A;S;N;S;N;02.1.600.1869;Transferências Federais;N;0;0,00;0,00;0,00;0,00;0,00;0,00;0,00;0,00;2806,24;2506,47;2091,60;2436,43;9840,74;16/01/2026
1,71350216701016e+24;51606;2025;1;PREFEITURA DO MUNICÍPIO DE SÃO PAULO;Direta;84;Fundo Municipal de Saúde;FMS/SMS;NA;NA;NA;NA;NA;SMS/FMS/ENTID/656548 - 22.321-2;SMS/FMS/ENTID/656548 - 22.321-2;1;Receita Corrente;7;1;3;50;2;1;67;A;S;N;S;S;02.1.600.1869;Transferências Federais;N;0;0,00;0,00;0,00;0,00;0,00;0,00;0,00;0,00;250000,00;0,00;0,00;0,00;250000,00;16/01/2026
1,32105010103020e+24;51607;2025;1;PREFEITURA DO MUNICÍPIO DE SÃO PAULO;Direta;84;Fundo Municipal de Saúde;FMS/SMS;NA;NA;NA;NA;NA;SMS/FMS/ENTID/646685 - 22.483-9;SMS/FMS/ENTID/646685 - 22.483-9;1;Receita Corrente;3;2;1;5;0;1;1;A;S;N;S;N;02.1.600.1875;Transferências Federais;N;0;0,00;0,00;0,00;0,00;0,00;0,00;0,00;0,00;11224,96;10025,89;8366,39;9745,74;39362,98;16/01/2026
1,71350216701017e+24;51608;2025;1;PREFEITURA DO MUNICÍPIO DE SÃO PAULO;Direta;84;Fundo Municipal de Saúde;FMS/SMS;NA;NA;NA;NA;NA;SMS/FMS/ENTID/646685 - 22.483-9;SMS/FMS/ENTID/646685 - 22.483-9;1;Receita Corrente;7;1;3;50;2;1;67;A;S;N;S;S;02.1.600.1875;Transferências Federais;N;0;0,00;0,00;0,00;0,00;0,00;0,00;0,00;0,00;1000000,00;0,00;0,00;0,00;1000000,00;16/01/2026
1,32105010103020e+24;51609;2025;1;PREFEITURA DO MUNICÍPIO DE SÃO PAULO;Direta;84;Fundo Municipal de Saúde;FMS/SMS;NA;NA;NA;NA;NA;SMS/FMS/ITPAP/GAB - 22.481-2;SMS/FMS/ITPAP/GAB - 22.481-2;1;Receita Corrente;3;2;1;5;0;1;1;A;S;N;S;N;02.1.600.1874;Transferências Federais;N;0;0,00;0,00;0,00;0,00;0,00;0,00;0,00;0,00;1252,74;1003,88;837,71;975,83;4070,16;16/01/2026
1,71350113300000e+24;51610;2025;1;PREFEITURA DO MUNICÍPIO DE SÃO PAULO;Direta;84;Fundo Municipal de Saúde;FMS/SMS;NA;NA;NA;NA;NA;SMS/FMS/ITPAP/GAB - 22.481-2;SMS/FMS/ITPAP/GAB - 22.481-2;1;Receita Corrente;7;1;3;50;1;1;33;A;S;N;S;S;02.1.600.1874;Transferências Federais;N;0;0,00;0,00;0,00;0,00;0,00;0,00;0,00;0,00;100000,00;0,00;0,00;0,00;100000,00;16/01/2026
1,32105010103020e+24;51611;2025;1;PREFEITURA DO MUNICÍPIO DE SÃO PAULO;Direta;84;Fundo Municipal de Saúde;FMS/SMS;NA;NA;NA;NA;NA;SMS/FMS/ENTID/671926 - 22.475-8;SMS/FMS/ENTID/671926 - 22.475-8;1;Receita Corrente;3;2;1;5;0;1;1;A;S;N;S;N;02.1.600.1871;Transferências Federais;N;0;0,00;0,00;0,00;0,00;0,00;0,00;0,00;0,00;1683,74;1503,89;1254,96;1461,86;5904,45;16/01/2026
1,71350216701013e+24;51612;2025;1;PREFEITURA DO MUNICÍPIO DE SÃO PAULO;Direta;84;Fundo Municipal de Saúde;FMS/SMS;NA;NA;NA;NA;NA;SMS/FMS/ENTID/671926 - 22.475-8;SMS/FMS/ENTID/671926 - 22.475-8;1;Receita Corrente;7;1;3;50;2;1;67;A;S;N;S;S;02.1.600.1871;Transferências Federais;N;0;0,00;0,00;0,00;0,00;0,00;0,00;0,00;0,00;150000,00;0,00;0,00;0,00;150000,00;16/01/2026
1,32105010103020e+24;51613;2025;1;PREFEITURA DO MUNICÍPIO DE SÃO PAULO;Direta;84;Fundo Municipal de Saúde;FMS/SMS;NA;NA;NA;NA;NA;PMSP/SMS/INVEST/25005 - 22.470-7;PMSP/SMS/INVEST/25005 - 22.470-7;1;Receita Corrente;3;2;1;5;0;1;1;A;S;N;S;N;02.1.601.1870;Transferências Federais;N;0;0,00;0,00;0,00;0,00;0,00;0,00;0,00;0,00;2500,45;2762,21;2305,01;2685,02;10252,69;16/01/2026
2,41151211300000e+24;51614;2025;1;PREFEITURA DO MUNICÍPIO DE SÃO PAULO;Direta;84;Fundo Municipal de Saúde;FMS/SMS;NA;NA;NA;NA;NA;PMSP/SMS/INVEST/25005 - 22.470-7;PMSP/SMS/INVEST/25005 - 22.470-7;2;Receita de Capital;4;1;1;51;2;1;13;A;S;N;S;S;02.1.601.1870;Transferências Federais;N;0;0,00;0,00;0,00;0,00;0,00;0,00;0,00;0,00;276100,00;0,00;0,00;0,00;276100,00;16/01/2026
1,32105010103020e+24;51617;2025;1;PREFEITURA DO MUNICÍPIO DE SÃO PAULO;Direta;84;Fundo Municipal de Saúde;FMS/SMS;NA;NA;NA;NA;NA;SMS/FMS/ENTID/668413 - 22.477-4;SMS/FMS/ENTID/668413 - 22.477-4;1;Receita Corrente;3;2;1;5;0;1;1;A;S;N;S;N;02.1.600.1872;Transferências Federais;N;0;0,00;0,00;0,00;0,00;0,00;0,00;0,00;0,00;0,00;386,30;2460,86;2866,57;5713,73;16/01/2026
1,71350216701015e+24;51618;2025;1;PREFEITURA DO MUNICÍPIO DE SÃO PAULO;Direta;84;Fundo Municipal de Saúde;FMS/SMS;NA;NA;NA;NA;NA;SMS/FMS/ENTID/668413 - 22.477-4;SMS/FMS/ENTID/668413 - 22.477-4;1;Receita Corrente;7;1;3;50;2;1;67;A;S;N;S;S;02.1.600.1872;Transferências Federais;N;0;0,00;0,00;0,00;0,00;0,00;0,00;0,00;0,00;0,00;300000,00;0,00;0,00;300000,00;16/01/2026
1,32105010103020e+24;51619;2025;1;PREFEITURA DO MUNICÍPIO DE SÃO PAULO;Direta;84;Fundo Municipal de Saúde;FMS/SMS;NA;NA;NA;NA;NA;SMS/FMS/ITPAP/GAB - 22.712-9;SMS/FMS/ITPAP/GAB - 22.712-9;1;Receita Corrente;3;2;1;5;0;1;1;A;S;N;S;N;02.1.600.1876;Transferências Federais;N;0;0,00;0,00;0,00;0,00;0,00;0,00;0,00;0,00;4744,33;5004,33;4176,01;4864,50;18789,17;16/01/2026
1,71350113400000e+24;51620;2025;1;PREFEITURA DO MUNICÍPIO DE SÃO PAULO;Direta;84;Fundo Municipal de Saúde;FMS/SMS;NA;NA;NA;NA;NA;SMS/FMS/ITPAP/GAB - 22.712-9;SMS/FMS/ITPAP/GAB - 22.712-9;1;Receita Corrente;7;1;3;50;1;1;34;A;S;N;S;S;02.1.600.1876;Transferências Federais;N;0;0,00;0,00;0,00;0,00;0,00;0,00;0,00;0,00;500000,00;0,00;0,00;0,00;500000,00;16/01/2026
1,32105010103020e+24;51667;2025;1;PREFEITURA DO MUNICÍPIO DE SÃO PAULO;Direta;84;Fundo Municipal de Saúde;FMS/SMS;NA;NA;NA;NA;NA;SMS/FMS/ENTID/663203 - 22.503-7;SMS/FMS/ENTID/663203 - 22.503-7;1;Receita Corrente;3;2;1;5;0;1;1;A;S;N;S;N;02.1.600.1867;Transferências Federais;N;0;0,00;0,00;0,00;0,00;0,00;0,00;0,00;0,00;5612,48;5012,94;4183,20;4872,87;19681,49;16/01/2026
1,71350216701018e+24;51668;2025;1;PREFEITURA DO MUNICÍPIO DE SÃO PAULO;Direta;84;Fundo Municipal de Saúde;FMS/SMS;NA;NA;NA;NA;NA;SMS/FMS/ENTID/663203 - 22.503-7;SMS/FMS/ENTID/663203 - 22.503-7;1;Receita Corrente;7;1;3;50;2;1;67;A;S;N;S;S;02.1.600.1867;Transferências Federais;N;0;0,00;0,00;0,00;0,00;0,00;0,00;0,00;0,00;500000,00;0,00;0,00;0,00;500000,00;16/01/2026
1,32105010103020e+24;51669;2025;1;PREFEITURA DO MUNICÍPIO DE SÃO PAULO;Direta;84;Fundo Municipal de Saúde;FMS/SMS;NA;NA;NA;NA;NA;SMS/FMS/ENTID/663095 - 22.484-7;SMS/FMS/ENTID/663095 - 22.484-7;1;Receita Corrente;3;2;1;5;0;1;1;A;S;N;S;N;02.1.600.1866;Transferências Federais;N;0;0,00;0,00;0,00;0,00;0,00;0,00;0,00;0,00;0,00;2125,08;836,64;974,58;3936,30;16/01/2026
1,71350216701019e+24;51670;2025;1;PREFEITURA DO MUNICÍPIO DE SÃO PAULO;Direta;84;Fundo Municipal de Saúde;FMS/SMS;NA;NA;NA;NA;NA;SMS/FMS/ENTID/663095 - 22.484-7;SMS/FMS/ENTID/663095 - 22.484-7;1;Receita Corrente;7;1;3;50;2;1;67;A;S;N;S;S;02.1.600.1866;Transferências Federais;N;0;0,00;0,00;0,00;0,00;0,00;0,00;0,00;0,00;0,00;100000,00;0,00;0,00;100000,00;16/01/2026
1,32105010103020e+24;51671;2025;1;PREFEITURA DO MUNICÍPIO DE SÃO PAULO;Direta;84;Fundo Municipal de Saúde;FMS/SMS;NA;NA;NA;NA;NA;SMS/FMS/ENTID/664281 - 22.478-2;SMS/FMS/ENTID/664281 - 22.478-2;1;Receita Corrente;3;2;1;5;0;1;1;A;S;N;S;N;02.1.600.1865;Transferências Federais;N;0;0,00;0,00;0,00;0,00;0,00;0,00;0,00;0,00;0,00;3187,63;1254,96;1461,86;5904,45;16/01/2026
1,71350216701020e+24;51672;2025;1;PREFEITURA DO MUNICÍPIO DE SÃO PAULO;Direta;84;Fundo Municipal de Saúde;FMS/SMS;NA;NA;NA;NA;NA;SMS/FMS/ENTID/664281 - 22.478-2;SMS/FMS/ENTID/664281 - 22.478-2;1;Receita Corrente;7;1;3;50;2;1;67;A;S;N;S;S;02.1.600.1865;Transferências Federais;N;0;0,00;0,00;0,00;0,00;0,00;0,00;0,00;0,00;0,00;150000,00;0,00;0,00;150000,00;16/01/2026
1,32105010103020e+24;51673;2025;1;PREFEITURA DO MUNICÍPIO DE SÃO PAULO;Direta;84;Fundo Municipal de Saúde;FMS/SMS;NA;NA;NA;NA;NA;SMS/FMS/ENTID/663067 - 22.473-1;SMS/FMS/ENTID/663067 - 22.473-1;1;Receita Corrente;3;2;1;5;0;1;1;A;S;N;S;N;02.1.600.1864;Transferências Federais;N;0;0,00;0,00;0,00;0,00;0,00;0,00;0,00;0,00;2244,99;2005,18;1673,28;1949,15;7872,60;16/01/2026
1,71350216701021e+24;51674;2025;1;PREFEITURA DO MUNICÍPIO DE SÃO PAULO;Direta;84;Fundo Municipal de Saúde;FMS/SMS;NA;NA;NA;NA;NA;SMS/FMS/ENTID/663067 - 22.473-1;SMS/FMS/ENTID/663067 - 22.473-1;1;Receita Corrente;7;1;3;50;2;1;67;A;S;N;S;S;02.1.600.1864;Transferências Federais;N;0;0,00;0,00;0,00;0,00;0,00;0,00;0,00;0,00;200000,00;0,00;0,00;0,00;200000,00;16/01/2026
1,32105010103020e+24;51675;2025;1;PREFEITURA DO MUNICÍPIO DE SÃO PAULO;Direta;84;Fundo Municipal de Saúde;FMS/SMS;NA;NA;NA;NA;NA;SMS/FMS/ENTID/663792 - 22.482-0;SMS/FMS/ENTID/663792 - 22.482-0;1;Receita Corrente;3;2;1;5;0;1;1;A;S;N;S;N;02.1.600.1882;Transferências Federais;N;0;0,00;0,00;0,00;0,00;0,00;0,00;0,00;0,00;0,00;0,00;2575,72;9489,78;12065,50;16/01/2026
1,71350216701023e+24;51676;2025;1;PREFEITURA DO MUNICÍPIO DE SÃO PAULO;Direta;84;Fundo Municipal de Saúde;FMS/SMS;NA;NA;NA;NA;NA;SMS/FMS/ENTID/663792 - 22.482-0;SMS/FMS/ENTID/663792 - 22.482-0;1;Receita Corrente;7;1;3;50;2;1;67;A;S;N;S;S;02.1.600.1882;Transferências Federais;N;0;0,00;0,00;0,00;0,00;0,00;0,00;0,00;0,00;0,00;0,00;1000000,00;0,00;1000000,00;16/01/2026
1,32105010103020e+24;51677;2025;1;PREFEITURA DO MUNICÍPIO DE SÃO PAULO;Direta;84;Fundo Municipal de Saúde;FMS/SMS;NA;NA;NA;NA;NA;SMS/FMS/ENTID/669093 - 22.472-3;SMS/FMS/ENTID/669093 - 22.472-3;1;Receita Corrente;3;2;1;5;0;1;1;A;S;N;S;N;02.1.600.1878;Transferências Federais;N;0;0,00;0,00;0,00;0,00;0,00;0,00;0,00;0,00;0,00;128,77;820,28;955,53;1904,58;16/01/2026
1,71350216701024e+24;51678;2025;1;PREFEITURA DO MUNICÍPIO DE SÃO PAULO;Direta;84;Fundo Municipal de Saúde;FMS/SMS;NA;NA;NA;NA;NA;SMS/FMS/ENTID/669093 - 22.472-3;SMS/FMS/ENTID/669093 - 22.472-3;1;Receita Corrente;7;1;3;50;2;1;67;A;S;N;S;S;02.1.600.1878;Transferências Federais;N;0;0,00;0,00;0,00;0,00;0,00;0,00;0,00;0,00;0,00;100000,00;0,00;0,00;100000,00;16/01/2026
1,32105010103020e+24;51679;2025;1;PREFEITURA DO MUNICÍPIO DE SÃO PAULO;Direta;84;Fundo Municipal de Saúde;FMS/SMS;NA;NA;NA;NA;NA;SMS/FMS/ENTID/663131 - 22.476-6;SMS/FMS/ENTID/663131 - 22.476-6;1;Receita Corrente;3;2;1;5;0;1;1;A;S;N;S;N;02.1.600.1880;Transferências Federais;N;0;0,00;0,00;0,00;0,00;0,00;0,00;0,00;0,00;0,00;3376,72;1666,12;1940,81;6983,65;16/01/2026
1,71350216701025e+24;51680;2025;1;PREFEITURA DO MUNICÍPIO DE SÃO PAULO;Direta;84;Fundo Municipal de Saúde;FMS/SMS;NA;NA;NA;NA;NA;SMS/FMS/ENTID/663131 - 22.476-6;SMS/FMS/ENTID/663131 - 22.476-6;1;Receita Corrente;7;1;3;50;2;1;67;A;S;N;S;S;02.1.600.1880;Transferências Federais;N;0;0,00;0,00;0,00;0,00;0,00;0,00;0,00;0,00;0,00;200000,00;0,00;0,00;200000,00;16/01/2026
1,32105010103020e+24;51681;2025;1;PREFEITURA DO MUNICÍPIO DE SÃO PAULO;Direta;84;Fundo Municipal de Saúde;FMS/SMS;NA;NA;NA;NA;NA;SMS/FMS/ENTID/664523 - 22.479-0;SMS/FMS/ENTID/664523 - 22.479-0;1;Receita Corrente;3;2;1;5;0;1;1;A;S;N;S;N;02.1.600.1881;Transferências Federais;N;0;0,00;0,00;0,00;0,00;0,00;0,00;0,00;0,00;0,00;0,00;2318,15;8540,80;10858,95;16/01/2026
1,71350216701026e+24;51682;2025;1;PREFEITURA DO MUNICÍPIO DE SÃO PAULO;Direta;84;Fundo Municipal de Saúde;FMS/SMS;NA;NA;NA;NA;NA;SMS/FMS/ENTID/664523 - 22.479-0;SMS/FMS/ENTID/664523 - 22.479-0;1;Receita Corrente;7;1;3;50;2;1;67;A;S;N;S;S;02.1.600.1881;Transferências Federais;N;0;0,00;0,00;0,00;0,00;0,00;0,00;0,00;0,00;0,00;0,00;900000,00;0,00;900000,00;16/01/2026
1,32105010103020e+24;51683;2025;1;PREFEITURA DO MUNICÍPIO DE SÃO PAULO;Direta;84;Fundo Municipal de Saúde;FMS/SMS;NA;NA;NA;NA;NA;SMS/FMS/ENTID/668408 - 22.471-5;SMS/FMS/ENTID/668408 - 22.471-5;1;Receita Corrente;3;2;1;5;0;1;1;A;S;N;S;N;02.1.600.1877;Transferências Federais;N;0;0,00;0,00;0,00;0,00;0,00;0,00;0,00;0,00;0,00;128,77;820,28;955,53;1904,58;16/01/2026
1,71350216701027e+24;51684;2025;1;PREFEITURA DO MUNICÍPIO DE SÃO PAULO;Direta;84;Fundo Municipal de Saúde;FMS/SMS;NA;NA;NA;NA;NA;SMS/FMS/ENTID/668408 - 22.471-5;SMS/FMS/ENTID/668408 - 22.471-5;1;Receita Corrente;7;1;3;50;2;1;67;A;S;N;S;S;02.1.600.1877;Transferências Federais;N;0;0,00;0,00;0,00;0,00;0,00;0,00;0,00;0,00;0,00;100000,00;0,00;0,00;100000,00;16/01/2026
1,32105010103020e+24;51685;2025;1;PREFEITURA DO MUNICÍPIO DE SÃO PAULO;Direta;84;Fundo Municipal de Saúde;FMS/SMS;NA;NA;NA;NA;NA;SMS/FMS/ENTID/663323 - 22.474-X;SMS/FMS/ENTID/663323 - 22.474-X;1;Receita Corrente;3;2;1;5;0;1;1;A;S;N;S;N;02.1.600.1879;Transferências Federais;N;0;0,00;0,00;0,00;0,00;0,00;0,00;0,00;0,00;2070,17;2994,91;2499,18;2911,22;10475,48;16/01/2026
1,71350216701022e+24;51686;2025;1;PREFEITURA DO MUNICÍPIO DE SÃO PAULO;Direta;84;Fundo Municipal de Saúde;FMS/SMS;NA;NA;NA;NA;NA;SMS/FMS/ENTID/663323 - 22.474-X;SMS/FMS/ENTID/663323 - 22.474-X;1;Receita Corrente;7;1;3;50;2;1;67;A;S;N;S;S;02.1.600.1879;Transferências Federais;N;0;0,00;0,00;0,00;0,00;0,00;0,00;0,00;0,00;300000,00;0,00;0,00;0,00;300000,00;16/01/2026
1,32105010103020e+24;51691;2025;1;PREFEITURA DO MUNICÍPIO DE SÃO PAULO;Direta;84;Fundo Municipal de Saúde;FMS/SMS;NA;NA;NA;NA;NA;SMS/FMS/ENTID/680909 - 22.783-8;SMS/FMS/ENTID/680909 - 22.783-8;1;Receita Corrente;3;2;1;5;0;1;1;A;S;N;S;N;02.1.600.1887;Transferências Federais;N;0;0,00;0,00;0,00;0,00;0,00;0,00;0,00;0,00;0,00;844,18;416,53;485,20;1745,91;16/01/2026
1,71350216701028e+24;51692;2025;1;PREFEITURA DO MUNICÍPIO DE SÃO PAULO;Direta;84;Fundo Municipal de Saúde;FMS/SMS;NA;NA;NA;NA;NA;SMS/FMS/ENTID/680909 - 22.783-8;SMS/FMS/ENTID/680909 - 22.783-8;1;Receita Corrente;7;1;3;50;2;1;67;A;S;N;S;S;02.1.600.1887;Transferências Federais;N;0;0,00;0,00;0,00;0,00;0,00;0,00;0,00;0,00;0,00;50000,00;0,00;0,00;50000,00;16/01/2026
1,71957011100000e+24;51695;2025;1;PREFEITURA DO MUNICÍPIO DE SÃO PAULO;Direta;84;Fundo Municipal de Saúde;FMS/SMS;NA;NA;NA;NA;Rubrica de receita destinada ao registro do valor transferido pela União ao Município por meio da Emenda Parlamentar 2024.42650003 relativo a custeio.;SMS/FMS/EP Especial 4265003;SMS/FMS/EP Especial 4265003;1;Receita Corrente;7;1;9;57;0;1;11;A;S;N;S;S;02.1.706.1889;Transferências Federais;N;0;0,00;0,00;0,00;0,00;0,00;0,00;0,00;0,00;150000,00;0,00;0,00;0,00;150000,00;16/01/2026
2,41951015301004e+24;51698;2025;1;PREFEITURA DO MUNICÍPIO DE SÃO PAULO;Direta;84;Fundo Municipal de Saúde;FMS/SMS;NA;NA;NA;NA;Rubrica de receita destinada ao registro do valor transferido pela União ao Município por meio da Emenda Parlamentar 2024.42650003 relativo a investimento.;SMS/FMS/EP Especial 4265003;SMS/FMS/EP Especial 4265003;2;Receita de Capital;4;1;9;51;0;1;53;A;S;N;S;S;02.1.706.1890;Transferências Federais;N;0;0,00;0,00;0,00;0,00;0,00;0,00;0,00;0,00;350000,00;0,00;0,00;0,00;350000,00;16/01/2026
1,32105010103020e+24;51701;2025;1;PREFEITURA DO MUNICÍPIO DE SÃO PAULO;Direta;84;Fundo Municipal de Saúde;FMS/SMS;NA;NA;NA;NA;NA;SMS/FMS/EP Especial 4265003;SMS/FMS/EP Especial 4265003;1;Receita Corrente;3;2;1;5;0;1;1;A;S;N;S;N;02.1.706.1890;Transferências Federais;N;0;0,00;0,00;0,00;0,00;0,00;0,00;0,00;0,00;41027,68;5364,07;4476,20;5214,19;56082,14;16/01/2026
7,11253010100000e+24;51706;2025;1;PREFEITURA DO MUNICÍPIO DE SÃO PAULO;Direta;NA;NA;NA;NA;NA;NA;NA;NA;Imposto sobre Transmissão Inter Vivos de Bens Imóveis e de Direitos Reais sobre Imóveis;ITBI;7;Receita Intra Corrente;1;1;2;53;0;1;1;A;S;N;N;S;00.1.500.9001;Tesouro Municipal;N;0;0,00;0,00;0,00;0,00;0,00;0,00;0,00;0,00;0,00;665008,41;0,00;0,00;665008,41;16/01/2026
1,32105010103031e+24;51712;2025;1;PREFEITURA DO MUNICÍPIO DE SÃO PAULO;Direta;25;Secretaria Municipal de Cultura;SMC;NA;NA;NA;NA;NA;PMSP-SMC/Convênio nº 978428/2025;PMSP-SMC/Convênio nº 978428/2025;1;Receita Corrente;3;2;1;5;0;1;1;A;S;N;N;N;02.1.700.1888;Transferências Federais;N;0;0,00;0,00;0,00;0,00;0,00;0,00;0,00;0,00;0,00;0,00;0,00;11297,84;11297,84;16/01/2026
2,41951016901001e+24;51727;2025;1;PREFEITURA DO MUNICÍPIO DE SÃO PAULO;Direta;51;Subprefeitura Pinheiros;SUB-PI;NA;NA;NA;NA;Rubrica de receita destinada ao registro do valor transferido pela União ao Município por meio de Transferência Especial relativa à Emenda Parlamentar nº 2024.39280003.;Transferência Especial - SUB-PI/Revitalização Área Pública-Praça Mycle AC Melo;Transf Especial- SUB-PI/Revitalização Área Pública-Praça Mycle AC Melo;2;Receita de Capital;4;1;9;51;0;1;69;A;S;N;N;S;02.1.706.1868;Transferências Federais;N;0;0,00;0,00;0,00;0,00;0,00;0,00;0,00;0,00;300000,00;0,00;0,00;0,00;300000,00;16/01/2026
1,32105010103070e+24;51730;2025;1;PREFEITURA DO MUNICÍPIO DE SÃO PAULO;Direta;51;Subprefeitura Pinheiros;SUB-PI;NA;NA;NA;NA;Rubrica de receita destinada ao registro dos rendimentos oriundos de aplicação financeira em fundo de renda fixa do valor transferido pela União ao Município por meio Transferência Especial relativa à Emenda Parlamentar nº 2024.39280003.;PMSP-SUB-PI/Revitalização de Área Pública-Praça Mycle AC Melo;PMSP-SUB-PI/Revitalização de Área Pública-Praça Mycle AC Melo;1;Receita Corrente;3;2;1;5;0;1;1;A;S;N;N;N;02.1.706.1868;Transferências Federais;N;0;0,00;0,00;0,00;0,00;0,00;0,00;0,00;0,00;24725,24;3219,52;2686,62;3129,56;33760,94;16/01/2026
1,71650016600000e+24;51742;2025;1;PREFEITURA DO MUNICÍPIO DE SÃO PAULO;Direta;93;Fundo Municipal de Assistência Social;FMAS;NA;NA;NA;NA;Rubrica de receita destinada ao registro do valor transferido pela União ao Município por meio do Fundo Nacional  de Assistência Social - FNAS relativo a Emenda Parlamentar Individual.;SAO PAULO SIGTV - CUSTEIO - Ricardo Salles 2025 - 22.784-6;SAO PAULO SIGTV - CUSTEIO - Ricardo Salles 2025 - 22.784-6;1;Receita Corrente;7;1;6;50;0;1;66;A;S;N;N;S;02.1.660.1892;Transferências Federais;N;0;0,00;0,00;0,00;0,00;0,00;0,00;0,00;0,00;0,00;0,00;0,00;4300000,00;4300000,00;16/01/2026
1,32105010103013e+24;51745;2025;1;PREFEITURA DO MUNICÍPIO DE SÃO PAULO;Direta;93;Fundo Municipal de Assistência Social;FMAS;NA;NA;NA;NA;Rubrica de receita destinada ao registro dos rendimentos oriundos de aplicação financeira em fundo de renda fixa do valor transferido pela União ao Município por meio do Fundo Nacional  de Assistência Social - FNAS relativo a Emenda Parlamentar Individual.;SAO PAULO SIGTV - CUSTEIO - Ricardo Salles 2025 - 22.784-6;SAO PAULO SIGTV - CUSTEIO - Ricardo Salles 2025 - 22.784-6;1;Receita Corrente;3;2;1;5;0;1;1;A;S;N;N;S;02.1.660.1892;Transferências Federais;N;0;0,00;0,00;0,00;0,00;0,00;0,00;0,00;0,00;0,00;0,00;0,00;27708,27;27708,27;16/01/2026
7,73299011400000e+24;51783;2025;3;CINEMA E AUDIOVISUAL DE SÃO PAULO;Indireta;15;Cinema e Audiovisual de São Paulo;SPCINE;NA;NA;NA;NA;NA;SPCINE x CAM SMTUR 2025;SPCINE x CAM SMTUR 2025;7;Receita Intra Corrente;7;3;2;99;0;1;14;A;S;N;N;S;05.1.702.8019;Outras Fontes;N;0;0,00;0,00;0,00;0,00;0,00;0,00;0,00;0,00;0,00;0,00;0,00;5403850,00;5403850,00;16/01/2026
1,32105010103020e+24;51803;2025;1;PREFEITURA DO MUNICÍPIO DE SÃO PAULO;Direta;84;Fundo Municipal de Saúde;FMS/SMS;NA;NA;NA;NA;NA;PMSP/SMS/INVEST/25003- 22.816-8;PMSP/SMS/INVEST/25003- 22.816-8;1;Receita Corrente;3;2;1;5;0;1;1;A;S;N;S;N;02.1.601.1891;Transferências Federais;N;0;0,00;0,00;0,00;0,00;0,00;0,00;0,00;0,00;0,00;0,00;971,79;1264,81;2236,60;16/01/2026
2,41151110701014e+24;51804;2025;1;PREFEITURA DO MUNICÍPIO DE SÃO PAULO;Direta;84;Fundo Municipal de Saúde;FMS/SMS;NA;NA;NA;NA;NA;PMSP/SMS/INVEST/25003- 22.816-8;PMSP/SMS/INVEST/25003- 22.816-8;2;Receita de Capital;4;1;1;51;1;1;7;A;S;N;S;S;02.1.601.1891;Transferências Federais;N;0;0,00;0,00;0,00;0,00;0,00;0,00;0,00;0,00;0,00;0,00;132653,00;0,00;132653,00;16/01/2026
1,32105010103013e+24;51849;2025;1;PREFEITURA DO MUNICÍPIO DE SÃO PAULO;Direta;93;Fundo Municipal de Assistência Social;FMAS;NA;NA;NA;NA;NA;SAO PAULO SIGTV - CUSTEIO - Rosangela Moro 2025 - 22.786-2;SAO PAULO SIGTV - CUSTEIO - Rosangela Moro 2025 - 22.786-2;1;Receita Corrente;3;2;1;5;0;1;1;A;S;N;N;N;02.1.660.1894;Transferências Federais;N;0;0,00;0,00;0,00;0,00;0,00;0,00;0,00;0,00;0,00;0,00;1638,46;1908,59;3547,05;16/01/2026
1,71650016700000e+24;51850;2025;1;PREFEITURA DO MUNICÍPIO DE SÃO PAULO;Direta;93;Fundo Municipal de Assistência Social;FMAS;NA;NA;NA;NA;NA;SAO PAULO SIGTV - CUSTEIO - Rosangela Moro 2025 - 22.786-2;SAO PAULO SIGTV - CUSTEIO - Rosangela Moro 2025 - 22.786-2;1;Receita Corrente;7;1;6;50;0;1;67;A;S;N;N;S;02.1.660.1894;Transferências Federais;N;0;0,00;0,00;0,00;0,00;0,00;0,00;0,00;0,00;0,00;200000,00;0,00;0,00;200000,00;16/01/2026
1,32105010103013e+24;51851;2025;1;PREFEITURA DO MUNICÍPIO DE SÃO PAULO;Direta;93;Fundo Municipal de Assistência Social;FMAS;NA;NA;NA;NA;NA;PMSP-SAO PAULO SIGTV - CUSTEIO - Luiza Erundina de Souza 2025 - 22.796-X;PMSP-SAO PAULO SIGTV - CUSTEIO - Luiza Erundina de Souza 2025 - 22.796;1;Receita Corrente;3;2;1;5;0;1;1;A;S;N;N;N;02.1.660.1904;Transferências Federais;N;0;0,00;0,00;0,00;0,00;0,00;0,00;0,00;0,00;0,00;1831,25;2063,08;2403,21;6297,54;16/01/2026
1,71650016800000e+24;51852;2025;1;PREFEITURA DO MUNICÍPIO DE SÃO PAULO;Direta;93;Fundo Municipal de Assistência Social;FMAS;NA;NA;NA;NA;NA;PMSP-SAO PAULO SIGTV - CUSTEIO - Luiza Erundina de Souza 2025 - 22.796-X;PMSP-SAO PAULO SIGTV - CUSTEIO - Luiza Erundina de Souza 2025 - 22.796;1;Receita Corrente;7;1;6;50;0;1;68;A;S;N;N;S;02.1.660.1904;Transferências Federais;N;0;0,00;0,00;0,00;0,00;0,00;0,00;0,00;0,00;0,00;250000,00;0,00;0,00;250000,00;16/01/2026
1,32105010103013e+24;51853;2025;1;PREFEITURA DO MUNICÍPIO DE SÃO PAULO;Direta;93;Fundo Municipal de Assistência Social;FMAS;NA;NA;NA;NA;NA;PMSP-SAO PAULO SIGTV - CUSTEIO - Maria das Rosas 2025 - 22.793-5;PMSP-SAO PAULO SIGTV - CUSTEIO - Maria das Rosas 2025 - 22.793-5;1;Receita Corrente;3;2;1;5;0;1;1;A;S;N;N;N;02.1.660.1901;Transferências Federais;N;0;0,00;0,00;0,00;0,00;0,00;0,00;0,00;0,00;0,00;0,00;4915,38;5299,46;10214,84;16/01/2026
1,71650016900000e+24;51854;2025;1;PREFEITURA DO MUNICÍPIO DE SÃO PAULO;Direta;93;Fundo Municipal de Assistência Social;FMAS;NA;NA;NA;NA;NA;PMSP-SAO PAULO SIGTV - CUSTEIO - Maria das Rosas 2025 - 22.793-5;PMSP-SAO PAULO SIGTV - CUSTEIO - Maria das Rosas 2025 - 22.793-5;1;Receita Corrente;7;1;6;50;0;1;69;A;S;N;N;S;02.1.660.1901;Transferências Federais;N;0;0,00;0,00;0,00;0,00;0,00;0,00;0,00;0,00;0,00;600000,00;0,00;0,00;600000,00;16/01/2026
1,32105010103013e+24;51855;2025;1;PREFEITURA DO MUNICÍPIO DE SÃO PAULO;Direta;93;Fundo Municipal de Assistência Social;FMAS;NA;NA;NA;NA;NA;PMSP-SAO PAULO SIGTV - CUSTEIO - Delegado Paulo Bilysnskyj 2025 - 22.795-1;PMSP-SAO PAULO SIGTV - CUSTEIO - Delegado Paulo Bilysnskyj 2025 - 22.7;1;Receita Corrente;3;2;1;5;0;1;1;A;S;N;N;N;02.1.660.1903;Transferências Federais;N;0;0,00;0,00;0,00;0,00;0,00;0,00;0,00;0,00;0,00;0,00;429,88;950,61;1380,49;16/01/2026
1,71650017000000e+24;51856;2025;1;PREFEITURA DO MUNICÍPIO DE SÃO PAULO;Direta;93;Fundo Municipal de Assistência Social;FMAS;NA;NA;NA;NA;NA;PMSP-SAO PAULO SIGTV - CUSTEIO - Delegado Paulo Bilysnskyj 2025 - 22.795-1;PMSP-SAO PAULO SIGTV - CUSTEIO - Delegado Paulo Bilysnskyj 2025 - 22.7;1;Receita Corrente;7;1;6;50;0;1;70;A;S;N;N;S;02.1.660.1903;Transferências Federais;N;0;0,00;0,00;0,00;0,00;0,00;0,00;0,00;0,00;0,00;0,00;100000,00;0,00;100000,00;16/01/2026
1,32105010103013e+24;51857;2025;1;PREFEITURA DO MUNICÍPIO DE SÃO PAULO;Direta;93;Fundo Municipal de Assistência Social;FMAS;NA;NA;NA;NA;NA;PMSP-SAO PAULO SIGTV - CUSTEIO - Mara Gabrilli 2025 -  22.792-7;PMSP-SAO PAULO SIGTV - CUSTEIO - Mara Gabrilli 2025 -  22.792-7;1;Receita Corrente;3;2;1;5;0;1;1;A;S;N;N;N;02.1.660.1900;Transferências Federais;N;0;0,00;0,00;0,00;0,00;0,00;0,00;0,00;0,00;0,00;0,00;600,15;3318,57;3918,72;16/01/2026
1,71650017100000e+24;51858;2025;1;PREFEITURA DO MUNICÍPIO DE SÃO PAULO;Direta;93;Fundo Municipal de Assistência Social;FMAS;NA;NA;NA;NA;NA;PMSP-SAO PAULO SIGTV - CUSTEIO - Mara Gabrilli 2025 -  22.792-7;PMSP-SAO PAULO SIGTV - CUSTEIO - Mara Gabrilli 2025 -  22.792-7;1;Receita Corrente;7;1;6;50;0;1;71;A;S;N;N;S;02.1.660.1900;Transferências Federais;N;0;0,00;0,00;0,00;0,00;0,00;0,00;0,00;0,00;0,00;0,00;350000,00;0,00;350000,00;16/01/2026
1,32105010103013e+24;51859;2025;1;PREFEITURA DO MUNICÍPIO DE SÃO PAULO;Direta;93;Fundo Municipal de Assistência Social;FMAS;NA;NA;NA;NA;NA;PMSP-SAO PAULO SIGTV - CUSTEIO - Kim Kataguire 2025 - 22.790-0;PMSP-SAO PAULO SIGTV - CUSTEIO - Kim Kataguire 2025 - 22.790-0;1;Receita Corrente;3;2;1;5;0;1;1;A;S;N;N;N;02.1.660.1898;Transferências Federais;N;0;0,00;0,00;0,00;0,00;0,00;0,00;0,00;0,00;0,00;0,00;7373,07;7522,90;14895,97;16/01/2026
1,71650017200000e+24;51860;2025;1;PREFEITURA DO MUNICÍPIO DE SÃO PAULO;Direta;93;Fundo Municipal de Assistência Social;FMAS;NA;NA;NA;NA;NA;PMSP-SAO PAULO SIGTV - CUSTEIO - Kim Kataguire 2025 - 22.790-0;PMSP-SAO PAULO SIGTV - CUSTEIO - Kim Kataguire 2025 - 22.790-0;1;Receita Corrente;7;1;6;50;0;1;72;A;S;N;N;S;02.1.660.1898;Transferências Federais;N;0;0,00;0,00;0,00;0,00;0,00;0,00;0,00;0,00;0,00;900000,00;0,00;0,00;900000,00;16/01/2026
1,32105010103013e+24;51861;2025;1;PREFEITURA DO MUNICÍPIO DE SÃO PAULO;Direta;93;Fundo Municipal de Assistência Social;FMAS;NA;NA;NA;NA;NA;PMSP-SAO PAULO SIGTV - CUSTEIO - Juliana Cardoso 2025 - 22.791-9;PMSP-SAO PAULO SIGTV - CUSTEIO - Juliana Cardoso 2025 - 22.791-9;1;Receita Corrente;3;2;1;5;0;1;1;A;S;N;N;N;02.1.660.1899;Transferências Federais;N;0;0,00;0,00;0,00;0,00;0,00;0,00;0,00;0,00;0,00;5493,76;6189,23;6996,48;18679,47;16/01/2026
1,71650017300000e+24;51862;2025;1;PREFEITURA DO MUNICÍPIO DE SÃO PAULO;Direta;93;Fundo Municipal de Assistência Social;FMAS;NA;NA;NA;NA;NA;PMSP-SAO PAULO SIGTV - CUSTEIO - Juliana Cardoso 2025 - 22.791-9;PMSP-SAO PAULO SIGTV - CUSTEIO - Juliana Cardoso 2025 - 22.791-9;1;Receita Corrente;7;1;6;50;0;1;73;A;S;N;N;S;02.1.660.1899;Transferências Federais;N;0;0,00;0,00;0,00;0,00;0,00;0,00;0,00;0,00;0,00;750000,00;0,00;0,00;750000,00;16/01/2026
1,32105010103013e+24;51863;2025;1;PREFEITURA DO MUNICÍPIO DE SÃO PAULO;Direta;93;Fundo Municipal de Assistência Social;FMAS;NA;NA;NA;NA;NA;PMSP-SAO PAULO SIGTV - CUSTEIO - Gilberto Nascimento 2025 - 22.789-7;PMSP-SAO PAULO SIGTV - CUSTEIO - Gilberto Nascimento 2025 - 22.789-7;1;Receita Corrente;3;2;1;5;0;1;1;A;S;N;N;N;02.1.660.1897;Transferências Federais;N;0;0,00;0,00;0,00;0,00;0,00;0,00;0,00;0,00;0,00;0,00;2457,69;2862,88;5320,57;16/01/2026
1,71650017400000e+24;51864;2025;1;PREFEITURA DO MUNICÍPIO DE SÃO PAULO;Direta;93;Fundo Municipal de Assistência Social;FMAS;NA;NA;NA;NA;NA;PMSP-SAO PAULO SIGTV - CUSTEIO - Gilberto Nascimento 2025 - 22.789-7;PMSP-SAO PAULO SIGTV - CUSTEIO - Gilberto Nascimento 2025 - 22.789-7;1;Receita Corrente;7;1;6;50;0;1;74;A;S;N;N;S;02.1.660.1897;Transferências Federais;N;0;0,00;0,00;0,00;0,00;0,00;0,00;0,00;0,00;0,00;300000,00;0,00;0,00;300000,00;16/01/2026
1,32105010103013e+24;51865;2025;1;PREFEITURA DO MUNICÍPIO DE SÃO PAULO;Direta;93;Fundo Municipal de Assistência Social;FMAS;NA;NA;NA;NA;NA;PMSP-SAO PAULO SIGTV - CUSTEIO - Delegado Palumbo 2025 - 22.788-9;PMSP-SAO PAULO SIGTV - CUSTEIO - Delegado Palumbo 2025 - 22.788-9;1;Receita Corrente;3;2;1;5;0;1;1;A;S;N;N;N;02.1.660.1896;Transferências Federais;N;0;0,00;0,00;0,00;0,00;0,00;0,00;0,00;0,00;0,00;0,00;4915,38;5725,76;10641,14;16/01/2026
1,71650017500000e+24;51866;2025;1;PREFEITURA DO MUNICÍPIO DE SÃO PAULO;Direta;93;Fundo Municipal de Assistência Social;FMAS;NA;NA;NA;NA;NA;PMSP-SAO PAULO SIGTV - CUSTEIO - Delegado Palumbo 2025 - 22.788-9;PMSP-SAO PAULO SIGTV - CUSTEIO - Delegado Palumbo 2025 - 22.788-9;1;Receita Corrente;7;1;6;50;0;1;75;A;S;N;N;S;02.1.660.1896;Transferências Federais;N;0;0,00;0,00;0,00;0,00;0,00;0,00;0,00;0,00;0,00;600000,00;0,00;0,00;600000,00;16/01/2026
1,32105010103013e+24;51867;2025;1;PREFEITURA DO MUNICÍPIO DE SÃO PAULO;Direta;93;Fundo Municipal de Assistência Social;FMAS;NA;NA;NA;NA;NA;PMSP/SAO PAULO SIGTV - CUSTEIO - Paulo Alexandre Barbosa 2025 - 22.787-0;PMSP/SAO PAULO SIGTV - CUSTEIO - Paulo Alexandre Barbosa 2025 - 22.787;1;Receita Corrente;3;2;1;5;0;1;1;A;S;N;N;N;02.1.660.1895;Transferências Federais;N;0;0,00;0,00;0,00;0,00;0,00;0,00;0,00;0,00;0,00;6410,80;7222,37;8413,10;22046,27;16/01/2026
1,71650017600000e+24;51868;2025;1;PREFEITURA DO MUNICÍPIO DE SÃO PAULO;Direta;93;Fundo Municipal de Assistência Social;FMAS;NA;NA;NA;NA;NA;PMSP/SAO PAULO SIGTV - CUSTEIO - Paulo Alexandre Barbosa 2025 - 22.787-0;PMSP/SAO PAULO SIGTV - CUSTEIO - Paulo Alexandre Barbosa 2025 - 22.787;1;Receita Corrente;7;1;6;50;0;1;76;A;S;N;N;S;02.1.660.1895;Transferências Federais;N;0;0,00;0,00;0,00;0,00;0,00;0,00;0,00;0,00;0,00;875194,00;0,00;0,00;875194,00;16/01/2026
1,32105010103013e+24;51869;2025;1;PREFEITURA DO MUNICÍPIO DE SÃO PAULO;Direta;93;Fundo Municipal de Assistência Social;FMAS;NA;NA;NA;NA;NA;PMSP-SAO PAULO SIGTV - INVEST - Laércio Oliveira 2025 - 22.794-3;PMSP-SAO PAULO SIGTV - INVEST - Laércio Oliveira 2025 - 22.794-3;1;Receita Corrente;3;2;1;5;0;1;1;A;S;N;N;N;02.1.660.1902;Transferências Federais;N;0;0,00;0,00;0,00;0,00;0,00;0,00;0,00;0,00;0,00;0,00;0,00;1806,35;1806,35;16/01/2026
2,41350011000000e+24;51870;2025;1;PREFEITURA DO MUNICÍPIO DE SÃO PAULO;Direta;93;Fundo Municipal de Assistência Social;FMAS;NA;NA;NA;NA;NA;PMSP-SAO PAULO SIGTV - INVEST - Laércio Oliveira 2025 - 22.794-3;PMSP-SAO PAULO SIGTV - INVEST - Laércio Oliveira 2025 - 22.794-3;2;Receita de Capital;4;1;3;50;0;1;10;A;S;N;N;S;02.1.660.1902;Transferências Federais;N;0;0,00;0,00;0,00;0,00;0,00;0,00;0,00;0,00;0,00;0,00;0,00;200000,00;200000,00;16/01/2026
2,41951016501003e+24;51873;2025;1;PREFEITURA DO MUNICÍPIO DE SÃO PAULO;Direta;67;Subprefeitura Itaquera;SUB-IQ;NA;NA;NA;NA;NA;Transferência Especial - SUB -IQ - Requalificação e Melhorias Praça Nossa Senhora Divino Pranto;Transf Especial-SUB-IQ-Requal e Melhorias Pça Nossa Sra Divino Pranto;2;Receita de Capital;4;1;9;51;0;1;65;A;S;N;N;S;02.1.706.1906;Transferências Federais;N;0;0,00;0,00;0,00;0,00;0,00;0,00;0,00;0,00;0,00;0,00;550000,00;0,00;550000,00;16/01/2026
2,41951017001001e+24;51878;2025;1;PREFEITURA DO MUNICÍPIO DE SÃO PAULO;Direta;52;Subprefeitura Vila Mariana;SUB-VM;NA;NA;NA;NA;NA;Transferência Especial - PMSP-SUB-VM/Revitalização e reforma de espaço público denominado Parque Comunitário Vila Mariana;Transf Especial -SUB-VM/Revitaliz. e reforma Pq Comunitário V. Mariana;2;Receita de Capital;4;1;9;51;0;1;70;A;S;N;N;S;02.1.706.1910;Transferências Federais;N;0;0,00;0,00;0,00;0,00;0,00;0,00;0,00;0,00;0,00;1878624,00;0,00;0,00;1878624,00;16/01/2026
1,32105010103078e+24;51881;2025;1;PREFEITURA DO MUNICÍPIO DE SÃO PAULO;Direta;52;Subprefeitura Vila Mariana;SUB-VM;NA;NA;NA;NA;NA;PMSP-SUB-VM/Revitalização e reforma Parque Comunitário Vila Mariana;PMSP-SUB-VM/Revitalização e reforma Parque Comunitário Vila Mariana;1;Receita Corrente;3;2;1;5;0;1;1;A;S;N;N;N;02.1.706.1910;Transferências Federais;N;0;0,00;0,00;0,00;0,00;0,00;0,00;0,00;0,00;0,00;4836,62;15429,87;17973,75;38240,24;16/01/2026
1,32105010103020e+24;51924;2025;1;PREFEITURA DO MUNICÍPIO DE SÃO PAULO;Direta;84;Fundo Municipal de Saúde;FMS/SMS;NA;NA;NA;NA;NA;PMSP/SMS/INVEST/25006 - 22.865-6;PMSP/SMS/INVEST/25006 - 22.865-6;1;Receita Corrente;3;2;1;5;0;1;1;A;S;N;S;N;02.1.601.1918;Transferências Federais;N;0;0,00;0,00;0,00;0,00;0,00;0,00;0,00;0,00;0,00;0,00;1894,05;1906,97;3801,02;16/01/2026
2,41151211500000e+24;51925;2025;1;PREFEITURA DO MUNICÍPIO DE SÃO PAULO;Direta;84;Fundo Municipal de Saúde;FMS/SMS;NA;NA;NA;NA;NA;PMSP/SMS/INVEST/25006 - 22.865-6;PMSP/SMS/INVEST/25006 - 22.865-6;2;Receita de Capital;4;1;1;51;2;1;15;A;S;N;S;S;02.1.601.1918;Transferências Federais;N;0;0,00;0,00;0,00;0,00;0,00;0,00;0,00;0,00;0,00;0,00;199573,00;0,00;199573,00;16/01/2026
1,32105010103020e+24;51926;2025;1;PREFEITURA DO MUNICÍPIO DE SÃO PAULO;Direta;84;Fundo Municipal de Saúde;FMS/SMS;NA;NA;NA;NA;NA;PMSP/SMS/INVEST/25007 - 22.864-8;PMSP/SMS/INVEST/25007 - 22.864-8;1;Receita Corrente;3;2;1;5;0;1;1;A;S;N;S;N;02.1.601.1914;Transferências Federais;N;0;0,00;0,00;0,00;0,00;0,00;0,00;0,00;0,00;0,00;0,00;2182,37;2197,24;4379,61;16/01/2026
2,41151211400000e+24;51927;2025;1;PREFEITURA DO MUNICÍPIO DE SÃO PAULO;Direta;84;Fundo Municipal de Saúde;FMS/SMS;NA;NA;NA;NA;NA;PMSP/SMS/INVEST/25007 - 22.864-8;PMSP/SMS/INVEST/25007 - 22.864-8;2;Receita de Capital;4;1;1;51;2;1;14;A;S;N;S;S;02.1.601.1914;Transferências Federais;N;0;0,00;0,00;0,00;0,00;0,00;0,00;0,00;0,00;0,00;0,00;229952,00;0,00;229952,00;16/01/2026
1,32105010103020e+24;51928;2025;1;PREFEITURA DO MUNICÍPIO DE SÃO PAULO;Direta;84;Fundo Municipal de Saúde;FMS/SMS;NA;NA;NA;NA;NA;SMS/FMS/ENTID/704356 - 22.890-7;SMS/FMS/ENTID/704356 - 22.890-7;1;Receita Corrente;3;2;1;5;0;1;1;A;S;N;S;N;02.1.600.1915;Transferências Federais;N;0;0,00;0,00;0,00;0,00;0,00;0,00;0,00;0,00;0,00;0,00;1033,32;1455,49;2488,81;16/01/2026
1,71350216701031e+24;51929;2025;1;PREFEITURA DO MUNICÍPIO DE SÃO PAULO;Direta;84;Fundo Municipal de Saúde;FMS/SMS;NA;NA;NA;NA;NA;SMS/FMS/ENTID/704356 - 22.890-7;SMS/FMS/ENTID/704356 - 22.890-7;1;Receita Corrente;7;1;3;50;2;1;67;A;S;N;S;S;02.1.600.1915;Transferências Federais;N;0;0,00;0,00;0,00;0,00;0,00;0,00;0,00;0,00;0,00;0,00;200000,00;0,00;200000,00;16/01/2026
1,32105010103020e+24;51930;2025;1;PREFEITURA DO MUNICÍPIO DE SÃO PAULO;Direta;84;Fundo Municipal de Saúde;FMS/SMS;NA;NA;NA;NA;NA;PMSP/SMS/INVEST/25002 - 22.815-X;PMSP/SMS/INVEST/25002 - 22.815-X;1;Receita Corrente;3;2;1;5;0;1;1;A;S;N;S;N;02.1.601.1917;Transferências Federais;N;0;0,00;0,00;0,00;0,00;0,00;0,00;0,00;0,00;0,00;0,00;1228,34;1598,71;2827,05;16/01/2026
2,41151110701015e+24;51931;2025;1;PREFEITURA DO MUNICÍPIO DE SÃO PAULO;Direta;84;Fundo Municipal de Saúde;FMS/SMS;NA;NA;NA;NA;NA;PMSP/SMS/INVEST/25002 - 22.815-X;PMSP/SMS/INVEST/25002 - 22.815-X;2;Receita de Capital;4;1;1;51;1;1;7;A;S;N;S;S;02.1.601.1917;Transferências Federais;N;0;0,00;0,00;0,00;0,00;0,00;0,00;0,00;0,00;0,00;0,00;167673,00;0,00;167673,00;16/01/2026
1,32105010103020e+24;51932;2025;1;PREFEITURA DO MUNICÍPIO DE SÃO PAULO;Direta;84;Fundo Municipal de Saúde;FMS/SMS;NA;NA;NA;NA;NA;SMS/FMS/ENTID/708811 - 22.897-4;SMS/FMS/ENTID/708811 - 22.897-4;1;Receita Corrente;3;2;1;5;0;1;1;A;S;N;S;N;02.1.600.1916;Transferências Federais;N;0;0,00;0,00;0,00;0,00;0,00;0,00;0,00;0,00;0,00;0,00;8783,20;12371,68;21154,88;16/01/2026
1,71350216701032e+24;51933;2025;1;PREFEITURA DO MUNICÍPIO DE SÃO PAULO;Direta;84;Fundo Municipal de Saúde;FMS/SMS;NA;NA;NA;NA;NA;SMS/FMS/ENTID/708811 - 22.897-4;SMS/FMS/ENTID/708811 - 22.897-4;1;Receita Corrente;7;1;3;50;2;1;67;A;S;N;S;S;02.1.600.1916;Transferências Federais;N;0;0,00;0,00;0,00;0,00;0,00;0,00;0,00;0,00;0,00;0,00;1700000,00;0,00;1700000,00;16/01/2026
1,32105010103059e+24;51941;2025;1;PREFEITURA DO MUNICÍPIO DE SÃO PAULO;Direta;68;Subprefeitura de Guaianases;SUB-G;NA;NA;NA;NA;NA;PMSP-SUB-G/Revitalização área esportiva - vestiário - 22.867-2;PMSP-SUB-G/Revitalização área esportiva - vestiário - 22.867-2;1;Receita Corrente;3;2;1;5;0;1;1;A;S;N;N;N;02.1.706.1919;Transferências Federais;N;0;0,00;0,00;0,00;0,00;0,00;0,00;0,00;0,00;0,00;0,00;0,00;43184,75;43184,75;16/01/2026
1,32105010106091e+24;51944;2025;3;CINEMA E AUDIOVISUAL DE SÃO PAULO;Indireta;15;Cinema e Audiovisual de São Paulo;SPCINE;NA;NA;NA;NA;NA;Rendimentos SPCINEX CAM SMTUR 2025;Rendimentos SPCINEX CAM SMTUR 2025;1;Receita Corrente;3;2;1;5;0;1;1;A;S;N;N;N;05.1.702.8019;Outras Fontes;N;0;0,00;0,00;0,00;0,00;0,00;0,00;0,00;0,00;0,00;0,00;0,00;28854,33;28854,33;16/01/2026
2,42999011800000e+24;51963;2025;1;PREFEITURA DO MUNICÍPIO DE SÃO PAULO;Direta;70;Subprefeitura São Mateus;SUB-SM;NA;NA;NA;NA;NA;SUB-SM/Serviços de manutenção e requalificação de próprios, pavimentação rígida, R. São João;SUB-SM/Serv manutenção e requalificação pavimentação rígida, R. S João;2;Receita de Capital;4;2;9;99;0;1;18;A;S;N;N;S;03.1.710.1884;Transferências Estaduais;N;0;0,00;0,00;0,00;0,00;0,00;0,00;0,00;0,00;0,00;0,00;322000,00;0,00;322000,00;16/01/2026
2,42999011900000e+24;51964;2025;1;PREFEITURA DO MUNICÍPIO DE SÃO PAULO;Direta;70;Subprefeitura São Mateus;SUB-SM;NA;NA;NA;NA;NA;SUB-SM/Serviços de manutenção e requalificação da Praça dos Amigos, Rua Borzeguim;SUB-SM/Serv manutenção e requalificação Pça dos Amigos, Rua Borzeguim;2;Receita de Capital;4;2;9;99;0;1;19;A;S;N;N;S;03.1.710.1885;Transferências Estaduais;N;0;0,00;0,00;0,00;0,00;0,00;0,00;0,00;0,00;0,00;0,00;150000,00;0,00;150000,00;16/01/2026
2,42999012000000e+24;51965;2025;1;PREFEITURA DO MUNICÍPIO DE SÃO PAULO;Direta;70;Subprefeitura São Mateus;SUB-SM;NA;NA;NA;NA;NA;SUB-SM/Serviços de manutenção e requalificação de próprios, pavimentação da Viela Seis;SUB-SM/Serv manutenção e requalificação, pavimentação da Viela Seis;2;Receita de Capital;4;2;9;99;0;1;20;A;S;N;N;S;03.1.710.1886;Transferências Estaduais;N;0;0,00;0,00;0,00;0,00;0,00;0,00;0,00;0,00;0,00;0,00;388000,00;0,00;388000,00;16/01/2026
1,72999011500000e+24;51978;2025;1;PREFEITURA DO MUNICÍPIO DE SÃO PAULO;Direta;25;Secretaria Municipal de Cultura;SMC;NA;NA;NA;NA;Rubrica de receita destinada ao registro do valor transferido pelo Governo do Estado ao Município por meio do Transferência Especial relativa à Emenda Parlamentar Individual 2024.285.55335 destinado a custeio.;Transferência Especial - PMSP-SMC/Custeio de Atividades Culturais;Transferência Especial - PMSP-SMC/Custeio de Atividades Culturais;1;Receita Corrente;7;2;9;99;0;1;15;A;S;N;N;S;03.1.710.1922;Transferências Estaduais;N;0;0,00;0,00;0,00;0,00;0,00;0,00;0,00;0,00;0,00;0,00;0,00;2280000,00;2280000,00;16/01/2026
1,71553010100000e+24;51979;2025;1;PREFEITURA DO MUNICÍPIO DE SÃO PAULO;Direta;16;Secretaria Municipal de Educação;SME;NA;NA;NA;NA;Registra o valor recebido a título de complementação efetuada pela União ao Fundeb destinados às ações de fomento à criação de matrículas em tempo integral (ETI) na educação básica pública no âmbito do Fundeb, conforme art. 212-A, XIV e XV da CF/88.;Transferências de Recursos do Fundeb destinados à criação de matrículas em ETI;Transf. Recursos do Fundeb destinados à criação de matrículas em ETI;1;Receita Corrente;7;1;5;53;0;1;1;A;S;S;N;S;04.1.546.9001;Fundo Constitucional da Educação;N;0;0,00;0,00;0,00;0,00;0,00;0,00;0,00;0,00;0,00;15783392,56;7891696,28;7891696,28;31566785,12;16/01/2026
1,92299013600000e+24;51982;2025;1;PREFEITURA DO MUNICÍPIO DE SÃO PAULO;Direta;27;Secretaria Municipal do Verde e do Meio Ambiente;SVMA;NA;NA;NA;NA;NA;PMSP-SVMA-Restituição de Tributos Federais;PMSP-SVMA-Restituição de Tributos Federais;1;Receita Corrente;9;2;2;99;0;1;36;A;S;N;N;S;05.1.799.1691;Outras Fontes;N;0;0,00;0,00;0,00;0,00;0,00;0,00;0,00;0,00;0,00;1,00;287472,58;0,00;287473,58;16/01/2026
1,11253030100000e+24;51992;2025;1;PREFEITURA DO MUNICÍPIO DE SÃO PAULO;Direta;NA;NA;NA;NA;NA;NA;NA;NA;TDM - ITBI - Dívida Ativa;TDM - ITBI - Dívida Ativa;1;Receita Corrente;1;1;2;53;0;3;1;A;S;P;P;S;00.1.500.9001;Tesouro Municipal;N;0;0,00;0,00;0,00;0,00;0,00;0,00;0,00;0,00;0,00;12551,41;2560986,99;7762451,09;10335989,49;16/01/2026
1,11253040100000e+24;51994;2025;1;PREFEITURA DO MUNICÍPIO DE SÃO PAULO;Direta;NA;NA;NA;NA;NA;NA;NA;NA;TDM - ITBI - Dívida Ativa - Multas e Juros;TDM - ITBI - Dívida Ativa - Multas e Juros;1;Receita Corrente;1;1;2;53;0;4;1;A;S;P;P;S;00.1.500.9001;Tesouro Municipal;N;0;0,00;0,00;0,00;0,00;0,00;0,00;0,00;0,00;0,00;1575,67;237916,28;823329,82;1062821,77;16/01/2026
1,12101030300000e+24;51996;2025;1;PREFEITURA DO MUNICÍPIO DE SÃO PAULO;Direta;NA;NA;NA;NA;NA;NA;NA;NA;TDM - TFE  - Dívida Ativa;TDM - TFE  - Dívida Ativa;1;Receita Corrente;1;2;1;1;0;3;3;A;S;N;N;S;00.1.500.9001;Tesouro Municipal;N;0;0,00;0,00;0,00;0,00;0,00;0,00;0,00;0,00;0,00;19775,35;882679,35;1399334,99;2301789,69;16/01/2026
1,12101040300000e+24;51998;2025;1;PREFEITURA DO MUNICÍPIO DE SÃO PAULO;Direta;NA;NA;NA;NA;NA;NA;NA;NA;TDM - TFE  - Dívida Ativa - Multas e Juros;TDM - TFE  - Dívida Ativa - Multas e Juros;1;Receita Corrente;1;2;1;1;0;4;3;A;S;N;N;S;00.1.500.9001;Tesouro Municipal;N;0;0,00;0,00;0,00;0,00;0,00;0,00;0,00;0,00;0,00;1630,64;82900,16;162104,58;246635,38;16/01/2026
1,12253030300000e+24;52000;2025;81;FUNDO MUNICIPAL DE LIMPEZA URBANA;Indireta;81;Fundo Municipal Limpeza Urbana;FMLU;NA;NA;NA;NA;NA;TDM - TRSS - Dívida Ativa;TDM - TRSS - Dívida Ativa;1;Receita Corrente;1;2;2;53;0;3;3;A;S;N;N;S;08.1.759.8006;Tesouro Municipal - Recursos Vinculados;N;0;0,00;0,00;0,00;0,00;0,00;0,00;0,00;0,00;0,00;0,00;124299,09;222,29;124521,38;16/01/2026
1,12253040300000e+24;52002;2025;81;FUNDO MUNICIPAL DE LIMPEZA URBANA;Indireta;81;Fundo Municipal Limpeza Urbana;FMLU;NA;NA;NA;NA;NA;TDM - TRSS - Dívida Ativa - Multas e Juros;TDM - TRSS - Dívida Ativa - Multas e Juros;1;Receita Corrente;1;2;2;53;0;4;3;A;S;N;N;S;08.1.759.8006;Tesouro Municipal - Recursos Vinculados;N;0;0,00;0,00;0,00;0,00;0,00;0,00;0,00;0,00;0,00;0,00;16334,31;25992,59;42326,90;16/01/2026
1,91101030212000e+24;52004;2025;1;PREFEITURA DO MUNICÍPIO DE SÃO PAULO;Direta;NA;NA;NA;NA;NA;NA;NA;NA;TDM - Multas SMSUB - Sistema Novo - Dívida Ativa;TDM - Multas SMSUB - Sistema Novo - Dívida Ativa;1;Receita Corrente;9;1;1;1;0;3;2;A;S;N;N;S;00.1.501.9001;Tesouro Municipal;N;0;0,00;0,00;0,00;0,00;0,00;0,00;0,00;0,00;0,00;115100,93;2931944,68;24985400,27;28032445,88;16/01/2026
1,91101040212000e+24;52006;2025;1;PREFEITURA DO MUNICÍPIO DE SÃO PAULO;Direta;NA;NA;NA;NA;NA;NA;NA;NA;TDM - Multas SMSUB - Sistema Novo - Dívida Ativa - Multas e Juros;TDM - Multas SMSUB - Sistema Novo - Dívida Ativa;1;Receita Corrente;9;1;1;1;0;4;2;A;S;N;N;S;00.1.501.9001;Tesouro Municipal;N;0;0,00;0,00;0,00;0,00;0,00;0,00;0,00;0,00;0,00;4581,30;93265,52;2102171,30;2200018,12;16/01/2026
1,99999230195000e+24;52008;2025;1;PREFEITURA DO MUNICÍPIO DE SÃO PAULO;Direta;NA;NA;NA;NA;NA;NA;NA;NA;TDM - JUD - Dívida Ativa;TDM - JUD - Dívida Ativa;1;Receita Corrente;9;9;9;99;2;3;1;A;S;N;N;S;00.1.501.9001;Tesouro Municipal;N;0;0,00;0,00;0,00;0,00;0,00;0,00;0,00;0,00;0,00;1026,49;157630,29;1402031,39;1560688,17;16/01/2026
1,99999240195000e+24;52010;2025;1;PREFEITURA DO MUNICÍPIO DE SÃO PAULO;Direta;NA;NA;NA;NA;NA;NA;NA;NA;TDM - JUD - Multas e Juros;TDM - JUD - Multas e Juros;1;Receita Corrente;9;9;9;99;2;4;1;A;S;N;N;S;00.1.501.9001;Tesouro Municipal;N;0;0,00;0,00;0,00;0,00;0,00;0,00;0,00;0,00;0,00;192,56;17077,89;160971,94;178242,39;16/01/2026
1,71455010100000e+24;52015;2025;1;PREFEITURA DO MUNICÍPIO DE SÃO PAULO;Direta;16;Secretaria Municipal de Educação;SME;NA;NA;NA;NA;Rubrica de receita destinada ao registro dos recursos de transferências da União aos Estados, Distrito Federal e Municípios, referentes ao Programa Brasil Alfabetizado - PBA. Lei n° 10.880, de 09 de junho de 2004.;PMSP-SME/FNDE Programa Brasil Alfabetizado-PBA;PMSP-SME/FNDE Programa Brasil Alfabetizado-PBA;1;Receita Corrente;7;1;4;55;0;1;1;A;S;S;N;S;02.1.569.1924;Transferências Federais;N;0;0,00;0,00;0,00;0,00;0,00;0,00;0,00;0,00;0,00;0,00;0,00;19400,00;19400,00;16/01/2026
1,32105010102001e+24;52018;2025;1;PREFEITURA DO MUNICÍPIO DE SÃO PAULO;Direta;17;Secretaria Municipal da Fazenda;SF;NA;NA;NA;NA;Rubrica de receita destinada ao registro dos rendimentos de aplicação financeira em fundo de renda fixa do reembolso do PNAFM III.;PMSP-SF/PNAFM III Reembolsos - 22.947-4;PMSP-SF/PNAFM III Reembolsos - 22.947-4;1;Receita Corrente;3;2;1;5;0;1;1;A;S;N;N;N;01.1.754.1911;Operações de Crédito;N;0;0,00;0,00;0,00;0,00;0,00;0,00;0,00;0,00;0,00;0,00;8470,27;31291,49;39761,76;16/01/2026
1,32105010103013e+24;52026;2025;1;PREFEITURA DO MUNICÍPIO DE SÃO PAULO;Direta;93;Fundo Municipal de Assistência Social;FMAS;NA;NA;NA;NA;Rubrica de receita destinada ao registro dos rendimentos de aplicação financeira em fundo de renda fixa do valor transferido pelo Fundo Nacional de Assistência Social - FNAS para o Fundo Municipal de Assistência Social - FMAS destinado a custeio relativo à Emenda Parlamentar.;SAO PAULO SIGTV - CUSTEIO - Carlos Zarattini 2025 - 22.785-4;SAO PAULO SIGTV - CUSTEIO - Carlos Zarattini 2025 - 22.785-4;1;Receita Corrente;3;2;1;5;0;1;1;A;S;N;N;N;02.1.660.1893;Transferências Federais;N;0;0,00;0,00;0,00;0,00;0,00;0,00;0,00;0,00;0,00;0,00;1557,73;961,29;2519,02;16/01/2026
1,71650017700000e+24;52027;2025;1;PREFEITURA DO MUNICÍPIO DE SÃO PAULO;Direta;93;Fundo Municipal de Assistência Social;FMAS;NA;NA;NA;NA;Rubrica de receita destinada ao registro do valor transferido pelo Fundo Nacional de Assistência Social - FNAS para o Fundo Municipal de Assistência Social - FMAS destinado a custeio à Emenda Parlamentar.;SAO PAULO SIGTV - CUSTEIO - Carlos Zarattini 2025 - 22.785-4;SAO PAULO SIGTV - CUSTEIO - Carlos Zarattini 2025 - 22.785-4;1;Receita Corrente;7;1;6;50;0;1;77;A;S;N;N;S;02.1.660.1893;Transferências Federais;N;0;0,00;0,00;0,00;0,00;0,00;0,00;0,00;0,00;0,00;0,00;100000,00;0,00;100000,00;16/01/2026
2,41951017101002e+24;52030;2025;1;PREFEITURA DO MUNICÍPIO DE SÃO PAULO;Direta;68;Subprefeitura de Guaianases;SUB-G;NA;NA;NA;NA;Rubrica de receita destinada ao registro do valor transferido pela União a Município por meio de Transferência Especial relativa à Emenda Parlamentar 2025.25280013.;PMSP-SUB-G/Implantação de Grama Sintética no Campo do Gaviões;PMSP-SUB-G/Implantação de Grama Sintética no Campo do Gaviões;2;Receita de Capital;4;1;9;51;0;1;71;A;S;N;N;S;02.1.706.1923;Transferências Federais;N;0;0,00;0,00;0,00;0,00;0,00;0,00;0,00;0,00;0,00;0,00;0,00;1700000,00;1700000,00;16/01/2026
1,32105010103034e+24;52033;2025;1;PREFEITURA DO MUNICÍPIO DE SÃO PAULO;Direta;16;Secretaria Municipal de Educação;SME;NA;NA;NA;NA;Rubrica de receita destinada ao registro dos rendimentos oriundos de aplicação financeira em fundo de renda fixa dos recursos de transferências da União aos Estados, Distrito Federal e Municípios, referentes ao Programa Brasil Alfabetizado - PBA. Lei n° 10.880, de 09 de junho de 2004.;PMSP-SME/FNDE Programa Brasil Alfabetizado-PBA;PMSP-SME/FNDE Programa Brasil Alfabetizado-PBA;1;Receita Corrente;3;2;1;5;0;1;1;A;S;S;N;N;02.1.569.1924;Transferências Federais;N;0;0,00;0,00;0,00;0,00;0,00;0,00;0,00;0,00;0,00;0,00;0,00;186,65;186,65;16/01/2026
1,12101030100000e+24;52038;2025;1;PREFEITURA DO MUNICÍPIO DE SÃO PAULO;Direta;NA;NA;NA;NA;NA;NA;NA;NA;TDM - Taxa de Licença p/ Localização, Instalação e Funcionamento - Dívida Ativa;TDM - TLIF - Dívida Ativa;1;Receita Corrente;1;2;1;1;0;3;1;A;S;N;N;S;00.1.501.9001;Tesouro Municipal;N;0;0,00;0,00;0,00;0,00;0,00;0,00;0,00;0,00;0,00;0,00;0,00;11231,84;11231,84;16/01/2026
1,12101030400000e+24;52040;2025;1;PREFEITURA DO MUNICÍPIO DE SÃO PAULO;Direta;NA;NA;NA;NA;NA;NA;NA;NA;TDM - Taxa de Fiscalização de Anúncios - TFA - Dívida Ativa;TDM - TFA - Dívida Ativa;1;Receita Corrente;1;2;1;1;0;3;4;A;S;N;N;S;00.1.501.9001;Tesouro Municipal;N;0;0,00;0,00;0,00;0,00;0,00;0,00;0,00;0,00;0,00;0,00;5402,31;17286,76;22689,07;16/01/2026
1,12101030500000e+24;52042;2025;1;PREFEITURA DO MUNICÍPIO DE SÃO PAULO;Direta;NA;NA;NA;NA;NA;NA;NA;NA;TDM - Taxa p/ Exame e Verificação de  Projetos e Construções - Dívida Ativa;TDM - Taxa Exame e Verific de Proj e Construções - Dívida Ativa;1;Receita Corrente;1;2;1;1;0;3;5;A;S;N;N;S;00.1.501.9001;Tesouro Municipal;N;0;0,00;0,00;0,00;0,00;0,00;0,00;0,00;0,00;0,00;0,00;4301,13;340,61;4641,74;16/01/2026
1,12101030600000e+24;52044;2025;1;PREFEITURA DO MUNICÍPIO DE SÃO PAULO;Direta;NA;NA;NA;NA;NA;NA;NA;NA;TDM - Taxa de Vistoria de Aparelhos de Transporte Vertical e Horizontal - Dívida Ativa;TDM - Taxa Vistoria Aparelhos Transp Vert e Horizontal - Dívida Ativa;1;Receita Corrente;1;2;1;1;0;3;6;A;S;N;N;S;00.1.501.9001;Tesouro Municipal;N;0;0,00;0,00;0,00;0,00;0,00;0,00;0,00;0,00;0,00;0,00;93351,36;174898,68;268250,04;16/01/2026
1,12101040100000e+24;52046;2025;1;PREFEITURA DO MUNICÍPIO DE SÃO PAULO;Direta;NA;NA;NA;NA;NA;NA;NA;NA;TDM - Taxa de Licença p/ Localização, Instalação e Funcionamento - Dívida Ativa - Multas e Juros;TDM - TLIF - Dívida Ativa - Multas e Juros;1;Receita Corrente;1;2;1;1;0;4;1;A;S;N;N;S;00.1.501.9001;Tesouro Municipal;N;0;0,00;0,00;0,00;0,00;0,00;0,00;0,00;0,00;0,00;0,00;0,00;2183,17;2183,17;16/01/2026
1,12101040400000e+24;52048;2025;1;PREFEITURA DO MUNICÍPIO DE SÃO PAULO;Direta;NA;NA;NA;NA;NA;NA;NA;NA;TDM - Taxa de Fiscalização de Anúncios - TFA - Dívida Ativa - Multas e Juros;TDM - TFA - Dívida Ativa - Multas e Juros;1;Receita Corrente;1;2;1;1;0;4;4;A;S;N;N;S;00.1.501.9001;Tesouro Municipal;N;0;0,00;0,00;0,00;0,00;0,00;0,00;0,00;0,00;0,00;0,00;1110,27;3113,33;4223,60;16/01/2026
1,12101040500000e+24;52050;2025;1;PREFEITURA DO MUNICÍPIO DE SÃO PAULO;Direta;NA;NA;NA;NA;NA;NA;NA;NA;TDM - Taxa p/ Exame e Verificação de  Projetos e Construções - Dívida Ativa - Multas e Juros;TDM - Taxa Ex e Verif Proj e Construções - Dív Ativa - Multas e Juros;1;Receita Corrente;1;2;1;1;0;4;5;A;S;N;N;S;00.1.501.9001;Tesouro Municipal;N;0;0,00;0,00;0,00;0,00;0,00;0,00;0,00;0,00;0,00;0,00;160,72;84,99;245,71;16/01/2026
1,12101040600000e+24;52052;2025;1;PREFEITURA DO MUNICÍPIO DE SÃO PAULO;Direta;NA;NA;NA;NA;NA;NA;NA;NA;TDM - Taxa de Vistoria de Aparelhos de Transporte Vertical e Horizontal - Dívida Ativa - Multas e Juros;TDM -Taxa Vist Apar Transp Vert e Horizontal -Dív Ativa-Multas e Juros;1;Receita Corrente;1;2;1;1;0;4;6;A;S;N;N;S;00.1.501.9001;Tesouro Municipal;N;0;0,00;0,00;0,00;0,00;0,00;0,00;0,00;0,00;0,00;0,00;2910,84;5463,08;8373,92;16/01/2026
1,13153030100000e+24;52054;2025;1;PREFEITURA DO MUNICÍPIO DE SÃO PAULO;Direta;NA;NA;NA;NA;NA;NA;NA;NA;TDM - Contribuição de Melhoria para Pavimentação e Obras Complementares - Dívida Ativa;TDM - Contribuição Melhoria Pavim e O Complementares - Dívida Ativa;1;Receita Corrente;1;3;1;53;0;3;1;A;S;N;N;S;00.1.501.9001;Tesouro Municipal;N;0;0,00;0,00;0,00;0,00;0,00;0,00;0,00;0,00;0,00;0,00;0,58;30,78;31,36;16/01/2026
1,13153040100000e+24;52056;2025;1;PREFEITURA DO MUNICÍPIO DE SÃO PAULO;Direta;NA;NA;NA;NA;NA;NA;NA;NA;TDM - Contribuição de Melhoria para Pavimentação e Obras Complementares - Dívida Ativa - Multas e Juros;TDM - Contribuição Melhoria Pavim e O Compl -Dívida Ativa-M e Juros;1;Receita Corrente;1;3;1;53;0;4;1;A;S;N;N;S;00.1.501.9001;Tesouro Municipal;N;0;0,00;0,00;0,00;0,00;0,00;0,00;0,00;0,00;0,00;0,00;1,37;60,85;62,22;16/01/2026
6,21800830199001e+24;52067;2025;83;COMPANHIA METROPOLITANA DE HABITAÇÃO DE SÃO PAULO;Indireta;83;Companhia Metropolitana de Habitação de São Paulo;COHAB;NA;NA;NA;NA;NA;INSS retido em NRT;INSS retido em NRT;6;Receita Extraorçamentária;2;1;8;0;8;3;1;A;N;N;N;S;12.1.869.9001;Recursos Extraorçamentários;N;0;0,00;0,00;0,00;0,00;0,00;0,00;0,00;0,00;0,00;0,00;0,00;707681,70;707681,70;16/01/2026
6,21800830199002e+24;52068;2025;83;COMPANHIA METROPOLITANA DE HABITAÇÃO DE SÃO PAULO;Indireta;83;Companhia Metropolitana de Habitação de São Paulo;COHAB;NA;NA;NA;NA;NA;PIS/COFINS retido em NRT;PIS/COFINS retido em NRT;6;Receita Extraorçamentária;2;1;8;0;8;3;1;A;N;N;N;S;12.1.869.9001;Recursos Extraorçamentários;N;0;0,00;0,00;0,00;0,00;0,00;0,00;0,00;0,00;0,00;0,00;0,00;352627,19;352627,19;16/01/2026
6,21800830199003e+24;52069;2025;83;COMPANHIA METROPOLITANA DE HABITAÇÃO DE SÃO PAULO;Indireta;83;Companhia Metropolitana de Habitação de São Paulo;COHAB;NA;NA;NA;NA;NA;IR retido em NRT;IR retido em NRT;6;Receita Extraorçamentária;2;1;8;0;8;3;1;A;N;N;N;S;12.1.869.9001;Recursos Extraorçamentários;N;0;0,00;0,00;0,00;0,00;0,00;0,00;0,00;0,00;0,00;0,00;0,00;132513,70;132513,70;16/01/2026
1,32105010103020e+24;52094;2025;1;PREFEITURA DO MUNICÍPIO DE SÃO PAULO;Direta;84;Fundo Municipal de Saúde;FMS/SMS;NA;NA;NA;NA;NA;PMSP-SMS/FMS/ENTID/711886 - 22.938-5;PMSP-SMS/FMS/ENTID/711886 - 22.938-5;1;Receita Corrente;3;2;1;5;0;1;1;A;S;N;S;N;02.1.600.1927;Transferências Federais;N;0;0,00;0,00;0,00;0,00;0,00;0,00;0,00;0,00;0,00;0,00;0,00;164,28;164,28;16/01/2026
1,71350216701034e+24;52095;2025;1;PREFEITURA DO MUNICÍPIO DE SÃO PAULO;Direta;84;Fundo Municipal de Saúde;FMS/SMS;NA;NA;NA;NA;NA;PMSP-SMS/FMS/ENTID/711886 - 22.938-5;PMSP-SMS/FMS/ENTID/711886 - 22.938-5;1;Receita Corrente;7;1;3;50;2;1;67;A;S;N;S;S;02.1.600.1927;Transferências Federais;N;0;0,00;0,00;0,00;0,00;0,00;0,00;0,00;0,00;0,00;0,00;0,00;300000,00;300000,00;16/01/2026
1,32105010103020e+24;52096;2025;1;PREFEITURA DO MUNICÍPIO DE SÃO PAULO;Direta;84;Fundo Municipal de Saúde;FMS/SMS;NA;NA;NA;NA;NA;PMSP-SMS/FMS/GAB 709740 - 22.944-X;PMSP-SMS/FMS/GAB 709740 - 22.944-X;1;Receita Corrente;3;2;1;5;0;1;1;A;S;N;S;N;02.1.600.1928;Transferências Federais;N;0;0,00;0,00;0,00;0,00;0,00;0,00;0,00;0,00;0,00;0,00;0,00;109,52;109,52;16/01/2026
1,71350216701035e+24;52097;2025;1;PREFEITURA DO MUNICÍPIO DE SÃO PAULO;Direta;84;Fundo Municipal de Saúde;FMS/SMS;NA;NA;NA;NA;NA;PMSP-SMS/FMS/GAB 709740 - 22.944-X;PMSP-SMS/FMS/GAB 709740 - 22.944-X;1;Receita Corrente;7;1;3;50;2;1;67;A;S;N;S;S;02.1.600.1928;Transferências Federais;N;0;0,00;0,00;0,00;0,00;0,00;0,00;0,00;0,00;0,00;0,00;0,00;200000,00;200000,00;16/01/2026
1,32105010103020e+24;52098;2025;1;PREFEITURA DO MUNICÍPIO DE SÃO PAULO;Direta;84;Fundo Municipal de Saúde;FMS/SMS;NA;NA;NA;NA;NA;PMSP-PMSP/SMS/INVEST/25011 - 22.946-6;PMSP-PMSP/SMS/INVEST/25011 - 22.946-6;1;Receita Corrente;3;2;1;5;0;1;1;A;S;N;S;N;02.1.601.1930;Transferências Federais;N;0;0,00;0,00;0,00;0,00;0,00;0,00;0,00;0,00;0,00;0,00;0,00;274,70;274,70;16/01/2026
2,41151110701016e+24;52099;2025;1;PREFEITURA DO MUNICÍPIO DE SÃO PAULO;Direta;84;Fundo Municipal de Saúde;FMS/SMS;NA;NA;NA;NA;NA;PMSP-PMSP/SMS/INVEST/25011 - 22.946-6;PMSP-PMSP/SMS/INVEST/25011 - 22.946-6;2;Receita de Capital;4;1;1;51;1;1;7;A;S;N;S;S;02.1.601.1930;Transferências Federais;N;0;0,00;0,00;0,00;0,00;0,00;0,00;0,00;0,00;0,00;0,00;0,00;501641,00;501641,00;16/01/2026
1,32105010103020e+24;52100;2025;1;PREFEITURA DO MUNICÍPIO DE SÃO PAULO;Direta;84;Fundo Municipal de Saúde;FMS/SMS;NA;NA;NA;NA;NA;PMSP-SMS/FMS/ITPAP/GAB - 22.945-8;PMSP-SMS/FMS/ITPAP/GAB - 22.945-8;1;Receita Corrente;3;2;1;5;0;1;1;A;S;N;S;N;02.1.600.1929;Transferências Federais;N;0;0,00;0,00;0,00;0,00;0,00;0,00;0,00;0,00;0,00;0,00;0,00;1122,58;1122,58;16/01/2026
1,71350113500000e+24;52101;2025;1;PREFEITURA DO MUNICÍPIO DE SÃO PAULO;Direta;84;Fundo Municipal de Saúde;FMS/SMS;NA;NA;NA;NA;NA;PMSP-SMS/FMS/ITPAP/GAB - 22.945-8;PMSP-SMS/FMS/ITPAP/GAB - 22.945-8;1;Receita Corrente;7;1;3;50;1;1;35;A;S;N;S;S;02.1.600.1929;Transferências Federais;N;0;0,00;0,00;0,00;0,00;0,00;0,00;0,00;0,00;0,00;0,00;0,00;2050000,00;2050000,00;16/01/2026
1,12253030200000e+24;52110;2025;81;FUNDO MUNICIPAL DE LIMPEZA URBANA;Indireta;81;Fundo Municipal Limpeza Urbana;FMLU;NA;NA;NA;NA;NA;TDM - Taxa de Resíduos Sólidos Domiciliares - TRSD - Dívida Ativa;TDM - Taxa de Resíduos Sólidos Domiciliares - TRSD - Dívida Ativa;1;Receita Corrente;1;2;2;53;0;3;2;A;S;N;N;S;08.1.759.8006;Tesouro Municipal - Recursos Vinculados;N;0;0,00;0,00;0,00;0,00;0,00;0,00;0,00;0,00;0,00;0,00;3479,27;185,77;3665,04;16/01/2026
1,12253040200000e+24;52112;2025;81;FUNDO MUNICIPAL DE LIMPEZA URBANA;Indireta;81;Fundo Municipal Limpeza Urbana;FMLU;NA;NA;NA;NA;NA;TDM - Taxa de Resíduos Sólidos Domiciliares - TRSD - Dívida Ativa - Multas e Juros;TDM - TRSD - Dívida Ativa - Multas e Juros;1;Receita Corrente;1;2;2;53;0;4;2;A;S;N;N;S;08.1.759.8006;Tesouro Municipal - Recursos Vinculados;N;0;0,00;0,00;0,00;0,00;0,00;0,00;0,00;0,00;0,00;0,00;694,42;142129,54;142823,96;16/01/2026
1,72951011500000e+24;52143;2025;1;PREFEITURA DO MUNICÍPIO DE SÃO PAULO;Direta;93;Fundo Municipal de Assistência Social;FMAS;NA;NA;NA;NA;NA;PMSP-SMADS/FMAS-Passagens Conferência/FEAS 2025;PMSP-SMADS/FMAS-Passagens Conferência/FEAS 2025;1;Receita Corrente;7;2;9;51;0;1;15;A;S;N;N;S;03.1.661.1932;Transferências Estaduais;N;0;0,00;0,00;0,00;0,00;0,00;0,00;0,00;0,00;0,00;0,00;0,00;69600,00;69600,00;16/01/2026
1,32105010104013e+24;52144;2025;1;PREFEITURA DO MUNICÍPIO DE SÃO PAULO;Direta;93;Fundo Municipal de Assistência Social;FMAS;NA;NA;NA;NA;NA;PMSP-SMADS/FMAS-Passagens Conferência/FEAS 2025;PMSP-SMADS/FMAS-Passagens Conferência/FEAS 2025;1;Receita Corrente;3;2;1;5;0;1;1;A;S;N;N;N;03.1.661.1932;Transferências Estaduais;N;0;0,00;0,00;0,00;0,00;0,00;0,00;0,00;0,00;0,00;0,00;0,00;662,48;662,48;16/01/2026
1,61101011800000e+24;52795;2025;1;PREFEITURA DO MUNICÍPIO DE SÃO PAULO;Direta;NA;NA;NA;NA;NA;NA;NA;NA;TDM - Termo de Permissão de Uso - TPU;TDM - Termo de Permissão de Uso - TPU;1;Receita Corrente;6;1;1;1;0;1;18;A;S;N;N;N;00.1.501.9001;Tesouro Municipal;N;0;0,00;0,00;0,00;0,00;0,00;0,00;0,00;0,00;0,00;0,00;0,00;0,00;0,00;16/01/2026
1,61101021800000e+24;52797;2025;1;PREFEITURA DO MUNICÍPIO DE SÃO PAULO;Direta;NA;NA;NA;NA;NA;NA;NA;NA;PPI - Termo de Permissão de Uso - TPU - Multas e Juros;PPI - Termo de Permissão de Uso - TPU - Multas e Juros;1;Receita Corrente;6;1;1;1;0;2;18;A;S;N;N;S;00.1.501.9001;Tesouro Municipal;N;0;0,00;0,00;0,00;0,00;0,00;0,00;0,00;0,00;0,00;0,00;0,00;0,00;0,00;16/01/2026
1,61101031800000e+24;52807;2025;1;PREFEITURA DO MUNICÍPIO DE SÃO PAULO;Direta;NA;NA;NA;NA;NA;NA;NA;NA;TDM - Termo de Permissão de Uso - TPU - Dívida Ativa;TDM - Termo de Permissão de Uso - TPU - Dívida Ativa;1;Receita Corrente;6;1;1;1;0;3;18;A;S;N;N;S;00.1.501.9001;Tesouro Municipal;N;0;0,00;0,00;0,00;0,00;0,00;0,00;0,00;0,00;0,00;0,00;465309,40;188732,59;654041,99;16/01/2026
1,61101041800000e+24;52809;2025;1;PREFEITURA DO MUNICÍPIO DE SÃO PAULO;Direta;NA;NA;NA;NA;NA;NA;NA;NA;PPI - Termo de Permissão de Uso - TPU - Multas e Juros de Dívida Ativa;PPI - Termo de Permissão de Uso - TPU - Multas e Juros de Dívida Ativa;1;Receita Corrente;6;1;1;1;0;4;18;A;S;N;N;S;00.1.501.9001;Tesouro Municipal;N;0;0,00;0,00;0,00;0,00;0,00;0,00;0,00;0,00;0,00;0,00;10113,65;7443,87;17557,52;16/01/2026
1,32105010103020e+24;52871;2025;1;PREFEITURA DO MUNICÍPIO DE SÃO PAULO;Direta;84;Fundo Municipal de Saúde;FMS/SMS;NA;NA;NA;NA;NA;SMS/FMS/ENTID/715480 - 22.961-X;SMS/FMS/ENTID/715480 - 22.961-X;1;Receita Corrente;3;2;1;5;0;1;1;A;S;N;S;N;02.1.600.1947;Transferências Federais;N;0;0,00;0,00;0,00;0,00;0,00;0,00;0,00;0,00;0,00;0,00;0,00;63,93;63,93;16/01/2026
1,32105010103020e+24;52873;2025;1;PREFEITURA DO MUNICÍPIO DE SÃO PAULO;Direta;84;Fundo Municipal de Saúde;FMS/SMS;NA;NA;NA;NA;NA;SMS/FMS/GESTÃO/710153 - 22.954-7;SMS/FMS/GESTÃO/710153 - 22.954-7;1;Receita Corrente;3;2;1;5;0;1;1;A;S;N;S;N;02.1.600.1946;Transferências Federais;N;0;0,00;0,00;0,00;0,00;0,00;0,00;0,00;0,00;0,00;0,00;0,00;840,47;840,47;16/01/2026
1,32105010103020e+24;52877;2025;1;PREFEITURA DO MUNICÍPIO DE SÃO PAULO;Direta;84;Fundo Municipal de Saúde;FMS/SMS;NA;NA;NA;NA;NA;PMSP/SMS/INVEST/25016 - 23.079-0;PMSP/SMS/INVEST/25016 - 23.079-0;1;Receita Corrente;3;2;1;5;0;1;1;A;S;N;S;N;02.1.601.1950;Transferências Federais;N;0;0,00;0,00;0,00;0,00;0,00;0,00;0,00;0,00;0,00;0,00;0,00;106,75;106,75;16/01/2026
1,32105010103020e+24;52878;2025;1;PREFEITURA DO MUNICÍPIO DE SÃO PAULO;Direta;84;Fundo Municipal de Saúde;FMS/SMS;NA;NA;NA;NA;NA;SMS/FMS/ITPAP/GAB - 23.073-1;SMS/FMS/ITPAP/GAB - 23.073-1;1;Receita Corrente;3;2;1;5;0;1;1;A;S;N;S;N;02.1.600.1949;Transferências Federais;N;0;0,00;0,00;0,00;0,00;0,00;0,00;0,00;0,00;0,00;0,00;0,00;554,06;554,06;16/01/2026
1,71350216701040e+24;52879;2025;1;PREFEITURA DO MUNICÍPIO DE SÃO PAULO;Direta;84;Fundo Municipal de Saúde;FMS/SMS;NA;NA;NA;NA;NA;SMS/FMS/ENTID/715480 - 22.961-X;SMS/FMS/ENTID/715480 - 22.961-X;1;Receita Corrente;7;1;3;50;2;1;67;A;S;N;S;S;02.1.600.1947;Transferências Federais;N;0;0,00;0,00;0,00;0,00;0,00;0,00;0,00;0,00;0,00;0,00;0,00;150000,00;150000,00;16/01/2026
1,71350216701042e+24;52881;2025;1;PREFEITURA DO MUNICÍPIO DE SÃO PAULO;Direta;84;Fundo Municipal de Saúde;FMS/SMS;NA;NA;NA;NA;NA;SMS/FMS/GESTÃO/710153 - 22.954-7;SMS/FMS/GESTÃO/710153 - 22.954-7;1;Receita Corrente;7;1;3;50;2;1;67;A;S;N;S;S;02.1.600.1946;Transferências Federais;N;0;0,00;0,00;0,00;0,00;0,00;0,00;0,00;0,00;0,00;0,00;0,00;1972000,00;1972000,00;16/01/2026
2,41151110701017e+24;52885;2025;1;PREFEITURA DO MUNICÍPIO DE SÃO PAULO;Direta;84;Fundo Municipal de Saúde;FMS/SMS;NA;NA;NA;NA;NA;PMSP/SMS/INVEST/25016 - 23.079-0;PMSP/SMS/INVEST/25016 - 23.079-0;2;Receita de Capital;4;1;1;51;1;1;7;A;S;N;S;S;02.1.601.1950;Transferências Federais;N;0;0,00;0,00;0,00;0,00;0,00;0,00;0,00;0,00;0,00;0,00;0,00;250480,00;250480,00;16/01/2026
1,71350113600000e+24;52886;2025;1;PREFEITURA DO MUNICÍPIO DE SÃO PAULO;Direta;84;Fundo Municipal de Saúde;FMS/SMS;NA;NA;NA;NA;NA;SMS/FMS/ITPAP/GAB - 23.073-1;SMS/FMS/ITPAP/GAB - 23.073-1;1;Receita Corrente;7;1;3;50;1;1;36;A;S;N;S;S;02.1.600.1949;Transferências Federais;N;0;0,00;0,00;0,00;0,00;0,00;0,00;0,00;0,00;0,00;0,00;0,00;1300000,00;1300000,00;16/01/2026
1,32105010103046e+24;52896;2025;1;PREFEITURA DO MUNICÍPIO DE SÃO PAULO;Direta;27;Secretaria Municipal do Verde e do Meio Ambiente;SVMA;NA;NA;NA;NA;NA;PMSP-SVMA/Transferências Especiais-E. Federal 2025.41550001;PMSP-SVMA/Transferências Especiais-E. Federal 2025.41550001;1;Receita Corrente;3;2;1;5;0;1;1;A;S;N;N;N;02.1.706.1933;Transferências Federais;N;0;0,00;0,00;0,00;0,00;0,00;0,00;0,00;0,00;0,00;0,00;0,00;1446,78;1446,78;16/01/2026
1,71957011200000e+24;52897;2025;1;PREFEITURA DO MUNICÍPIO DE SÃO PAULO;Direta;27;Secretaria Municipal do Verde e do Meio Ambiente;SVMA;NA;NA;NA;NA;NA;PMSP-SVMA/Transferências Especiais-E. Federal 2025.41550001;PMSP-SVMA/Transferências Especiais-E. Federal 2025.41550001;1;Receita Corrente;7;1;9;57;0;1;12;A;S;N;N;S;02.1.706.1933;Transferências Federais;N;0;0,00;0,00;0,00;0,00;0,00;0,00;0,00;0,00;0,00;0,00;0,00;198000,00;198000,00;16/01/2026
1,71350112100000e+24;52901;2025;1;PREFEITURA DO MUNICÍPIO DE SÃO PAULO;Direta;84;Fundo Municipal de Saúde;FMS/SMS;NA;NA;NA;NA;NA;Deduções Incentivo Financeiro da APS -  Diversos APS;Deduções Incentivo Financeiro da APS -  Diversos APS;1;Receita Corrente;7;1;3;50;1;1;21;A;S;N;S;S;02.1.600.1168;Transferências Federais;S;0;0,00;0,00;0,00;0,00;0,00;0,00;0,00;0,00;0,00;0,00;0,00;-27033,88;-27033,88;16/01/2026
1,32105010103020e+24;52934;2025;1;PREFEITURA DO MUNICÍPIO DE SÃO PAULO;Direta;84;Fundo Municipal de Saúde;FMS/SMS;NA;NA;NA;NA;NA;SMS/FMS/ENTID/715411 - 23.065-0;SMS/FMS/ENTID/715411 - 23.065-0;1;Receita Corrente;3;2;1;5;0;1;1;A;S;N;S;N;02.1.600.1942;Transferências Federais;N;0;0,00;0,00;0,00;0,00;0,00;0,00;0,00;0,00;0,00;0,00;0,00;54,76;54,76;16/01/2026
1,71350216701046e+24;52935;2025;1;PREFEITURA DO MUNICÍPIO DE SÃO PAULO;Direta;84;Fundo Municipal de Saúde;FMS/SMS;NA;NA;NA;NA;NA;SMS/FMS/ENTID/715411 - 23.065-0;SMS/FMS/ENTID/715411 - 23.065-0;1;Receita Corrente;7;1;3;50;2;1;67;A;S;N;S;S;02.1.600.1942;Transferências Federais;N;0;0,00;0,00;0,00;0,00;0,00;0,00;0,00;0,00;0,00;0,00;0,00;100000,00;100000,00;16/01/2026
1,32105010103020e+24;52936;2025;1;PREFEITURA DO MUNICÍPIO DE SÃO PAULO;Direta;84;Fundo Municipal de Saúde;FMS/SMS;NA;NA;NA;NA;NA;SMS/FMS/ENTID/714917 - 22.974-1;SMS/FMS/ENTID/714917 - 22.974-1;1;Receita Corrente;3;2;1;5;0;1;1;A;S;N;S;N;02.1.600.1941;Transferências Federais;N;0;0,00;0,00;0,00;0,00;0,00;0,00;0,00;0,00;0,00;0,00;0,00;109,52;109,52;16/01/2026
1,71350216701047e+24;52937;2025;1;PREFEITURA DO MUNICÍPIO DE SÃO PAULO;Direta;84;Fundo Municipal de Saúde;FMS/SMS;NA;NA;NA;NA;NA;SMS/FMS/ENTID/714917 - 22.974-1;SMS/FMS/ENTID/714917 - 22.974-1;1;Receita Corrente;7;1;3;50;2;1;67;A;S;N;S;S;02.1.600.1941;Transferências Federais;N;0;0,00;0,00;0,00;0,00;0,00;0,00;0,00;0,00;0,00;0,00;0,00;200000,00;200000,00;16/01/2026
1,32105010103020e+24;52938;2025;1;PREFEITURA DO MUNICÍPIO DE SÃO PAULO;Direta;84;Fundo Municipal de Saúde;FMS/SMS;NA;NA;NA;NA;NA;SMS/FMS/ENTID/715704 - 22.972-5;SMS/FMS/ENTID/715704 - 22.972-5;1;Receita Corrente;3;2;1;5;0;1;1;A;S;N;S;N;02.1.600.1939;Transferências Federais;N;0;0,00;0,00;0,00;0,00;0,00;0,00;0,00;0,00;0,00;0,00;0,00;219,04;219,04;16/01/2026
1,71350216701048e+24;52939;2025;1;PREFEITURA DO MUNICÍPIO DE SÃO PAULO;Direta;84;Fundo Municipal de Saúde;FMS/SMS;NA;NA;NA;NA;NA;SMS/FMS/ENTID/715704 - 22.972-5;SMS/FMS/ENTID/715704 - 22.972-5;1;Receita Corrente;7;1;3;50;2;1;67;A;S;N;S;S;02.1.600.1939;Transferências Federais;N;0;0,00;0,00;0,00;0,00;0,00;0,00;0,00;0,00;0,00;0,00;0,00;400000,00;400000,00;16/01/2026
1,72450010110000e+24;52991;2025;1;PREFEITURA DO MUNICÍPIO DE SÃO PAULO;Direta;84;Fundo Municipal de Saúde;FMS/SMS;NA;NA;NA;NA;Rubrica de receita destinada ao registro do valor transferido pelo Governo do Estado ao Município por meio de Convênio relativo à Emenda Parlamentar 2025.058.71665 para execução de despesa de custeio.;PMSP-SMS/FMS/ Convênio SES/SP 1634/2025 Demanda 092099;PMSP-SMS/FMS/ Convênio SES/SP 1634/2025 Demanda 092099;1;Receita Corrente;7;2;4;50;0;1;1;A;S;N;S;S;03.1.632.1780;Transferências Estaduais;N;0;0,00;0,00;0,00;0,00;0,00;0,00;0,00;0,00;0,00;0,00;0,00;200000,00;200000,00;16/01/2026
2,42999012100000e+24;53000;2025;1;PREFEITURA DO MUNICÍPIO DE SÃO PAULO;Direta;19;Secretaria Municipal de Esportes e Lazer;SEME;NA;NA;NA;NA;Rubrica de receita destinada ao registro do valor transferido pelo Governo do Estado ao Município por meio de Transferência Especial relativo à Emenda Parlamentar 2024.035.56368 para execução de investimento.;Transferência Especial - PMSP-SEME-Estado/CDC Parque Bristol;Transferência Especial - PMSP-SEME-Estado/CDC Parque Bristol;2;Receita de Capital;4;2;9;99;0;1;21;A;S;N;N;S;03.1.710.1961;Transferências Estaduais;N;0;0,00;0,00;0,00;0,00;0,00;0,00;0,00;0,00;0,00;0,00;0,00;1000000,00;1000000,00;16/01/2026
2,41951017201002e+24;53003;2025;1;PREFEITURA DO MUNICÍPIO DE SÃO PAULO;Direta;49;Subprefeitura Sé;SUB-SE;NA;NA;NA;NA;Rubrica de receita destinada ao registro do valor transferido pela União ao Município por meio de Transferência Especial relativo à Emenda Parlamentar 2024.25200005 para execução de investimento.;PMSP-SUB-SÉ/Reforma da quadra Arena Bela Vista - 23.038-3;PMSP-SUB-SÉ/Reforma da quadra Arena Bela Vista - 23.038-3;2;Receita de Capital;4;1;9;51;0;1;72;A;S;N;N;S;02.1.706.1962;Transferências Federais;N;0;0,00;0,00;0,00;0,00;0,00;0,00;0,00;0,00;0,00;0,00;0,00;396381,15;396381,15;16/01/2026
1,32105010103076e+24;53006;2025;1;PREFEITURA DO MUNICÍPIO DE SÃO PAULO;Direta;49;Subprefeitura Sé;SUB-SE;NA;NA;NA;NA;Rubrica de receita destinada ao registro dos rendimentos oriundos de aplicação financeira em fundo de renda fixa do valor transferido pela União ao Município por meio de Transferência Especial relativo à Emenda Parlamentar 2024.25200005 para execução de investimento.;PMSP-SUB-SÉ/Reforma da quadra Arena Bela Vista - 23.038-3;PMSP-SUB-SÉ/Reforma da quadra Arena Bela Vista - 23.038-3;1;Receita Corrente;3;2;1;5;0;1;1;A;S;N;N;N;02.1.706.1962;Transferências Federais;N;0;0,00;0,00;0,00;0,00;0,00;0,00;0,00;0,00;0,00;0,00;0,00;2896,34;2896,34;16/01/2026
1,71350211800000e+24;53011;2025;1;PREFEITURA DO MUNICÍPIO DE SÃO PAULO;Direta;84;Fundo Municipal de Saúde;FMS/SMS;NA;NA;NA;NA;NA;PMSP/SMS/FMS/ITMAC/GAB - 21.890-1;PMSP/SMS/FMS/ITMAC/GAB - 21.890-1;1;Receita Corrente;7;1;3;50;2;1;18;A;S;N;S;S;02.1.600.1707;Transferências Federais;S;0;0,00;0,00;0,00;0,00;0,00;0,00;0,00;0,00;0,00;0,00;0,00;-19310,75;-19310,75;16/01/2026
1,71350211500000e+24;53012;2025;1;PREFEITURA DO MUNICÍPIO DE SÃO PAULO;Direta;84;Fundo Municipal de Saúde;FMS/SMS;NA;NA;NA;NA;NA;PMSP-SMS/FMS-ITMAC/GAB - 21.916-9;PMSP-SMS/FMS-ITMAC/GAB - 21.916-9;1;Receita Corrente;7;1;3;50;2;1;15;A;S;N;S;S;02.1.600.1716;Transferências Federais;S;0;0,00;0,00;0,00;0,00;0,00;0,00;0,00;0,00;0,00;0,00;0,00;-82715,72;-82715,72;16/01/2026
1,71350211200000e+24;53013;2025;1;PREFEITURA DO MUNICÍPIO DE SÃO PAULO;Direta;84;Fundo Municipal de Saúde;FMS/SMS;NA;NA;NA;NA;NA;SMS/FMS/SMS/ITMAC/GAB - 21.885-5;SMS/FMS/SMS/ITMAC/GAB - 21.885-5;1;Receita Corrente;7;1;3;50;2;1;12;A;S;N;S;S;02.1.600.1696;Transferências Federais;S;0;0,00;0,00;0,00;0,00;0,00;0,00;0,00;0,00;0,00;0,00;0,00;-135959,66;-135959,66;16/01/2026
2,41151210600000e+24;53014;2025;1;PREFEITURA DO MUNICÍPIO DE SÃO PAULO;Direta;84;Fundo Municipal de Saúde;FMS/SMS;NA;NA;NA;NA;NA;PMSP/SMS/INVEST/24082 - 21.893-6;PMSP/SMS/INVEST/24082 - 21.893-6;2;Receita de Capital;4;1;1;51;2;1;6;A;S;N;S;S;02.1.601.1710;Transferências Federais;S;0;0,00;0,00;0,00;0,00;0,00;0,00;0,00;0,00;0,00;0,00;0,00;-77236,68;-77236,68;16/01/2026
2,11201011900000e+24;53016;2025;1;PREFEITURA DO MUNICÍPIO DE SÃO PAULO;Direta;20;Secretaria Municipal de Mobilidade Urbana e Transporte - SMT;SMT;NA;NA;NA;NA;NA;Operação de Crédito - SF/PMSP/ Ônibus Elétrico-BNDES-Opcred SF 04/23;Operação de Crédito - SF/PMSP/ Ônibus Elétrico-BNDES-Opcred SF 04/23;2;Receita de Capital;1;1;2;1;0;1;19;A;S;N;N;S;01.1.754.1499;Operações de Crédito;S;0;0,00;0,00;0,00;0,00;0,00;0,00;0,00;0,00;0,00;0,00;0,00;-844419,20;-844419,20;16/01/2026
2,41951017301002e+24;53044;2025;1;PREFEITURA DO MUNICÍPIO DE SÃO PAULO;Direta;27;Secretaria Municipal do Verde e do Meio Ambiente;SVMA;NA;NA;NA;NA;NA;PMSP-SVMA/Transferência Especial - Aquisição gerador energia Pavilhão Japonês - Pq Ibirapuera- E. Federal 2025.41550001;PMSP-SVMA/Transferência Especial - Aquisição gerador energia Pavilhão;2;Receita de Capital;4;1;9;51;0;1;73;A;S;N;N;S;02.1.706.1953;Transferências Federais;N;0;0,00;0,00;0,00;0,00;0,00;0,00;0,00;0,00;0,00;0,00;0,00;297000,00;297000,00;16/01/2026
1,32105010103020e+24;53071;2025;1;PREFEITURA DO MUNICÍPIO DE SÃO PAULO;Direta;84;Fundo Municipal de Saúde;FMS/SMS;NA;NA;NA;NA;Rubrica de receita destinada ao registro dos rendimentos oriundos de aplicação financeira em fundo de renda fixa do valor transferido pelo Fundo Nacional de Saúde ao Fundo Municipal de Saúde relativo à Emenda Parlamentar 50410002 destinado a Manutenção da Rede de Serviços Públicos de Saúde.;SMS/FMS/ENTID/707992 - 23.240-8;SMS/FMS/ENTID/707992 - 23.240-8;1;Receita Corrente;3;2;1;5;0;1;1;A;S;N;S;N;02.1.600.1972;Transferências Federais;N;0;0,00;0,00;0,00;0,00;0,00;0,00;0,00;0,00;0,00;0,00;0,00;85,24;85,24;16/01/2026
1,71350216701061e+24;53072;2025;1;PREFEITURA DO MUNICÍPIO DE SÃO PAULO;Direta;84;Fundo Municipal de Saúde;FMS/SMS;NA;NA;NA;NA;Rubrica de receita destinada ao registro do valor transferido pelo Fundo Nacional de Saúde ao Fundo Municipal de Saúde relativo à Emenda Parlamentar 50410002 destinado a Manutenção da Rede de Serviços Públicos de Saúde.;SMS/FMS/ENTID/707992 - 23.240-8;SMS/FMS/ENTID/707992 - 23.240-8;1;Receita Corrente;7;1;3;50;2;1;67;A;S;N;S;S;02.1.600.1972;Transferências Federais;N;0;0,00;0,00;0,00;0,00;0,00;0,00;0,00;0,00;0,00;0,00;0,00;200000,00;200000,00;16/01/2026
1,12101010300000e+24;53091;2025;1;PREFEITURA DO MUNICÍPIO DE SÃO PAULO;Direta;NA;NA;NA;NA;NA;NA;NA;NA;TDM - Taxa de Fiscalização de Estabelecimentos - TFE;TDM - Taxa de Fiscalização de Estabelecimentos - TFE;1;Receita Corrente;1;2;1;1;0;1;3;A;S;N;N;S;00.1.501.9001;Tesouro Municipal;N;0;0,00;0,00;0,00;0,00;0,00;0,00;0,00;0,00;0,00;0,00;0,00;107,12;107,12;16/01/2026
1,11250010100000e+24;53095;2025;1;PREFEITURA DO MUNICÍPIO DE SÃO PAULO;Direta;NA;NA;NA;NA;NA;NA;NA;NA;TDM- Imposto sobre a Propriedade Predial e Territorial Urbana;TDM- Imposto sobre a Propriedade Predial e Territorial Urbana;1;Receita Corrente;1;1;2;50;0;1;1;A;S;P;P;S;00.1.500.9001;Tesouro Municipal;N;0;0,00;0,00;0,00;0,00;0,00;0,00;0,00;0,00;0,00;0,00;0,00;396,21;396,21;16/01/2026
1,32105010103020e+24;53103;2025;1;PREFEITURA DO MUNICÍPIO DE SÃO PAULO;Direta;84;Fundo Municipal de Saúde;FMS/SMS;NA;NA;NA;NA;NA;SMS/FMS/ENTID/710218 - 23.239-4;SMS/FMS/ENTID/710218 - 23.239-4;1;Receita Corrente;3;2;1;5;0;1;1;A;S;N;S;N;02.1.600.1976;Transferências Federais;N;0;0,00;0,00;0,00;0,00;0,00;0,00;0,00;0,00;0,00;0,00;0,00;85,24;85,24;16/01/2026
1,71350216701063e+24;53104;2025;1;PREFEITURA DO MUNICÍPIO DE SÃO PAULO;Direta;84;Fundo Municipal de Saúde;FMS/SMS;NA;NA;NA;NA;NA;SMS/FMS/ENTID/710218 - 23.239-4;SMS/FMS/ENTID/710218 - 23.239-4;1;Receita Corrente;7;1;3;50;2;1;67;A;S;N;S;S;02.1.600.1976;Transferências Federais;N;0;0,00;0,00;0,00;0,00;0,00;0,00;0,00;0,00;0,00;0,00;0,00;200000,00;200000,00;16/01/2026
1,12101020300000e+24;53113;2025;1;PREFEITURA DO MUNICÍPIO DE SÃO PAULO;Direta;NA;NA;NA;NA;NA;NA;NA;NA;TDM - Taxa de Fiscalização de Estabelecimentos - TFE - Multas e Juros;TDM - Taxa de Fiscalização de Estabelecimentos - TFE - Multas e Juros;1;Receita Corrente;1;2;1;1;0;2;3;A;S;N;N;S;00.1.501.9001;Tesouro Municipal;N;0;0,00;0,00;0,00;0,00;0,00;0,00;0,00;0,00;0,00;0,00;0,00;121,77;121,77;16/01/2026
1,11250020100000e+24;53116;2025;1;PREFEITURA DO MUNICÍPIO DE SÃO PAULO;Direta;NA;NA;NA;NA;NA;NA;NA;NA;TDM- Imposto sobre a Propriedade Predial e Territorial Urbana - Multas e Juros;TDM- Imposto sobre a Propriedade Predial e Territorial Urbana - Multas;1;Receita Corrente;1;1;2;50;0;2;1;A;S;P;P;S;00.1.500.9001;Tesouro Municipal;N;0;0,00;0,00;0,00;0,00;0,00;0,00;0,00;0,00;0,00;0,00;0,00;51,26;51,26;16/01/2026
